id;movie_id;premiere_date;premiere_date_worldwide;movie_title;genre_list;tags;actors;directors;distributors;writers;producers;studios;countries;languages;duration;budget;estimated_budget;marketing_budget;filmweb_path;imdb_id;boxoffice_viewers_week_pre_release_4;boxoffice_viewers_week_pre_release_3;boxoffice_viewers_week_pre_release_2;boxoffice_viewers_week_pre_release_1;boxoffice_viewers_week_pre_release_0;boxoffice_viewers_week_1;boxoffice_viewers_week_2;boxoffice_viewers_week_3;boxoffice_viewers_week_4;boxoffice_viewers_week_5;boxoffice_viewers_week_6;boxoffice_viewers_week_7;boxoffice_viewers_week_8;boxoffice_viewers_week_9;boxoffice_viewers_week_10;boxoffice_viewers_week_11;boxoffice_viewers_week_12;boxoffice_viewers_week_13;boxoffice_viewers_week_14;boxoffice_viewers_week_15;boxoffice_viewers_weekend_pre_release_4;boxoffice_viewers_weekend_pre_release_3;boxoffice_viewers_weekend_pre_release_2;boxoffice_viewers_weekend_pre_release_1;boxoffice_viewers_weekend_pre_release_0;boxoffice_viewers_weekend_1;boxoffice_viewers_weekend_2;boxoffice_viewers_weekend_3;boxoffice_viewers_weekend_4;boxoffice_viewers_weekend_5;boxoffice_viewers_weekend_6;boxoffice_viewers_weekend_7;boxoffice_viewers_weekend_8;boxoffice_viewers_weekend_9;boxoffice_viewers_weekend_10;boxoffice_viewers_weekend_11;boxoffice_viewers_weekend_12;boxoffice_viewers_weekend_13;boxoffice_viewers_weekend_14;boxoffice_viewers_weekend_15;boxoffice_viewers_total
1;08d8dccc-3a63-4fb0-840d-9ff6b1d1ffda;2020-08-26;2020-08-26;Tenet;1db1ac18-a83d-4645-9cb7-3c60a03012ba,d34b4e2c-74ce-42ab-b438-86fbbdcaee15,6a5af1f4-128c-4ca8-960d-3f0f36d29764;35,54,59,91;6f7a0331-ae9e-494a-8391-3f36af37fe9f,f0dbc7b8-1367-4de7-91b7-1f0fb63ab61f,f6054095-2230-498d-b0bb-46c39af7214b,816e4565-b3e0-41f4-9bb2-59cdac4b05b5,fd5fc687-25e4-4bdc-8721-dd61e689dd58,532748e9-7386-4c06-9f53-f0a2950a06ba,d4be0c82-fdc0-41b4-8d11-52798bb57611,7e4546e2-6f68-4857-bd4a-f74fd0b33354,e8461d5f-ac58-4b0c-ac1d-6e76140fd61a,8042f507-a5f9-4aa2-84c3-88cc511ab40a,75534374-75b8-421c-8670-322f7a85da64,5be8c202-474a-4034-809d-ff6327df3a35,be26323c-6fee-4678-94b6-caf3935fdbbe,724f1c21-cb7a-457c-b90b-d1b5029fcc06,e2b0e228-54af-42da-a4b4-eaf6aabcc38f,68c6f99e-8634-4f8a-944b-503a8baa8935;bf4e9bd5-07b7-4a92-bf41-15e78d7280b6;3a6ff2c0-9128-4bd5-a9db-42c78324f0d0;bf4e9bd5-07b7-4a92-bf41-15e78d7280b6;bf4e9bd5-07b7-4a92-bf41-15e78d7280b6,2fc45482-0ca9-4912-a474-de0e7c8de6fe,b1af87bd-d799-4ffe-b7ea-6d752c4d5823,cb950e2e-523e-4072-b030-d505c647fa9b,f6563f8b-01ff-42c4-b635-2c2179e6b042,688ccd44-ef8c-4ae4-af2e-aa143f661bf5,0eaa6139-0def-4c96-90bc-fee26768de30,770a0db5-2fe9-41d8-a2e8-f5718d4490b8,1fedaf6b-3d1d-434a-99cf-4862f57a7b5b,c45cf138-04d1-44da-8a86-0b19839ccf61,8e2b7ced-64e6-481c-a8ac-1576bbb43728,22445456-6d53-4d2f-940d-89fce1c714c4,14f7b9b2-8b6a-41d5-b277-2b8349cf0e81,36cc25ae-6321-4aa7-b22d-4eb0e78cd079;4f326f79-0d39-4152-912f-7a8dcc0b5780,10dc9e84-83b9-4849-9a98-68526df03f33;dcbf781d-54a3-4734-9b69-a7e119d59fa5;en;150;205000000;;;/film/Tenet-2020-831653;tt6723592;0;0;0;0;38766;98430;59044;36086;24791;22841;11173;0;0;0;0;0;0;0;0;0;0;0;0;0;0;54070;34576;20713;14567;12280;6828;0;0;0;0;0;0;0;0;0;291131
2;08d8e46c-5c19-4d39-8686-dc7809b23b36;2017-11-24;2017-10-20;Coco;4fc66943-7c2c-4e0c-a93f-8f7abb752c8c,15c0b1ce-34ec-4d67-ba14-0138c61d5b54,9a150cd3-6c32-4b58-b1a4-aea6992c564c;31;24a0c5b4-d17e-4b81-9ae3-c647ea40d44f,84614347-6796-472a-ad65-99a6072db88d,b3ae5fbc-7c6b-4ee1-bef3-d294e15e8b94,277cf92e-f456-4a87-9ec7-7b085354ec7c,769625d8-f339-4ddb-b001-42efc8c1c7cf,b1621259-bdbc-405b-bf37-63e402c51d69,5ec02d39-1478-4914-a34e-d23cd4f27cc3,d58a1340-42a4-4110-841b-594f4556391c;f9500e5d-bb2e-46e1-aafc-8aee1bf8866f,6052e524-cd94-4afb-b60d-a2bea3ccee4e;91706a73-a86c-42f4-814a-c5586e41903f;6052e524-cd94-4afb-b60d-a2bea3ccee4e,149e63aa-9e4c-4f14-bac3-0c2bac7ba338;35de97ba-48e1-44af-bebf-ec744d88b2fd,d5ba40c4-a8d9-49b2-98b6-1a2a27e242d9,60190374-7706-4c97-9ed9-7ce55e15f6f3;3c3fee43-f828-4c35-81d6-5bf009be4ca1,3fcd2651-f0ef-4b99-8889-6e95ee68ee05;dcbf781d-54a3-4734-9b69-a7e119d59fa5;en;105;175000000;;;/film/Coco-2017-752260;tt4686108;0;0;0;0;36462;160653;219440;131223;45824;39645;25541;0;0;0;0;0;0;0;0;0;0;0;0;0;0;118286;95548;103337;27713;7028;19201;0;0;0;0;0;0;0;0;0;658788
3;810efd02-9ede-4b74-a339-7e6887c28741;2019-11-08;2019-11-08;#Jestem M. Misfit;57366ac3-c349-4e55-ad5d-6f8061179e88,ddb001d6-ceea-480d-9c5c-6a3c3cd50eb7;60;83b93361-d217-499d-9187-85c6760e77be,bb1cfeef-bb13-44dd-8d8f-6d964f116f3f,4bb62541-7a30-4384-9725-d7c7fc7f65f9,f364e9f6-8ff1-4da6-9c33-e993cf637347,e2dc2ce1-2a90-465c-8a72-40aa2424cc7e,79adf48b-4926-49d6-9200-119053039338,41f6e708-45f2-4d95-93bc-41e971b2d773,3ccd3c1b-29a3-43ff-bed5-ef8a8abb3925,aae0902c-e310-4ae2-8cd6-77b59039f60f,c9e7399d-24c2-4ef8-9ec4-98789a0d87ad,ce56bf72-1e8e-4fb1-a71a-83006b1a797c;8699c3dc-2c4d-4b7e-804e-07c261dc9750;40be43ec-9db7-4ec8-b8a2-03903355aee4;a60a0444-bb65-4ccf-a89e-5f9e52415760;88bc1320-7f7a-4ca2-a4d5-6521557bf5b0,d99d8692-e907-4948-9c51-269feb262c62,e2a146c0-0b8b-4bad-a859-ff749e2ca751;6cf43114-cc8a-40fd-9d3a-58fae9c02c9c;c29315d3-7743-480d-ba69-783e11af73bf;pl;96;2000000;;;/film/Jestem+M.+Misfit-2019-841205;tt10996062;0;0;0;0;0;111499;57886;25678;18146;15504;10277;0;0;0;0;0;0;0;0;0;0;0;0;0;0;72991;44451;19635;7389;7794;5043;0;0;0;0;0;0;0;0;0;238990
4;aad9de19-fd64-4aac-870f-9f085d6cdc54;2016-05-06;2016-04-28;#WSZYSTKOGRA;57366ac3-c349-4e55-ad5d-6f8061179e88,cc52ba6b-afe8-4521-b7c0-616ddb3a023d;;44f46255-6897-4d91-9e50-06f8f4aeb3ed,d22d00ee-112e-4325-88cb-d3bdb530a908,aaaac62d-5832-4cd5-9f7d-01aa2ce22c59,c5ce6fdd-abeb-4dd3-b10a-f6e10db8a75d,9ceca586-502b-4479-bfaa-f57ca2be40b0,1d68c724-1cb2-4cd5-991a-54da2e924e4f,66d25762-f596-44e2-96e7-c042b8bfdc40,3cb5ea29-3c19-48c7-aecf-80a108a398ee;a2580980-9510-409a-a74d-219e4a5a91ca;bbcbff15-ab9a-42f4-a7e7-3534672666e2;91a9bc76-5f1e-47c4-bda2-0dd65f264e2f,a2580980-9510-409a-a74d-219e4a5a91ca;2d711f2c-2322-455b-833a-3c5e9f14862a,c365ba5b-d0e9-42cd-9da1-1640f21443b6,01f1bd99-1716-47f0-b936-7f35235c18df,545edf90-04c9-45a7-bd41-981398d65d70,27d46ad5-3c01-45ca-9aa8-146a917b5abe,6f0c8120-71e5-4b0e-9204-538994cac0c9,2b512eef-fd7e-4fe5-96c6-9f9c482f5089,3bb499b6-720b-48fe-bd73-accb3d7283f4,6075a216-5925-4fee-9b01-2a7e932f1113;5f2c3d88-0cd2-4a58-a909-17d9110f614f,b98cbee9-2e31-4585-9d03-0811f650d126;c29315d3-7743-480d-ba69-783e11af73bf;;91;2000000;;;/film/WSZYSTKOGRA-2016-751665;;0;0;0;0;14611;68059;50311;18448;5628;604;444;0;0;0;0;0;0;0;0;0;0;0;0;0;0;35506;29388;9456;3330;382;222;0;0;0;0;0;0;0;0;0;158105
5;ca224f51-05e7-4533-9801-195a155f7406;2019-09-27;2019-09-16;(Nie)znajomi;f0506edd-d123-41d3-ad36-1d31a8bb23b8,57366ac3-c349-4e55-ad5d-6f8061179e88;12,45;3764579a-f87f-47c5-8fd0-57ee0087022f,fef5da93-4163-44c6-a9bf-885a18f83c5d,4917483e-c6a1-4fca-b8e9-8dca1719e27e,f8e7a5e9-1f50-473b-b8e2-14ad1acea269,4cffefd2-c31d-4f87-a157-902c8ae96a73,dabe4653-c195-4d29-8407-28c44b2ff1d4,347ec2de-e6e6-4791-bfc8-3707f503fbc1,25188137-6c92-4670-af8f-23ae9516e761,1958de62-f0f7-4b27-935f-8f74467b880e,18697f02-89f2-401f-8ec4-cda5e4133b49;9c2545a3-322a-44c8-b50c-7702fb64b7d8;40be43ec-9db7-4ec8-b8a2-03903355aee4;1bbe8a00-4148-48ec-ab22-0cccc70dad04,9c2545a3-322a-44c8-b50c-7702fb64b7d8;4917483e-c6a1-4fca-b8e9-8dca1719e27e,347ec2de-e6e6-4791-bfc8-3707f503fbc1,8badbb5e-f933-43a6-8db9-8f925fd5eddd,12edb623-f1bb-47e6-a411-c69d3814072f,a8455414-be84-49f4-820f-761630d88a07,b8a089c1-493f-4f7b-a435-ba67e42c4e91,450889bf-bf2c-43ab-81c6-47122af0f208,d414ba98-72d1-4ad7-9b9a-44e6f43c048c,bfc1f465-8b04-4f46-b329-cbadeb3321bf,1bbe8a00-4148-48ec-ab22-0cccc70dad04,1bd5f6d7-d738-40e4-b280-a1f3096cd202,2a4654c9-6fdd-49b1-8b9c-6468da350829,aeff9ab1-2692-4664-9f25-acc4b1d82198,71e9bd5a-56ea-4424-9541-7b8d10c9d10b,4a96fabb-5ac1-4d4a-8664-970f3d9b98d8,11bc744e-18a1-42d8-ab06-f46bdccee9f4;dd435b83-fcaa-4743-bc04-3d9a66244c8d,5fb60f40-08ec-4bd3-bab1-821a2e9cdc4d,f49b2cd1-fe89-43ec-aa32-a226e06b3d27;c29315d3-7743-480d-ba69-783e11af73bf;pl;103;3000000;;;/film/Nieznajomi-2019-830289;tt10518924;0;0;0;0;22218;212337;188956;111200;57278;25805;20227;0;0;0;0;0;0;0;0;0;0;0;0;0;0;110396;120529;70093;36837;15325;12351;0;0;0;0;0;0;0;0;0;638021
6;6193f650-876d-4307-85c9-24457bf97478;2012-04-20;2012-03-09;[Rec] 3: Geneza;d31939d6-e42e-40f4-8e25-f18e47a1e035;94;24683ab9-9da5-422a-85c9-434fca45d039,1775bac7-9807-4631-872b-e127d9e34f30,0f97463a-e358-47d8-9c5d-398052d2ce41,6208ec3f-5dd5-422f-8dcf-18bc6a135009,a9858098-8a6b-4d03-b132-c45cec3fa6ce,0fbd8b8a-b195-4243-99f8-ba88697413a3,467e5f58-e781-44bb-9e18-85fd4c93a09a,e2262109-fc14-48c2-9187-e1ec5815886e;dd07d45f-af32-4f07-9f4a-f4f3c655b7aa;e71270d1-d648-42e8-b1cd-58315299e461;dd07d45f-af32-4f07-9f4a-f4f3c655b7aa,bbb5aeea-305b-45f6-974c-d977e67a5c87,01c7fc6d-658f-492c-b358-31b7e45ac11c;6666ebb0-5faf-4398-b050-f8cb59e39da6,9e3159cb-3a98-4ab5-9b38-337d057f8528,207e931f-1c1e-41bd-86ad-a5bc20f94494,256c31db-b149-42a3-973f-08d2ec8a3b29,e1119c8a-06ca-4aa6-aefa-e92e2e76af59,367df946-90be-43e1-ac80-6281382c35d4,50c59031-bd1a-418e-89b6-9eb37ff8bee7;e0d45b0f-72c9-4e3c-b22d-b9df108edf2b,3a716449-73c1-4a03-b48a-44233a847d68,0a7e3cb0-0f64-4992-b9fd-c9f453db1a91,fabf9fcb-f2be-4b59-914a-6b5c582dcc42,7a6fdcd8-13be-4146-a725-07ba9c6fcd18,a714b7a8-e815-466b-9d39-c1c593d66af4,198879f7-44b0-4498-89ff-e42e104e2413;;;80;4000000;;;/film/%5BRec%5D+3%3A+Geneza-2012-544033;;0;0;0;0;428;31424;11031;7796;3575;1096;786;0;0;0;0;0;0;0;0;0;0;0;0;0;0;20875;4667;4159;2264;758;393;0;0;0;0;0;0;0;0;0;56136
7;959d4101-9d86-4347-8796-5a6d77b60926;2014-10-31;2014-09-09;[REC] 4: Apokalipsa;d31939d6-e42e-40f4-8e25-f18e47a1e035;;610d80bb-9d57-4a49-b7cc-54efcf203f1f,524621dd-1d36-455c-9a4f-b811ed47aa2b,60b3ad56-70a1-4011-b994-56dc9acd602e,22b566b9-d178-4a5f-b62d-1ea2073070a2,435d1759-19f6-4a70-b1cd-1bfa6c894688,4b0e908d-047b-4ba3-9383-8e2eedd1f5e5,3441b169-2b35-4ead-906d-73f3fd09b73c,74d8a569-fc35-452a-a443-7343f03faee0;efc79f2c-ca9d-424b-b373-286c7f8a77b3;e71270d1-d648-42e8-b1cd-58315299e461;efc79f2c-ca9d-424b-b373-286c7f8a77b3,cc1914ba-02a8-47b0-90b8-1ca0c375f97f;6666ebb0-5faf-4398-b050-f8cb59e39da6,e1119c8a-06ca-4aa6-aefa-e92e2e76af59,367df946-90be-43e1-ac80-6281382c35d4,50c59031-bd1a-418e-89b6-9eb37ff8bee7,693fe58d-c999-4c63-8596-c08fd513cef3,93af3466-aca0-4e08-adb1-e1f772ae370f,5a5ae86e-ea6e-484f-ad1c-f409ceae0747;3a716449-73c1-4a03-b48a-44233a847d68,e0d45b0f-72c9-4e3c-b22d-b9df108edf2b,e2234e96-d950-4443-b324-e3981011b4f1,a714b7a8-e815-466b-9d39-c1c593d66af4,198879f7-44b0-4498-89ff-e42e104e2413;;;96;3000000;;;/film/%5BREC%5D+4%3A+Apokalipsa-2014-567829;;0;0;0;0;0;34948;7906;611;611;610;0;0;0;0;0;0;0;0;0;0;0;0;0;0;0;29645;4190;306;306;305;0;0;0;0;0;0;0;0;0;0;44686
8;af5ed6b7-e7f6-4288-b6d2-43eb3eb0f53e;2019-11-01;2019-05-29;0.0 MHz Częstotliwość opętania;d31939d6-e42e-40f4-8e25-f18e47a1e035;15;309751bd-6f2e-46f1-92d0-3c81aab074c8,cc7d62cf-9931-434b-ad3c-43aef58ddc3a,04e6326a-b4ad-462f-9a48-d0969cf0d46d,7d0c2320-d253-4669-bd8a-ddb08a53f8bc,d4d028a6-7761-450f-af0f-92b8539529cf,c47e8acd-9495-4f29-8471-20bebfae6cf3,8bce77ab-f6d9-45fb-93b7-c2f269f3cf40,a9dc28dc-b6c3-4ec2-831d-65701f347698;d5f7d0aa-6d39-451a-9b4d-c77739d554d0;df9dfbab-c133-4f86-bcf9-65c30130af8b;d5f7d0aa-6d39-451a-9b4d-c77739d554d0;;;;;102;1000000;;;/film/0.0+MHz+Cz%C4%99stotliwo%C5%9B%C4%87+op%C4%99tania-2019-827569;;0;0;0;0;12352;0;0;0;0;0;17;0;0;0;0;0;0;0;0;0;0;0;0;0;0;0;0;0;0;0;8;0;0;0;0;0;0;0;0;0;12369
9;7e154f68-4d17-44e0-939a-a24b6dd68edc;2019-11-08;2019-07-17;100 kilo do gwiazd;15c0b1ce-34ec-4d67-ba14-0138c61d5b54,57366ac3-c349-4e55-ad5d-6f8061179e88;12;cceda065-3790-484c-baef-24a1f8e5509f,f458b208-d615-4652-803a-d8910a042257,310b8fb0-febc-46bd-8f62-2d086388aecf,ac528d88-db1c-4300-893b-bf46c433967e,45f7dfd9-d48c-46c3-8808-4f1a65e05023,40069e99-bcf3-452d-bb5c-6d45139f6364,cc531608-f698-4081-bc93-432689cd8a7d,e15851f1-7417-49d4-9788-3dc8f8a4bd35,1e5970bd-58e8-4633-aa06-2a0b23b573a0,1c6352a6-0257-4bcb-a5c7-ea7a2811c3cb,6290849a-e95e-4fc8-80df-97139d04e765,78c259bf-691b-4a4a-af4f-185187d4e5a3;d3e027e3-5d3c-43a0-b85c-47c54d699839;d8edaed4-aa2b-4b31-8916-c373eaa4ad97;d3e027e3-5d3c-43a0-b85c-47c54d699839,0a477772-5d00-4e67-8807-a98acf6ff9ac;c75ef767-f2c3-4112-bba7-80611a26d08a,e52a504a-82a5-4171-bbca-a37191c52309,a20debb2-7f2d-4ac7-944b-856467162656,2bf2baff-2906-49d6-8794-70929b798d4f,4de66d9a-02b2-401c-8d9c-f5d97e5bdff4,e4968448-2193-4b5d-b635-521e535849de;40a6ab76-9c49-4bc8-b762-1b34239ee4ce,85b0c869-66fc-4018-ae24-cc9f833e9a2c,a3252caa-9b04-47f7-a621-b1c7d94deb3e,4847adb2-ec5d-4c7b-a8a7-e3fb8a62b5d0,bc5ec647-aa87-45ed-84e8-aa4e7ad24113;51d9043b-068a-4a31-a0fb-74719a5a6a11;fr;88;1000000;;;/film/100+kilo+do+gwiazd-2018-833094;tt7501966;0;0;0;0;209;359;226;9;316;246;245;0;0;0;0;0;0;0;0;0;0;0;0;0;0;310;119;0;72;123;123;0;0;0;0;0;0;0;0;0;1610
10;8946c764-3d7e-48e3-b2dc-2116dc11f66d;2014-08-22;2014-03-10;10 000 km;1bc8cbbe-fb9e-490f-a24a-e54e6013de4e;;99c521f5-1220-4548-a3ad-e4733aa3aaa2,f8c852af-54e6-4a4e-8888-9609d54aa81b;26d1e669-c4f0-4238-b654-dc53886b5f42;43f94a4d-076d-49a9-8d94-b44243057ea8;26d1e669-c4f0-4238-b654-dc53886b5f42,5128bf97-907b-421a-92d3-f1614f214bfa;e6502fb2-d816-4857-b3d6-2f805dd277a7,320515cb-16d1-4c8e-ab04-2014eac95280,736743f9-a362-4dfc-9293-a5b152766c9a,c8b6c7be-daa5-449a-b373-36790678c319,26d1e669-c4f0-4238-b654-dc53886b5f42,ca50d04c-89b0-44dd-98b6-5fcb0042f2fa,c5625be5-2d9b-452c-b1e0-138bd96aa808,9f33cadd-6c37-4c1e-8fe8-fff60dca0648,5ce0a557-a69d-4ced-992b-98a7d0422490,dd1e6884-8ea8-45e9-90fe-dff5d6de1795;8cf3b008-9294-4211-a326-8188fcf3e79c,0b1e85f6-f537-4c90-9eef-5fbe47b6801e,198879f7-44b0-4498-89ff-e42e104e2413,847691ea-e371-4a85-8ace-94141653e835;;es,ca,en;99;1000000;;;/film/10+000+km-2014-696271;tt3114132;0;0;0;0;0;1594;775;284;147;0;0;0;0;0;0;0;0;0;0;0;0;0;0;0;0;743;312;92;147;0;0;0;0;0;0;0;0;0;0;0;2800
11;dad81025-b4ed-4b4a-b86c-b606436e32ed;2013-06-14;2013-05-01;1000 lat po Ziemi;9a150cd3-6c32-4b58-b1a4-aea6992c564c,6a5af1f4-128c-4ca8-960d-3f0f36d29764;;6312d1dd-c2b9-4519-bb18-c1c8bd6e7c5d,3555b0c6-b7a2-45a4-851a-8ffe675a5e87,890918f8-a1b9-4f1e-98a9-19ceca00e59c,f86de074-f96d-4370-9ca6-bce75e54ea32,93970433-551c-41f4-9aed-24a2455a3a31,803421b7-5388-419b-b9df-26f67550375f,124629cd-3ed8-4852-8218-ceb4bd9defe8,6bbb5901-46b0-498c-9c82-c9de6d0ac5e2,04e98342-d5ae-458c-a5a0-e699f2684b3f,9c27e508-609a-4e43-bf20-3628bcff6b5f,96e85e2e-ebc6-4cd2-b356-9830636b2a27,c9885fcf-a7a5-453c-9841-31d01458d420,ba77686e-9011-4262-90c4-c852e0de8cf3,045a4496-aa38-4d0c-b679-6802492edf7f,21458a48-500f-452a-b7a6-73418a68106e,1ac19c14-4832-47d5-b5d3-a404740bb4c7,b50a3146-2acc-4034-acdc-efa368abd089,563dffa1-d237-495a-a67b-e6d8c36eca6a;19e2a33c-ab03-401e-a753-b410dee4d855;f44346b1-d6b2-41b4-876f-1b6682aad3ab;8b94dfe7-eb0e-4043-a6d3-7ca7896292e8,19e2a33c-ab03-401e-a753-b410dee4d855;3555b0c6-b7a2-45a4-851a-8ffe675a5e87,a58e5800-66e6-45cb-91f0-72ba1cfdbdeb,19e2a33c-ab03-401e-a753-b410dee4d855,16fb4002-ae57-4f68-913d-f5acf1278028,9fd32dde-8cb1-42b3-8111-9b7733c5e3b2,e98c60ee-d43e-4f62-9426-4b6f42424c51,8b799bf7-4403-4ffe-9d92-68fb97761bf7,cbf62fc1-fb08-4c55-98cb-d0cfad4ae22d,88d13969-f6fc-4f4c-87f6-587a14ab9f2a,6f88015c-eb87-45f4-903c-55caf2c39202;226bcf6d-8cdd-4700-b0c4-d629c8ebf5ba,67d841f8-7a36-4aaf-a11b-1555e87e3d82,68decbc5-506c-4bbf-94bc-35e4aff22007;dcbf781d-54a3-4734-9b69-a7e119d59fa5;en;100;130000000;;;/film/1000+lat+po+Ziemi-2013-602585;tt1815862;0;0;0;0;0;90651;83326;34205;12268;7757;1199;0;0;0;0;0;0;0;0;0;0;0;0;0;0;49219;33339;20779;5839;4568;929;0;0;0;0;0;0;0;0;0;229406
12;b5946e5f-7042-4860-ab8b-0bc066839142;2015-10-23;2015-09-09;11 minut;1db1ac18-a83d-4645-9cb7-3c60a03012ba,10733816-1bc2-4e92-a7ea-b96846b4d54a;;28fddb8f-3252-48c1-98c5-5db339469265,be39a95b-6f7b-4bb8-8d0f-c368c25f05e5,d5d7a678-b453-4f36-a1df-834118846482,deeb867e-85de-4d8a-b388-f0c49ebd4447,6ea0e452-6628-4164-aa29-e15cada805b3,a52df8a8-0958-42a6-90a3-6b2be442af09,7c8f7cf3-d0c7-43c8-8e44-34ab6ba4c66f,2f3ca747-2b36-412b-85cd-210ac0d50d6f,b0f7306d-cee3-4a6e-9205-3da9f3f66ce0,e6ad9046-1058-4ace-9516-58f8b8221304,838ce02f-8c1c-4ef1-abab-29c81b3977b7,4b451762-1fee-4406-a526-4b89b8a9b90a;a5d648e2-7e9d-438f-85d4-86d024da31c9;e71270d1-d648-42e8-b1cd-58315299e461;a5d648e2-7e9d-438f-85d4-86d024da31c9;a5d648e2-7e9d-438f-85d4-86d024da31c9,84eee3d3-6895-4154-939d-6823b8fc6b35,4f1692ec-907a-4ee1-90b9-613a08ac35ee,a3a2a421-f08d-4baf-bd6c-0d18619b7a8f,fad17460-f035-454e-935d-cb803fad8ab0,0c186ae6-68c1-44d3-9057-79167cbc81bf,c7464c0a-b127-424e-a472-7f9d17a02e7d,5d4b0e4e-3090-49e6-bead-827b2cbe6ce6,21995ff8-1e88-499f-b8a7-8cb200f42f6b,c86c7253-362a-4c77-a6c4-7e6d3a02f433;35e1484f-ed61-4699-9685-83df0c66ea9e,c0226ee6-d6f6-4163-a4a1-7db15e16e185,a61b482e-9563-4612-bc75-6bd9a53c09cc,bcfcf40d-1131-4989-a099-ffbca8feeaeb,89ad5df6-97ce-42a3-ba36-adea77c1da66,5f2c3d88-0cd2-4a58-a909-17d9110f614f,2f4cd58f-cafa-4a68-8fd2-b14269268e09,3a0d04e3-6372-467e-9896-87056e966925;c29315d3-7743-480d-ba69-783e11af73bf;pl,en;81;8780520;;;/film/11+minut-2015-695453;tt3865478;0;0;0;0;1861;59447;29741;20025;8710;1849;1849;0;0;0;0;0;0;0;0;0;0;0;0;0;0;35358;14777;10886;4817;925;925;0;0;0;0;0;0;0;0;0;123482
13;74c86cc7-fc56-4261-aa1d-98bad5d52c9a;2014-04-11;2014-03-07;13 grzechów;d31939d6-e42e-40f4-8e25-f18e47a1e035;;06e79572-c067-458f-9a18-b5f35198965b,831a1051-c048-4ae0-9967-2b793d2f82a4,5aafaf54-7390-43fc-aa71-d2486b2cbc98,84ad3095-7f34-4376-bf9c-1e66738f333b,26ecd1bf-f797-4879-91b2-573f12066637,854fbe81-33af-4cd2-a63e-0c5610065c3c,0bc4523d-f5f4-48e8-a379-48d74a96133c,33e3a235-49d9-4cbe-ae88-2f28f6966e21,0e0f1292-7b79-4d96-a343-9ad70207ea67,3741aa3e-611e-4152-8668-a195b05810ab,cb431387-5810-413d-b6be-77e957e7de3c,ea0f092e-bb87-49df-a52c-9d818e5a6667,5f1681d8-1dfc-4673-84d8-1ad6470abfd7,b06b6880-e8ac-49f8-a5c1-42a3ed040ff5,20c5cd0f-a8d2-4f84-9ce3-17bcdeb4515b,4cc8aab8-f345-4361-93cc-5c8a573d06c4,b584d4a7-0c10-4f70-a2cb-03912e3483a6,f034bbc3-d7e3-42c8-8c26-51ba98a792b4;c50a39ad-127a-48d5-ae4a-1925c85b18fd;e71270d1-d648-42e8-b1cd-58315299e461;97fca4de-b32c-4024-b877-a1b36d38e317,c50a39ad-127a-48d5-ae4a-1925c85b18fd;d317d6c5-cab4-4a9b-916d-afb2a47b288a,50c81262-d668-4b33-bc55-f4fa530ab778,6d950aba-25cd-40c5-aaa0-a1a5b507a8f5,c8a1bfaa-8729-4094-ab7b-df7b3dac174b,33eeb4d4-c6ea-4245-bb7c-92207de1bc34,603f5f82-7ba3-4fc6-8d01-4883dced311b,976808da-53e7-4bb6-b507-ed67e470071f,34390339-1317-43cb-987f-f0f6005bee02,aadca491-f143-4cd4-a083-5a0fe0137433,d53e9437-f1b4-4d23-83a7-75b450746d96,59c8b587-d549-4986-87a4-fa9bbbf540a8,51b65ee4-e50d-492d-afa7-d5a994bc566f;214f5b4b-65ab-444a-a639-61e6c4a1aeb9,eb351283-eeea-4e93-88ab-2b2c0438daf8,1596166b-0ab3-46a8-b956-dceb3e6acd4d,23818449-1ee3-4d11-9815-eb2dcf96ee0d;dcbf781d-54a3-4734-9b69-a7e119d59fa5;en;93;5000000;;;/film/13+grzech%C3%B3w-2014-671554;tt2059171;0;0;0;0;0;10351;1387;275;190;190;190;0;0;0;0;0;0;0;0;0;0;0;0;0;0;9603;567;138;95;95;95;0;0;0;0;0;0;0;0;0;12583
14;5f35b42d-65f9-4b3f-a9b9-721d0dd596b4;2016-03-25;2012-04-12;180 sekund;d34b4e2c-74ce-42ab-b438-86fbbdcaee15;;215b9fa2-6b39-4a82-aee6-14732c5559ad,cf23d38b-0184-4152-958c-87b2c92fba1d,aef9e720-464a-43ac-a25a-c0307e0c174f,8da33375-54a7-4eb0-bd68-9ca292220139;d510595a-6ca9-4278-b9aa-ac3f1b6b1466;f4b55c4c-9fd2-4c03-94c8-94c595093805;d510595a-6ca9-4278-b9aa-ac3f1b6b1466;c38189a7-aab8-429d-9990-171ba2a571de;032e3018-bd11-4e6f-a5d5-1bcc18fa4caf,1dc2136b-c5a8-4971-862e-4f440a03eb11;;es;90;2000000;;;/film/180+sekund-2012-658191;tt2379651;0;0;0;0;37;216;108;27;0;9;8;0;0;0;0;0;0;0;0;0;0;0;0;0;0;194;78;27;0;5;4;0;0;0;0;0;0;0;0;0;405
15;9c0e228d-e59b-401c-9a64-8e60dab17aa8;2019-11-15;2019-11-12;1800 gramów;cf603e2c-4964-40f0-aaf4-d2e082a07d77,73cf83a5-6b71-4792-8b19-211604a46f59;12;3d491d6f-a043-47d6-9988-fbadd05360f1,d5d7a678-b453-4f36-a1df-834118846482,50b609bc-701a-4ef8-8e88-13bb47292762,1abf1bb3-ac3c-4e25-a173-be9aa3182411,1d68c724-1cb2-4cd5-991a-54da2e924e4f,501c3a4a-16bc-4f9e-8758-f527974e0d11,53c874d9-0ea7-4ee7-a41f-ca6a8deddffc,7aeea475-b159-4563-ab6d-2aff4cf9595c,e3d7a6bc-a98c-4c9b-af9e-a33fb1e5660f;80feedcf-ff04-465b-9c74-1dd4045ed15d;e71270d1-d648-42e8-b1cd-58315299e461;92d08c1c-c091-41ed-8675-d96da0ed4c7f,18a0230d-7b19-4352-bcde-b39a1fcdf512,d75bdf25-ec0e-49f4-9a31-a6b7aecd010d;5c2cae31-5b56-4772-8e13-e886e2211b22,ee047447-6b2f-46ec-ad56-c26799dafa04,5b0fc603-d19a-4ad4-b261-cb26df2509ef;b0a8f3b4-ce92-4a0d-b482-8fe195db88ff;c29315d3-7743-480d-ba69-783e11af73bf;pl;100;3000000;;;/film/1800+gram%C3%B3w-2019-828357;tt10129040;0;0;0;0;5873;215386;163989;64597;40829;27118;4012;0;0;0;0;0;0;0;0;0;0;0;0;0;0;126591;100183;37462;25242;19611;3448;0;0;0;0;0;0;0;0;0;521804
16;1ebd04e1-25b5-4e98-9078-32b4f94f11c2;2011-09-30;2011-09-30;1920 Bitwa Warszawska;f0506edd-d123-41d3-ad36-1d31a8bb23b8,ddab39a0-2223-4d0a-90b9-63c057a4d810;;9ffa652c-852d-41c1-bc51-27b9601fa4c4,347ec2de-e6e6-4791-bfc8-3707f503fbc1,f52195da-b082-4006-9347-5488ed69d061,94db4818-fcf6-4ff9-ac46-f73a87d2cfd9,8a4c9765-9166-43ae-b806-92d0113274b6,a1d7f90a-3db3-48d7-88e5-289fd8999fc8,81c1d758-af4d-4295-96aa-09b7bcde94bf;defc62f6-58e9-4c8d-a45c-0869cacaf98e;34b67685-59b6-4f6e-b120-d5a4616fbe1c;3271cd79-3bf0-4d07-9db5-8b1bb528a586,defc62f6-58e9-4c8d-a45c-0869cacaf98e;e236ab2d-da91-428f-9901-9f2a96e3f558,67c87646-0eb8-41a4-a068-a086fa5c3e24,cb3259fb-b813-4804-b202-233032d3b13f;bcfcf40d-1131-4989-a099-ffbca8feeaeb,5f2c3d88-0cd2-4a58-a909-17d9110f614f,21247982-f0af-4d61-9b97-e052c1f6b908;c29315d3-7743-480d-ba69-783e11af73bf;pl,ru;110;9000000;;;/film/1920+Bitwa+Warszawska-2011-562632;tt1783244;0;0;0;0;0;412653;395175;254406;184917;79992;77316;0;0;0;0;0;0;0;0;0;0;0;0;0;0;214915;190121;106313;79029;43613;26874;0;0;0;0;0;0;0;0;0;1404459
17;2f7a9f20-b31a-4284-943a-d41f874fd053;2016-07-22;2016-06-21;183 metry strachu;f0506edd-d123-41d3-ad36-1d31a8bb23b8,1db1ac18-a83d-4645-9cb7-3c60a03012ba;;9b51461f-2610-4912-bca7-98a6e66190cf,fbaeaa49-4150-42d0-94c1-0e0f5f4cd6e7,226f4e80-4b59-4192-8151-d3d671d1f39c,570a21c7-26c2-417e-8707-2baae7fb03ae,08b75155-d431-4080-a240-fb6971cc6d09,a4725590-be8c-4a32-b301-9055347ef205,8d581237-3928-4091-b091-47863f093bcc,94c7d068-e0ad-48e5-a7a6-05da0a45a65c;4c490420-9809-4984-91c6-ce993460396d;f44346b1-d6b2-41b4-876f-1b6682aad3ab;fb0e847a-636d-46d8-9c71-d218ce3367f6;cd3ff78e-df6d-498f-bead-c3b2bcb39ee4,4c490420-9809-4984-91c6-ce993460396d,a3b0d42d-c379-4e54-aeed-bd62bfbfa73d,615fcf83-54d8-4775-b2d6-7fc9fd424805,04276c1b-56bb-4c93-8c66-62a7cab15a67;226bcf6d-8cdd-4700-b0c4-d629c8ebf5ba,9d8b0026-e5c4-4834-8b3f-4483fa3ca897;dcbf781d-54a3-4734-9b69-a7e119d59fa5,7bc66e23-af7a-4d1d-a72b-b745f9c430d4;en,es;86;17000000;;;/film/183+metry+strachu-2016-741189;tt4052882;0;0;0;0;0;33857;21620;6840;1218;132;132;0;0;0;0;0;0;0;0;0;0;0;0;0;0;16022;9623;2848;542;66;66;0;0;0;0;0;0;0;0;0;63799
18;9a490717-4c56-4a3d-842a-e04e998a1bdb;2012-06-29;2012-01-23;2 dni w Nowym Jorku;57366ac3-c349-4e55-ad5d-6f8061179e88;;3727b413-e0b4-4738-867a-f4669cc3c96c,036b17a0-c99c-435f-a0db-8043fa51845c,1afbf083-3f9a-490c-80fb-9ca2c8714737,a0cb93eb-2c72-48f0-852f-00cc502382ef,0ead448e-3eaa-4406-8335-7277cbece46a,12b3c861-e828-4182-b6ed-6f83883ccd16,ec116c40-ca3c-48bd-a981-2a3a700f2404,fdfd99e0-a6d7-4684-b8e5-2d6725f38140,cd7c57df-2a4c-4cd2-8edc-a66c8027718f,7e6de4ef-97d9-4b82-9b27-a7ee0dd2571d,3b630f7f-d04d-444e-9eb0-8e63c045384d,79df65cf-b9ee-4b98-a735-d0c2250fbdd2,2eab1309-d772-45d7-aea1-aa0980174519,599847d6-0257-4905-b4e4-7d7da4adf7f7,13f1d627-4f8b-4381-99cd-964f95538673,11baeace-5a1f-44b8-b0b5-e57a213d8c26,42f90fed-1bd2-4e04-87e1-80c198051503;036b17a0-c99c-435f-a0db-8043fa51845c;e71270d1-d648-42e8-b1cd-58315299e461;036b17a0-c99c-435f-a0db-8043fa51845c,a0cb93eb-2c72-48f0-852f-00cc502382ef;036b17a0-c99c-435f-a0db-8043fa51845c,80414b4f-565c-437d-a724-e66864133c1f,6a9b9cd1-36ca-4bed-bb6a-83ad2953e326,9b4b3486-1029-4dd2-bdf3-480c275c7f09,5505995f-4f94-4411-852f-0dd3a9a929bb,09c61dca-9d20-4ba9-a966-4a3b5bb5aa28,e2ee90ac-0ddb-45f5-bd5a-40d2470e685e,3efc4913-c976-422b-ba08-08bee7fd118b,703f5da7-c70d-4022-8872-6bad825c7d9d,c06844a6-84b2-4bf6-82d1-486dd18997de,4327ad9c-ebac-41e9-b369-7b6390a0eb4a,9e5f32a8-5d60-4a24-85b3-ff9c8de966a6,5dcd9444-429c-432d-90b5-c0552cd47eca,2bf2baff-2906-49d6-8794-70929b798d4f;14a838f1-7c83-4e15-ac7a-69660e7309b4,68f20116-0ab1-408a-acf3-60b0c5a2f9ca,d800f019-f2db-41d8-9b02-ba9ddc8c2d89,193fc4d9-c290-43cd-a3d3-0cd55d723856,f71ed295-64d3-44b2-a509-678483ee1e8f,d417a7c0-626e-452f-98a8-fafc20153cbc,45d5cf7f-0ae5-4392-bc12-5670db10f72c,29495a7e-c935-4c02-a21c-2a027f680d32,1434285d-af60-4e01-9752-e712ea5e0b2c;51d9043b-068a-4a31-a0fb-74719a5a6a11,6614b794-9b07-4de2-837e-3aba6098ec7a;en,fr,it;91;7000000;;;/film/2+dni+w+Nowym+Jorku-2012-565989;tt1602472;0;0;0;0;356;41762;27438;10975;3556;1560;659;0;0;0;0;0;0;0;0;0;0;0;0;0;0;20166;12653;5694;2030;696;460;0;0;0;0;0;0;0;0;0;86306
19;d3f81c04-3df8-496e-a59e-e7c9858df740;2010-04-30;2009-10-22;2 młode wina;57366ac3-c349-4e55-ad5d-6f8061179e88;;4f26e779-689b-4acd-ad7e-83df87128635,0fb4db16-23db-44a2-8d72-b18e3bf3e266,ca289e83-a003-43a1-b396-4bad57a808e2,e94d9b4c-fa31-48e0-a1a2-9d7eef55a93b,7ac805d7-5d6c-4369-9000-4e59578eb225,993d979b-a2ed-4162-a527-7dafea740f0b,ffc1a609-90db-4d1e-b401-fd55a6ae28f7,b16c40a1-af14-4983-9300-55aa2aca9234;bfa51145-06b7-4d25-b721-e89bca2f98b5;f4b55c4c-9fd2-4c03-94c8-94c595093805;47c95a97-0080-4ebb-9067-4d5d0224cb85;177ccb43-b3df-4ee4-a3d1-44c7ee6a3379,ca9d5d3a-ba32-4953-9bd3-d83ffe91b22e;2606ed3e-fc51-41ec-870f-5fbacc611e11,d37b9ecf-8a7d-4895-a94f-ed4895124900;;;94;1000000;;;/film/2+m%C5%82ode+wina-2009-510690;;0;0;0;0;0;3558;1376;515;138;149;130;0;0;0;0;0;0;0;0;0;0;0;0;0;0;1800;784;254;63;75;65;0;0;0;0;0;0;0;0;0;5866
20;a24b8743-f655-4f00-be10-6766fe51517e;2014-10-31;2014-01-20;20 000 dni na Ziemi;2c2fd51f-d2b8-4fb5-aec2-faf911088642,c411b135-0438-40c3-aa2b-88f7c4192e16;63;fab8c5d6-e068-4629-8aaa-f00a85e99e7b,a9bbea58-1ea9-4609-8055-c1a6ee294b52,5422e29a-b249-4cc5-8340-b9fab8b78c07,766c737b-f592-42b2-bc55-9cf7aa2286ee,a0bbae6d-53b6-4070-98ef-8df02af03a21,9dad6455-f6e8-48b1-b994-7ddd2d0adcfe,d393b7ae-3e2d-4ee7-a75a-39ff9ab032f7,c4961ee3-6e1c-4edd-97cd-89632288a174,2347f088-fb04-4fed-94c8-565c3069f06b,7ab982f2-7985-4dff-8037-8744b1d29d79,22abd51c-a18e-4149-b736-c172d32552fa,530b40fb-af52-417d-a9e5-c30cd01fcae2,42be0053-f70c-4a28-bd71-839ccf3762af,b7aa00fe-2824-435b-a9bf-3b6f88878143,273ee19f-17de-4209-8d60-5e6ccb9bbec2;bd2732e7-9aeb-4f93-a30a-62f94734bace,ce8825ac-be5e-42a0-982e-079181b8c1a1;a4abfcce-d2ce-4ab3-becd-258c33b13102;fab8c5d6-e068-4629-8aaa-f00a85e99e7b,ce8825ac-be5e-42a0-982e-079181b8c1a1,bd2732e7-9aeb-4f93-a30a-62f94734bace;18c7063d-0789-48c5-b965-fa5b4d62ee51,b6be5a38-baa5-4c2a-be37-81161574dd4e,f5c79d8a-86e1-4d9b-8c9a-bf1a02644846,8a3afd27-68f2-4f75-8272-44856c627583,270bfa7c-0594-4720-8165-bc9551f5e932,790b19c6-b748-4a3a-9098-3aa836ba4ddc,212da00c-ca5c-43b5-ab13-c0dc2b344e04,136d1afa-2cb3-4a9d-a891-54624a111a48,49b80410-cd10-403e-b2a4-f40b95d3df1d,98390f4f-5e52-4403-8026-35f9635a6fde,80894a9c-2f5f-42d5-932e-d054bcc91bdd,d55aaddb-c018-4aff-9198-351b51886281,e9b86f05-26e5-4e4b-86d4-e0afd426a11c,cdffdf47-d161-4d4c-a9c8-a9f3d023c432,bdae57cb-223a-4360-837d-23542bcc1a30,3b9677e2-88cf-407e-8b9b-fd572c1556ea,2d6d5bb0-3f6a-4bcc-8ae0-8db030f303a5,e4c9bc2d-dc8c-4b71-bb09-3b626ce3000d,e7fab447-dfbd-4ae3-beb7-12be6b33138a,3baf2951-ed36-4542-920d-56db0d1fe639,408d9729-05cb-4f94-a25a-b0a3a9de18f0;ead2443b-4aaa-47e9-988f-1a5d6c5b2071,2d03455b-b1f9-40be-91cc-327a9169c4e1,c04bfcf4-323b-454e-ba67-33e75c8ca0df,dad71cf0-4ff4-4d51-bd26-2907cc1680b4;;en;97;5000000;;;/film/20+000+dni+na+Ziemi-2014-692843;tt2920540;0;0;0;0;1561;4323;2170;713;879;389;337;0;0;0;0;0;0;0;0;0;0;0;0;0;0;1689;809;308;226;113;79;0;0;0;0;0;0;0;0;0;10372
21;f26ec94d-6f4a-423f-9ab4-e62cf142642f;2012-07-13;2012-03-12;21 Jump Street;d34b4e2c-74ce-42ab-b438-86fbbdcaee15,3c7e1786-5ed8-418e-a681-be5f4474850b;158,168;75296dbf-2ad4-4b11-973f-1ec55e779fe1,c63b4aed-45d4-4e19-9aad-07c8eaf8f845,a7f862ef-a0f1-450d-819a-0aac2a64b700,7369424d-d997-4f5b-aa1c-37d58f307cea,0c4947ce-e525-4044-b595-182138f1daa5,cd851579-0592-4dcf-a6d8-850e2c3e7077,de5ec499-0bd7-42d1-bf85-c0aa5bd31829,bce648d7-853d-43f5-aadf-bdb2670c848e,5a4c7440-75e5-4d80-ba64-9c02ad369e8f,332869cc-a1e2-4b43-a572-102c0991fc66,42724165-9949-448c-97d7-7af815fc9851,4489dfdd-44e3-4fb8-8b1b-185b05e4d8c0,f215900c-cefd-4983-b1e8-3449deafb5ef,7fa706b7-b514-495d-b48d-dfc210215233,06d96f07-5d36-468b-961c-9eba1815cb49,174a0a6e-fbd2-4844-8c77-00c04270588d,781bae57-577e-4660-b8d8-1f3cf2722cef,660eeb45-6a08-471e-9e8a-88cdf74ca912;7cd65757-e326-444c-b50a-428bd5fc1f28,6587448c-8b23-4970-a725-c1f901358f31;f44346b1-d6b2-41b4-876f-1b6682aad3ab;79ec0c38-24e8-4008-b64b-ea989d496598;60dbd756-71f2-4180-ad78-42304feb9294,c1d74fb5-3d47-495f-9e20-c8c95547da08,04e7e8fe-ae8d-496d-ba17-a35d7708c202,c63b4aed-45d4-4e19-9aad-07c8eaf8f845,a630814e-726a-472c-b3ae-d92b2a259400,75296dbf-2ad4-4b11-973f-1ec55e779fe1,5c81d231-0ded-4cc2-99fe-2b6fecc974de;226bcf6d-8cdd-4700-b0c4-d629c8ebf5ba,23a35a21-b21a-4e4d-8327-909f0629e7aa,d46944c5-c8e8-4c0c-8cb8-1ec7eee0689d,2378206c-5e13-43e5-9f03-48370d9d5ed1,43e40288-c1e2-48f0-a7e5-03a3dc9add1c;dcbf781d-54a3-4734-9b69-a7e119d59fa5;en;109;42000000;;;/film/21+Jump+Street-2012-208694;tt1232829;0;0;0;0;0;18308;9853;2936;71;70;70;0;0;0;0;0;0;0;0;0;0;0;0;0;0;8721;4852;1020;36;35;35;0;0;0;0;0;0;0;0;0;31308
22;f9520c39-d05d-4a77-b08d-8582e8692b65;2017-07-21;2016-05-29;21 x Nowy Jork;2c2fd51f-d2b8-4fb5-aec2-faf911088642;63;;5e06fdbd-a01d-4575-8f65-f73fb840a5e0;f13023fd-efc3-43af-98c6-50964c66c585;5e06fdbd-a01d-4575-8f65-f73fb840a5e0;cf8c872d-a34a-48f6-ab2e-da75fbaee404,292bc51b-cda3-41ca-8669-6123938b5a66,752e654a-c5ca-411e-8033-daeef030b358;b798625c-54a7-433f-8693-ce499d7f71e2,3a0d04e3-6372-467e-9896-87056e966925;c29315d3-7743-480d-ba69-783e11af73bf;en,zh;70;1000000;;;/film/21+x+Nowy+Jork-2016-766846;tt6222300;0;0;0;0;670;2454;1317;608;57;0;0;0;0;0;0;0;0;0;0;0;0;0;0;0;0;1002;642;291;57;0;0;0;0;0;0;0;0;0;0;0;5106
23;4e55582b-ed66-4d05-95a5-6a28ff2f8e18;2014-06-13;2014-06-04;22 Jump Street;3c7e1786-5ed8-418e-a681-be5f4474850b,d34b4e2c-74ce-42ab-b438-86fbbdcaee15;158,168;75296dbf-2ad4-4b11-973f-1ec55e779fe1,c63b4aed-45d4-4e19-9aad-07c8eaf8f845,c2daf897-7f3a-4821-9ddc-82fefaaa8c3f,8f7fc83d-e7be-41d6-af9a-b51d21dafd6f,de5ec499-0bd7-42d1-bf85-c0aa5bd31829,7fded2fd-8149-4b05-9435-a3cb79104a3c,58f8a13e-8284-4484-a6e2-1ab75327ed3f,42724165-9949-448c-97d7-7af815fc9851,d99cc047-bc48-432e-80ef-39ab3f13f8d1,0b8c9e5a-55dc-4a4b-b183-f955f0ee92c0,6deb3445-d8e1-4372-9346-62fc34f1559a,03c0e0f7-4d9b-4219-b91f-cb975298ded1,4e4cbf7d-5fa7-4cd8-85b6-eaa60b8ba678,ed59350a-45bd-4c8d-9137-3a6bc0313b17,3f3c0b38-4d95-4f43-ab7a-ad8a8ddbf531,7fa706b7-b514-495d-b48d-dfc210215233;7cd65757-e326-444c-b50a-428bd5fc1f28,6587448c-8b23-4970-a725-c1f901358f31;f44346b1-d6b2-41b4-876f-1b6682aad3ab;79ec0c38-24e8-4008-b64b-ea989d496598,9c0e7c4e-aab3-4f0a-ac8c-9dac689d8af5,4a80e3dc-3f2e-4c4f-bb8d-654552ee518c;60dbd756-71f2-4180-ad78-42304feb9294,c1d74fb5-3d47-495f-9e20-c8c95547da08,6587448c-8b23-4970-a725-c1f901358f31,c63b4aed-45d4-4e19-9aad-07c8eaf8f845,7cd65757-e326-444c-b50a-428bd5fc1f28,75296dbf-2ad4-4b11-973f-1ec55e779fe1,6b3125d6-b732-4b25-9cfc-9dcdccee0155,5c81d231-0ded-4cc2-99fe-2b6fecc974de,3ffe8532-eef0-409a-a922-f9f6f3c572be,88d486e1-c3c3-4b97-842f-a5bee23b5d30,77106682-b5e1-42a0-ac0f-71c566ad5ade;226bcf6d-8cdd-4700-b0c4-d629c8ebf5ba,23a35a21-b21a-4e4d-8327-909f0629e7aa,09ff10ed-803c-4f62-bbc4-43ccab70c826,f6fa4c4b-d58c-411b-adcd-ac5a1d5a89f6,c0f84541-3c0c-49bf-9203-e3bc17d468bf,d46944c5-c8e8-4c0c-8cb8-1ec7eee0689d,a9d33873-7125-4f5c-a758-4667ae250347,43e40288-c1e2-48f0-a7e5-03a3dc9add1c,cf370fe5-11db-4092-b754-fb518cf453b0;dcbf781d-54a3-4734-9b69-a7e119d59fa5;en,es,uk;112;50000000;;;/film/22+Jump+Street-2014-661776;tt2294449;0;0;0;0;3824;56375;50053;32624;8179;6012;2545;0;0;0;0;0;0;0;0;0;0;0;0;0;0;29520;22786;15801;3140;2801;1077;0;0;0;0;0;0;0;0;0;159612
24;a5de22c9-5e64-4c5a-9bbc-4c54c8c4a0b2;2017-12-08;2017-10-26;24 godziny po śmierci;1db1ac18-a83d-4645-9cb7-3c60a03012ba,d34b4e2c-74ce-42ab-b438-86fbbdcaee15;54;571c33b8-9ec0-4a5b-93c3-c62d8812fde9,23e97c66-67ae-4313-997c-cc9e61d7a72b,114b7f4f-196d-427b-be68-94f0137904df,42d26767-de0f-4919-9557-a1a2e34b559a,1a674c74-7c11-42fc-b069-234788d0b946,56b74cf0-7568-4b34-801a-ec08a017d29e,31a86076-cd1a-4920-bd92-bbdb0330c96f,9c34a10f-4f23-4f3c-a594-54c9fb778575,0450a282-e009-4f24-b2c4-740edfd445a9,15207958-c3f8-42e2-9b1b-b0f5daef1dc1,7b938255-402e-4040-be6c-5940805f50f7,7a378839-c664-47db-a80c-7f71c2c8d3c0,141ed801-6b2d-4190-a18f-4d4cefdb2203,b90704ce-b025-4496-8123-1f95dce79d40,a3647059-d324-4feb-9a70-4822e8024aee,3ab61839-dce5-4264-83de-6ff4900fbfa2;a34feb3d-8ba5-4afb-b6c0-d51c4043a0e8;e71270d1-d648-42e8-b1cd-58315299e461;c87d9cb2-dd86-4a75-bca7-cf683914af87,d51e0cfb-bd37-4b14-bd51-2aede3529165,01267175-8094-42ad-83f2-a9d82aba5773;ba56903c-2d45-4879-b2f0-d819b15949b5,301e6401-6222-40fb-9f53-ceacb53087ab,41f85d21-e349-4265-bc27-a008265e59d5,ecc05e64-70fd-4d83-8109-1520a05534b3,e4098e5e-26a4-4d93-adea-3256a9a41e67,361e20db-a8eb-4e46-9e68-c1ca3fa649c4,db326e58-ff76-4878-adb4-2628646b047a,b6334005-8b9c-4834-98bf-1d5b2f20cf06,14eba761-4bf0-4902-8b4d-ae6fe95c82c7,e0903d7a-7554-45b4-bbd0-e7dd8f87305f;224afa74-94f0-4283-83c7-9b16e3561247,738a0b80-8f09-4f03-a6da-551f3bc9693a,110b4508-6aa4-4b35-9338-de59add68a9d;ff8fb8e4-4f80-44e9-a945-559e886a9a80,380f767c-1de0-4266-809f-666a5f2e3c47,dcbf781d-54a3-4734-9b69-a7e119d59fa5;en,zh;93;2000000;;;/film/24+godziny+po+%C5%9Bmierci-2017-796426;tt5442456;0;0;0;0;0;14379;4105;259;258;23;22;0;0;0;0;0;0;0;0;0;0;0;0;0;0;10456;2517;130;129;12;11;0;0;0;0;0;0;0;0;0;19046
25;10d3339f-7911-4dde-8a3d-43ed4e29714d;2020-09-18;2020-09-04;25 lat niewinności. Sprawa Tomka Komendy;f0506edd-d123-41d3-ad36-1d31a8bb23b8,a581770b-f192-41bc-85b5-dfb77b57a612;55,66;6d6c36a5-6a42-4c79-ab60-53726921e680,dca43408-516e-4862-b47d-af756a5b9474,cf51e134-9b42-4fed-b08c-4ea7a51d21e9,3c53e2d8-afa2-4b55-bf8e-9650a5e64b97,2259b5ca-31cd-4dc2-b0e8-4050d4406525,6659013d-e4ee-41ad-8fcc-7ac7d9b34f04,7d714f53-b038-4c1a-b0c7-1502435f4945,c597485a-a0d0-4a03-9d39-f210a669652d,21ba3221-050e-4430-bbc5-663cddc5bed3,2b81de8e-50fd-4316-8cf3-22c57610bb64,1b165355-6f84-4ddd-a089-8ebe5f2a46f9,79d22197-6cb6-4b2f-8d0f-2540ccef8abb,b62b5b40-45ff-4b71-ba78-8fa6c5ad9efc;18a0230d-7b19-4352-bcde-b39a1fcdf512;e71270d1-d648-42e8-b1cd-58315299e461;d7e5d717-7beb-4566-86e2-ce84e2784cea;8d604097-3877-4ed2-bc61-439261a45d10,98ccc6a7-968f-4a07-b43a-82eced3dc35c;5f2c3d88-0cd2-4a58-a909-17d9110f614f,b0a8f3b4-ce92-4a0d-b482-8fe195db88ff;c29315d3-7743-480d-ba69-783e11af73bf;pl;116;6980020;;;/film/25+lat+niewinno%C5%9Bci.+Sprawa+Tomka+Komendy-2020-844342;tt11368998;0;0;0;0;0;211233;238678;121277;74931;34044;15858;0;0;0;0;0;0;0;0;0;0;0;0;0;0;125331;147533;80794;47844;24109;10735;0;0;0;0;0;0;0;0;0;696021
26;ba1a616d-32b3-459f-9979-24eb89d05b5a;2014-11-28;2014-08-30;3 serca;f0506edd-d123-41d3-ad36-1d31a8bb23b8;;1dedc779-38b9-4519-91b9-751c417ca227,f14ae212-8c26-4c8a-a814-cfaf350146fd,f4d6f3a8-6858-47aa-96f8-87a7973d2958,5622f182-b9f5-4622-9013-7148815c732f,44951b2f-9ae8-4fbc-ae71-5c74a123f707,b70744e9-7948-42a3-a8f3-1a435368bd62,b613ded4-58b2-4bf6-a931-86c705c64e1a,f8a95502-1b3e-45f5-8a22-f03c795c91d3,0fb93cb2-5240-47fc-832c-f321c1318890,3cfb3192-7105-4185-a4d2-33e9682a8158,f5c05f28-dd27-41c8-a97f-977bca388873,c4f355dd-8089-4497-aabc-00d3606988a6,f4805ea2-c551-49d7-8404-f3059b17d290,d5c842a9-6260-428e-95e7-a8da3eefc9b0,5f7bab3c-d3a7-4d1e-bac8-54df433499af,c1fdbf5b-cdff-4241-ad40-b69e4143e441,a0125af2-bf95-43e6-8226-14d01741bc1c,86e43e1c-6e7c-4d94-91d6-b8f49943b4ae;e7acb9bb-6146-4935-bd5f-48220e304343;2469ba5d-8a2c-4349-b38d-227be4d8eb2b;e7acb9bb-6146-4935-bd5f-48220e304343,5d3444a4-32ad-4e12-a6e8-ef9b0cd726f2;5952229a-aaee-4055-a97c-e298f80a79de,4b618cd6-48f9-469f-9e8c-69e3eb2753d0,fa853d47-7383-4089-b064-1eb84205987f,f9d08dea-d641-4fa5-a5c7-c03af18822a5,43629f85-c5d8-41eb-9020-3a18314cab26,c6979cb0-8d37-44d1-94f4-8a7f42c187c1,907f5bc2-3ab4-433f-b980-0f106c3c30d9;2fcb5aef-9720-4939-8372-83a75ff68e14,d02acb34-39ba-4180-ad04-2f88f2ea8f14,3a9bbbc9-04a6-4f0f-bae4-0a2fd1844870,7a9890ad-6ce9-4cc3-aaaf-7bad93bdab42,85b0c869-66fc-4018-ae24-cc9f833e9a2c,3e245a7d-a122-4cdb-af58-209d75cbcef8,4dfaac5a-4103-49e0-a843-8473b8e36a2d,0765e8fe-7ec4-4386-8f4c-bc4303de59f0,c22eb237-b62a-444c-b568-cffc9c737645,4847adb2-ec5d-4c7b-a8a7-e3fb8a62b5d0,e1b2e43f-db48-4cc2-a650-f36a6a9e8bb6,6b2e02f0-9db2-4bc2-94c9-f41fa06f269f,cb057b3b-1d00-445f-81f5-64747d85614c,7a8c8a02-7b8f-4060-954d-f49e9bfb9611,6a7c4f65-3a30-4076-9b7f-77f65caec057;51d9043b-068a-4a31-a0fb-74719a5a6a11,6614b794-9b07-4de2-837e-3aba6098ec7a;fr,zh;106;2000000;;;/film/3+serca-2014-686493;tt2822742;0;0;0;0;0;1722;1444;204;95;278;48;0;0;0;0;0;0;0;0;0;0;0;0;0;0;957;739;35;80;67;18;0;0;0;0;0;0;0;0;0;3791
27;91c7152e-cde7-4522-9cf0-ff8601890066;2020-06-19;2019-03-17;30 gramów;f0506edd-d123-41d3-ad36-1d31a8bb23b8;53;9d515c22-e61f-4371-a12d-97f61028d886,e33b8710-e808-4f4b-80ed-125250616226,d714a3f9-7696-4640-bd81-6bde0411f1b7,6e5eeb9a-62b4-4445-be48-95acbd8ae200,1a92ffc4-06fc-49e0-9d70-7979290f2760,236baf4e-6d18-417c-aaa9-75172a9bc0cc,acf12a7a-aaaa-4860-b628-da1983465b20,10e69eae-9f12-40e8-beb1-83164d0c555e,38bd810f-49d5-4fa2-9154-532391829704,1edf67f9-5129-4559-acef-bf0b360bc013,4eecb7fe-81fb-4296-aa7b-2fe697d0d0f0,b808296b-9890-4cc2-844b-ad9b526cb646,95d03e1b-762b-4e2d-8e19-e20d9b26c1ec,e2871a86-e658-4821-bd66-fcea1ac015cf;8f6bf97a-edbc-4486-a9ce-85598bf9e633;817a06af-b597-426f-8e5d-f006c1b2704c;8f6bf97a-edbc-4486-a9ce-85598bf9e633;a475ec37-0148-4754-9aa3-6decee405c86,4b741fc6-5951-4816-9969-92266db219b5;7c644af2-938e-4424-b790-82657b575ae5;b0233cad-fd3d-4140-b00b-28a045525410;fa;130;2000000;;;/film/30+gram%C3%B3w-2019-837272;tt9817070;0;0;0;0;0;339;94;1;0;0;0;0;0;0;0;0;0;0;0;0;0;0;0;0;0;227;23;1;0;0;0;0;0;0;0;0;0;0;0;0;434
28;2cb9301a-6329-4335-bb19-24a761253bf3;2018-08-17;2018-08-09;303. Bitwa o Anglię;f0506edd-d123-41d3-ad36-1d31a8bb23b8,ddab39a0-2223-4d0a-90b9-63c057a4d810;58;46011bcc-930c-490f-8c7f-534b77d02bfd,797288a5-d957-4f99-9808-29a11186698f,c5f02444-865c-45b9-8dc2-5f9a4cb6a22e,88cf4e19-7a4b-4210-bc81-709ebdb235a7,8ad50d02-ec21-4a9f-ae5c-458212053bf2,48f50d29-8827-4b63-9ee7-d5ee3695d5ec,dd8f464a-b5c1-4a2a-b29c-c85f06edd8e8,95d93591-2eef-4881-aa9f-eb676c4c0211,6a776e85-d953-4e50-a903-062a72a44c4f,a14c93be-b61c-4658-8efa-8201914062dc,70f2b578-5718-4bfe-8ea2-797cbfe4ef86,369a1aef-2c95-416d-87a5-80849e7a66d2,fe694e81-01b2-4ce9-a4a9-4dd4dcf254b2,5c19b409-e1b3-4325-b00f-05b8078c664a,df16003d-824b-4db8-809a-11c26e4c467b;ab04b7f6-e667-4563-831e-047b661b639d;e71270d1-d648-42e8-b1cd-58315299e461;a45ed522-f7f8-4ef2-93b4-ca7e8fe89ed2,4dcb2d3a-25e8-4ad7-8f52-90a69addb0a1;4bd2d3ec-c5d4-43a6-b48f-b225d3481fba,6b071ab2-734b-4f16-a47b-013e477a75de,9718d48d-f829-48c4-92f6-3dc2b224a64a,f64793e0-f7c5-450c-8e31-b7353535d54f,408fabe3-df60-4eb5-8765-ff6a3633a09b,e71b6b88-f331-4d68-b8c7-ae506af89b91,806aa472-c986-4c1d-b412-b09c4a5798d7,6f8e83c3-ee8b-409b-a873-3345c7ad7e7b,7ea61581-01f2-45d8-a861-cb02d5b0b458,3bd3da6c-0c5a-44ed-a8df-12fd60ec3692,90da9955-6c9f-407e-8dea-2a5a7a6db96e,5cd71b7a-f379-4be4-bf72-f7be28823bed,11dbfd3d-c7e0-41db-89cd-43998a82ede7,c9072dcc-ea5c-4582-8f3c-397c2534ecee,d62f5f91-6d75-4b67-869b-e63cac652c12,c2cb620e-3622-46f3-b31f-6112f75e08d8,323d60f9-5189-47d4-b1c5-1fb00d6e88e4,6ed94e96-550d-49ed-8dc2-b3811181d312,3c94d7f6-2bb1-4556-8613-dbcfd46c7c18,c1c8d7a3-bd97-4f8a-af34-daeb9a134c63,34222a82-32fb-468b-a639-02f511745619,a424534c-3faf-4cd6-82e1-ad83d04d449d,b9146057-db59-4de3-9cd2-12593d5fe1f3,2d2be047-59ae-4ff7-88c4-93f54d87b5d7,6c51186d-229a-4174-aa6c-b5083c8d63ce,56fd921f-394f-4d00-88ad-2fd00190748a,37fce828-88f2-454f-8945-909eab18c454;490f62da-0399-4ef7-9111-86a301f38335,bcc61cec-92c5-4202-b368-4524d1cc77ef,56d66b0f-466c-4080-a626-429f444b5ec9,2e48387d-db70-47e9-8dad-3d5c333f6d33;c29315d3-7743-480d-ba69-783e11af73bf;en,pl,de,fr;105;10000000;;;/film/303.+Bitwa+o+Angli%C4%99-2018-794796;tt7515456;0;0;0;0;0;141220;141157;49624;28951;15672;11268;0;0;0;0;0;0;0;0;0;0;0;0;0;0;72624;74866;30433;14426;7363;4020;0;0;0;0;0;0;0;0;0;387892
29;e2acf935-acfc-4fcf-bba1-d2a8eeaa00a6;2014-03-07;2014-03-04;300: Początek imperium;f0506edd-d123-41d3-ad36-1d31a8bb23b8,d34b4e2c-74ce-42ab-b438-86fbbdcaee15;4,24,52;db8b73a1-4c4a-4ea1-a51b-6b09dc663419,1caa78f5-72ee-4a27-983d-646e195be647,bb02289f-95f9-4dd4-8790-20938962f53f,bb280904-1894-4fc9-a610-cad8b38b843e,20cb054f-ce3a-4a1c-a403-70e187372595,ae5afa08-9320-4228-8d03-40f0d0ce6c70,64fb6b23-4cb6-4755-b8ab-aafc44aaf62b,406a83cb-0657-4a42-bf13-b4faf69618a8,2084a9a3-f93a-401d-bb78-56c4767c1b63,dd71ba22-450b-4a78-81f1-e84518bb9f75,9fce7e8b-c44d-4038-8f14-a51cdb5310e0,a9bbb1be-a223-4c49-95c2-5c5c53291aeb,4fd575b5-569b-480b-a6ab-5d2eb72347b0,cb19f60b-b137-4257-9dee-445439a63499,5205873f-8245-49f2-9b3a-18b6ecd26f5d,0ac4f6a5-3df5-47ac-a140-c4eb6e039c83,d557db41-3817-4137-a6a7-ba4fa589571e;0e9cde21-dfc7-433c-8d0e-69ce7dfcb39d;3a6ff2c0-9128-4bd5-a9db-42c78324f0d0;2e4263a9-11d0-4898-bd5e-3f65151e12d4,83796538-2ff8-4a4d-a455-f7f645e868a6;38a5a6ae-dec0-4df6-a25a-d0061388cf77,60af3c47-54e7-406d-9ed5-ccdd0bd6ed80,59017edf-448f-412a-b4bd-3a1ab3b84c1d,98230e9d-f03b-4bf7-8827-fc97dcb461c0,83796538-2ff8-4a4d-a455-f7f645e868a6,e373435f-6a4f-43de-91fd-82ba6911a0df,6ba935e5-8bae-4ae5-973e-20ecb307745d,9667430f-1482-4bde-b7b2-c99831478f58,18d10019-de2b-4fa2-8381-936a38ef28db,aa382790-f5f6-4ccc-b227-a943bceb7ae0,399df75d-cb0d-4c34-804b-e74e77453435,8860b9d0-c2f2-4eee-aeca-f14f01feceee,6f88015c-eb87-45f4-903c-55caf2c39202,1589c260-b928-4469-9e47-0a07dba493f2,2fbdd417-1366-4cc3-8490-bacaaf1a1d3e;f8cf0dda-8075-406c-a8f6-4a3f49d7cba7,2881301f-2275-452c-93c2-cc2548423ceb,5974b1fe-fbe0-4d9c-92ad-ce46e5daaa82,af349269-2e5c-42b4-b870-499f3f3fa39a,f59e2877-6270-4d60-88b6-184fbc8e2526,bb633b71-4d78-4eec-980b-cf79dd44876f;dcbf781d-54a3-4734-9b69-a7e119d59fa5;en;102;110000000;;;/film/300%3A+Pocz%C4%85tek+imperium-2014-486130;tt1253863;0;0;0;0;0;181856;93204;50696;17082;5515;3515;0;0;0;0;0;0;0;0;0;0;0;0;0;0;123109;60196;32180;10839;3436;2099;0;0;0;0;0;0;0;0;0;351868
30;72248325-d503-4a66-83d6-2a12026b3010;2012-12-26;2011-09-09;360. Połączeni;1bc8cbbe-fb9e-490f-a24a-e54e6013de4e;;d056c7f4-aaac-42b5-bb13-2d7ca880fde1,46129ce9-341d-4fbe-953a-c9906b14e352,e473bb72-f3ab-4000-a4c2-39c4aae416d8,2b4be1bc-8666-47f2-8331-5504c9cd2fd1,185bb573-3c6c-4528-911f-d86261114cdc,d51cb3af-931e-4b2b-93af-6a54fec745bc,f2c0a714-eeb9-45cd-b182-3f200eea39d0,1f4ba992-a0de-487e-a158-8945d21ed5ad;31db90db-d726-4639-a309-adc327ecc8bf;e71270d1-d648-42e8-b1cd-58315299e461;a80dc134-aaaa-4b73-85b2-b8169eb78202;0e973839-ddca-4c2b-9370-ffec23a052c5,f8bff318-d906-47fd-97ae-c30e2ea6ec24,30371dd0-ca09-48b6-88f1-e3f130376183,889408c0-2a7d-48e3-8cc4-b6b383f38316,c3a59dc7-b0b6-47b9-bcc7-46befe0739a8,6598eeaa-f5f4-4dbe-8bc7-5f7fe73d35d5,11e3dd4b-c060-461c-8f6a-60b5f268af01,8c54415b-bacf-4504-b618-8e6840218f3e,c4ee9d69-1618-41b9-ac0b-efe2a8bcc43d,1940be4e-ef8c-4419-b0b4-e611f05f8989,b372b5b0-b3f0-4e87-a619-f2eebb8e7c99,07ad224f-04a7-41ed-8b1a-0eec5ae32286,9ac1f4fc-1038-4ea4-a6bb-d74b36056bf8,0d51cd5b-5d4d-4210-9a60-042a85424a31,9f7adb09-afdd-4780-9e76-0c6e749d91d1;03925e40-f29b-49db-a42c-998ac5aa4b7d,59afe7e2-2602-42ac-8a18-3227a75d445a,5139ee44-2421-47a2-8d24-0974fdd3ac22,6e5f503a-a075-48a7-8ebf-614e5c55fbd0,d0b244a4-6f47-4ad2-b356-840e99ffdb08,84c038b1-e598-4b2d-917c-eef66ad592e7,93b428d2-fbb9-4f9e-9e19-dbbe1ce9423f,58d35826-813d-4f2a-bcb8-3d8488492ad3,0174e38b-f468-4716-b1a4-474d3af2df93,451619d8-98c8-412c-8cb9-c375296bfde1,2efa3e5d-8b7e-49f4-ba13-e1f128270328,c3e02946-7c54-4387-bba8-45e3675e3bd8,4f392abc-9ff0-4408-a1c1-ddbe5f15e6fb,2cb18e18-d93e-4048-b44b-cbff2f545331,f5e5eea5-23a5-4133-a83c-f2aa0cace257,97ac0243-7f3f-4e3e-bcd1-71ab7bae9ca9,6a7c4f65-3a30-4076-9b7f-77f65caec057;e9d4935d-ff76-4487-b6fe-c098e0681f47,51d9043b-068a-4a31-a0fb-74719a5a6a11,244d82ee-fac6-439f-b523-145e08dfcfec;;110;5000000;;;/film/360.+Po%C5%82%C4%85czeni-2011-597895;;0;0;0;0;6512;24991;13687;2722;1223;683;413;0;0;0;0;0;0;0;0;0;0;0;0;0;0;15895;8858;1558;704;342;207;0;0;0;0;0;0;0;0;0;50231
31;68077aef-cf49-48cc-9c92-7b08ef2515eb;2018-07-06;2018-05-17;41 dni nadziei;f0506edd-d123-41d3-ad36-1d31a8bb23b8;59;9ce859bc-6713-459e-98be-41650b7b3b7d,27c0fe5f-311e-4bc9-b693-afe88c8e48df,80b8dd7a-9d3f-49be-9712-5edfbc8f1853,56b211c8-4b13-4567-9922-3b45ee44c536,7c83a906-bf62-43fd-aea9-7618bbe1208a,e1d8f58f-bee8-4102-99fd-66a0c2a82f20,68c57dfe-9d6e-4f77-86aa-44e6fd33e93c,7428d336-ebd2-4980-9333-be2b716c5f30;0c26f25e-54cc-4681-8e64-8a6025affc90;6dc7f7ed-6e1c-485f-ace0-6547ecb1abd2;cafb9782-b2d3-4a2e-84c3-7edf92475888,5829352b-1bf3-47a7-baf2-294a3ef62188,9c5e99b4-2cfa-42f7-91d2-d5078ebc3c07;0c26f25e-54cc-4681-8e64-8a6025affc90,430edd55-4227-475e-90b1-476a16a78dbd,038caa01-2f3c-42e7-ad5e-64694150e080,0e0b2a90-74b0-436a-8524-a394471c9a37,1baaa5a7-2b9c-47d3-8002-a65637b91d3d,09a12f46-bd48-4297-9bc1-0f5785deaf17,9ce859bc-6713-459e-98be-41650b7b3b7d,111baf4b-2d83-4aae-8a86-79f41f741d92,311738cf-1474-47c2-9f8c-d5d98f978254,5d404ea8-9b6c-44d5-9298-b96cf870a115,57ad9d5a-7670-4f16-a90e-1865bb5d3330,cafb9782-b2d3-4a2e-84c3-7edf92475888,5829352b-1bf3-47a7-baf2-294a3ef62188,936fe0bb-27be-4e6c-b67b-2f5cd584b786,25e6d7e6-cf7f-403d-8274-9f257874404b,12ed3d73-a0e6-4eed-a8af-a420e1808bbb,648874e7-2da7-407a-b449-9eb4201993ff,90d7e323-7377-4466-b2d3-78d5973c28b8,0243cb6f-3829-4848-b5ea-7209b6546bea;ad0502b5-fafe-439d-83c6-c578b9ab8b94,c21bafb4-8614-4116-a22b-d66b7871174c,80ac02f5-3a6f-4405-8987-cbdcf067451e;dcbf781d-54a3-4734-9b69-a7e119d59fa5,654011b0-4c4d-4eea-9eb3-749a4a438219,380f767c-1de0-4266-809f-666a5f2e3c47;;96;35000000;;;/film/41+dni+nadziei-2018-788644;;0;0;0;0;97;34880;35373;14731;11083;7943;7636;0;0;0;0;0;0;0;0;0;0;0;0;0;0;14663;14696;6307;5109;3363;3608;0;0;0;0;0;0;0;0;0;111743
32;ef3b6a3a-a080-441c-af22-7ff7a81343cb;2020-02-07;2020-02-07;365 dni;28f8fece-1d83-4567-a5da-893734c774b5;19,51;b966605d-14b7-4f04-9c76-3492e9b6063e,da0a8942-593a-49fa-8a54-93c55b6ee448,469deb15-7efa-44ad-a36d-2b1ef5740ae0,1abf1bb3-ac3c-4e25-a173-be9aa3182411,64996be8-78ad-4a9b-8ba8-e1bbc1cf7fd1,31a6f060-351a-4665-b801-3ac90787f22b,68c6e332-a2f7-4407-a181-c60631781f06,df500a1d-a963-42b2-b5cb-6d56ecc6c8c9,8c27b8ed-981c-42e7-8d05-056610575c15,94818f46-f8a6-4d28-8bcb-55bdaeb35618;6f93f09e-bffc-489d-9ab4-e11ae71f11e7,028c0e8c-42bd-402e-a25e-41a48efdb5a1;bbcbff15-ab9a-42f4-a7e7-3534672666e2;6ad93461-fb9a-4e2f-995c-2dfc6f456d6e;028c0e8c-42bd-402e-a25e-41a48efdb5a1,447319ce-53cf-43b7-ab41-5630f4cc8de6,26c94109-520c-4cc9-b9e4-ae5d6abc7a6d,15d159c9-05a5-442b-b18a-9905b74bf135;b8b245e8-24f6-4b54-91b6-66fdb0781fcd,01a56276-aa40-44d0-85d2-8ec22ef7aa3b,1fe738e8-6070-4ebe-bf4f-23a5428c3704,b0a8f3b4-ce92-4a0d-b482-8fe195db88ff;c29315d3-7743-480d-ba69-783e11af73bf;pl,en,it;116;5000000;;;/film/365+dni-2020-842452;tt10886166;0;0;0;0;0;701715;631496;175398;84626;45217;0;0;0;0;0;0;0;0;0;0;0;0;0;0;0;453931;484803;117322;56853;37035;0;0;0;0;0;0;0;0;0;0;1638452
33;2781df87-6f01-41fe-9cbe-390a9055b0ca;2015-09-25;2015-02-06;45 lat;f0506edd-d123-41d3-ad36-1d31a8bb23b8;;7142ffd3-2895-48b8-aff4-f74e3b600385,da3c3a2e-9ba0-4131-a8dd-fa48f024f84f,51309804-de99-41db-9ab9-e908e0d0f0f8,6e9b8097-959e-468a-9e0c-45f747d362d6,3f640c8a-3854-49e3-b469-be0cb0680193,21f544ea-d39a-46bb-898b-fefa003a8d37,84921d8c-aaf2-4fd3-b72d-befabffdcd4d,86034436-02c6-483b-8bf9-29ff02224478,24df0b90-4851-4d43-81b9-c265f4c42cda,6dce507a-5103-438d-b71c-4764812574a6,f106aaf4-a06f-4f65-bee2-fe94f1adc9a2,e82059b2-529b-4ba1-a736-7c18ceb74b0d,6d97273f-35d9-4509-953f-ee7ebb8a975c,a2f2c0f6-bc7f-4542-8375-4286acc8e3cf,b993231a-1114-410b-ad44-f86fcbb6c580,dafd4ada-ab82-4c62-96a2-aca622111e9e,2da4df90-69df-449f-943d-7ef4cfb9cb28;18252bc5-cef1-4719-88ec-16bbf7463fee;d5e669d1-f258-4ce4-b22a-1c5360abb0d4;18252bc5-cef1-4719-88ec-16bbf7463fee;e6fee5fb-3f01-46c2-885a-6ee03805884d,a2d86657-8c66-4750-905e-573ac0e8c278,02be5b5f-5073-4219-8370-cd80967b40f6,de82a162-cb0b-48a7-8f36-8ba2a13577fb,fb83ad75-bc44-4cc1-bfc9-612dc3f4ee78,59be3971-f436-44da-89e9-8669fbfb834e,6cdb28ee-d917-4180-82fd-182e346296b2,4086c888-0fff-454c-a0dd-68a0d9e52b3a,1a200ec6-8b01-494f-94c5-0bc0468e4cf5,a0cb70cf-b371-4288-a071-7a9597bba73b,decce3fe-5bb6-40d9-88dc-e5aaa416fe12,db7ec6e0-61b8-4a26-ab3a-bd424a8ce1a6;d741c84b-a9b1-4d87-8ff3-af76e7a327f3,ead2443b-4aaa-47e9-988f-1a5d6c5b2071,cbc30469-92a9-4f58-a23d-ae5a1f60dbf5,d584bca0-7943-4e05-bbb3-fddb67916f1a,2d15f7f6-9f2f-47cc-b4d2-83cfe6dadd45,f3dc25d7-b2a9-4a71-ae7f-5fd28871c6de;;en;93;1000000;;;/film/45+lat-2015-722566;tt3544082;0;0;0;0;735;2086;2504;447;0;2046;746;0;0;0;0;0;0;0;0;0;0;0;0;0;0;1331;694;447;0;1672;373;0;0;0;0;0;0;0;0;0;8564
34;b75cf58f-36fc-40ed-ba8f-5b9026b568ce;2014-01-10;2013-12-06;47 roninów;45434b4d-8a1e-4d0b-8fce-cd849ae707e0,9a150cd3-6c32-4b58-b1a4-aea6992c564c;;b51b25f0-33d5-401c-a4c0-88b9bfc3c28b,06cf8d3f-787a-4d25-80b4-8a472a48f66f,71b9bcc0-e334-4898-a4ee-990c2493100b,bc545bb0-7c55-471a-8b61-783afcc08816,a65f3d83-b90d-4e30-93f8-173bd69ca145,b78f6d17-ba83-47db-8c7c-358d61ab3e99,0f669753-53d9-4374-a393-eabdf795c993,15bfd8fc-533a-4853-bf12-7090f0245c1a,503e18d3-3b5c-4bac-a130-19bc3236049c,fcc01e79-cc3a-412e-b12c-4f375c6fb54f,d36a0d8c-3d0b-4644-8408-5306020819dc,15c9700b-1b5b-4c38-9650-361b5c9b4c55,e8db0904-d56a-4260-bf04-b923f2506b53,ffe652a6-2fa0-49ea-8544-185cabe10a2d,e00734b7-8945-4fec-b4fd-919d5930c6f0,ad0cc901-257d-4b90-ad67-25d554c9491f,dd2e4ad2-3c5c-4036-89d7-4c4a39efd76f;c6d45f3e-f70e-4a67-b8d7-abba25915315;f44346b1-d6b2-41b4-876f-1b6682aad3ab;13ba7f5f-bf70-454a-b14a-a52eeb1cbc0e,79692d41-ca61-4e9b-bbc6-ff66bbfe8fd0,f087e63b-e2d4-47f8-a6a0-c7f7392b0a84;1c74cc8c-100d-46e0-91dc-80854d361863,e97e81f3-149f-4c71-9f79-d9f00be0edd8,f087e63b-e2d4-47f8-a6a0-c7f7392b0a84,de1040e4-87fd-41f1-8d6a-d47d0336c50e,2799ac50-ab0c-4b65-ae27-68321dc50150,9581ea01-b3d0-41f9-8914-01b8f7903c56,3cc2bc3f-c888-4896-a651-d293ce2a9feb;d61219c7-31ec-4444-a8ef-70624fddbb8a,35928215-d10a-4610-ae17-448f8b087cad,498fff3e-190d-410a-b8e5-ae0d9b402f34,e5d67207-d57e-4e55-81e2-a4d4d9062e4a;dcbf781d-54a3-4734-9b69-a7e119d59fa5;en,ja;128;175000000;;;/film/47+ronin%C3%B3w-2013-548326;tt1335975;0;0;0;0;0;106788;56522;29014;12161;4967;1845;0;0;0;0;0;0;0;0;0;0;0;0;0;0;73318;35199;15796;7287;2815;1326;0;0;0;0;0;0;0;0;0;211297
35;0c529492-bbb0-4380-87a5-b73ff2dcbed5;2012-04-27;2010-11-03;5 dni wojny;f0506edd-d123-41d3-ad36-1d31a8bb23b8,ddab39a0-2223-4d0a-90b9-63c057a4d810;;988c14bd-2e1c-470a-81fb-d468e4469577,c21d87fb-1e63-486f-88e2-fef79dffa229,a72fc807-3841-44d5-8cb8-bd1ab755e2c2,fcf8823b-2b01-44b4-add0-330df7abf843,79250c34-ff93-4eac-be89-45784c214a08,ca5d18a9-c866-4913-8277-a256eaacdd7e,1f58bd47-c646-45ef-bcc3-2ff79f688751,1ea4ac8e-76e9-4342-8346-9ecf6f9a06a9;b5783318-b491-4f5c-a987-b55a1216b61e;d8b8b73d-cfb9-4b03-b574-d0eeb44b0390;e017bc1c-28f9-44ce-bf40-47cc5ce7ce72,345950a2-ff52-4ed3-a12e-d7ff8d7f74b0;b5783318-b491-4f5c-a987-b55a1216b61e,0d13b063-ca50-4b02-8af9-cbcaddabc149,efc5d6ff-fbbf-41d3-84b9-c6d3d4575d7c,34519009-fcfc-46d4-a42d-6135d1feb93c,56f6373d-f8e6-4523-8b82-a82a1d1b767a,ec4e3f1e-254a-47ff-a664-ba9d536ad423,288b8580-042e-44a1-a835-5e64703a7573,a84a7b74-8fc3-43b3-a6f4-c20902bcb8d4,58c0fa6c-d649-46b1-b3d9-069a91d0fce3,120ff4c5-5f4d-4fe5-801f-a699dc50b1a8,547c52a5-588a-494d-8cbd-2b273e1a953b,c66aadc7-a346-47cb-be60-f95c68d05814,836a6903-464b-454a-aa42-0e83c00ed96c,0fa88037-f2c0-463c-b2ad-deec1b7fafea,86c5ee75-0ce0-4248-913c-5715bb94d943,95d7a1d1-1858-49ef-961d-01cb48d74f35;48c21d51-a708-4313-9897-c36f231fed5b,8d2a923a-e03e-49a8-857d-ee1929815d6b,36067c6f-2923-45cc-b58d-06caf62297d4,23150e5d-b2c9-405e-bb80-433bb124ae47;dcbf781d-54a3-4734-9b69-a7e119d59fa5;;113;12000000;;;/film/5+dni+wojny-2010-545259;;0;0;0;0;0;4688;5140;1555;351;295;409;0;0;0;0;0;0;0;0;0;0;0;0;0;0;1691;2540;748;155;98;274;0;0;0;0;0;0;0;0;0;12438
36;5e08b9e1-23e9-45f2-90d6-aea08ec8d0d1;2013-01-25;2011-11-23;5 rozbitych kamer;2c2fd51f-d2b8-4fb5-aec2-faf911088642;;846b52ba-c2e5-4483-904c-a4cfe22ae8d9,3e6c9dda-e655-419d-bb4a-17fdd8046813,17ee1cc6-b0c5-4ec9-a39e-3aa26d3d20f0,61365bbe-2e22-4216-a873-3023dad070dd,a36e1ce4-4584-4ff3-a06a-2d5885cc0aba,711f6a8c-9da7-4a26-a717-679d408cdc0f,04a212af-606d-4e4c-9b50-74700a98cc87,7b0a34a2-6d5f-4ecc-92c2-31ef65a29507,b7dfe497-9484-47c0-a914-42d42ae4cf34,d75b2a40-59bd-42e6-bd97-dd4cdc9a1d79,09357d68-ed15-4883-b48b-cbfd659510a5,106bf8af-ba9b-4517-8600-5556bc0f5cb7,b357fde4-d04e-416a-8039-4f8760b8aa82,c2aff366-180d-4c4e-a832-acfc33488bfa,c42d408b-cc2d-4ea8-98f0-2b83563acf1f,5c75be24-653e-406c-a8c9-c8ef458abcd0;5da3ec47-73d2-4b7c-b82c-5c7f59ff350b,846b52ba-c2e5-4483-904c-a4cfe22ae8d9;f13023fd-efc3-43af-98c6-50964c66c585;5da3ec47-73d2-4b7c-b82c-5c7f59ff350b;74077f5b-07ed-4dbc-8170-3cbafcf4beac,a96c56bb-58d2-4c65-9242-e1b781be221f,5da3ec47-73d2-4b7c-b82c-5c7f59ff350b,846b52ba-c2e5-4483-904c-a4cfe22ae8d9;d8346e48-8cf0-4322-93b4-5b383035e291,f98dda11-ddec-4e30-a87f-2b8dc7b7ef78,afd4b991-8016-4659-956c-263f0edcc863;e7e435ef-9713-46fe-9814-40423c54165f,84ba792c-d86a-49a2-96a2-05d3d744cddf,51d9043b-068a-4a31-a0fb-74719a5a6a11;he,ar;90;4000000;;;/film/5+rozbitych+kamer-2011-644476;tt2125423;0;0;0;0;0;646;646;646;646;646;0;0;0;0;0;0;0;0;0;0;0;0;0;0;0;323;323;323;323;323;0;0;0;0;0;0;0;0;0;0;3230
37;945f493f-1522-4a58-adae-b9e4e1e52b93;2018-10-19;2018-06-21;53 wojny;f0506edd-d123-41d3-ad36-1d31a8bb23b8;;50b609bc-701a-4ef8-8e88-13bb47292762,44f46255-6897-4d91-9e50-06f8f4aeb3ed,22e25590-4519-4f26-ac04-ed9bd4c7d631,e8197675-73fb-463a-ab67-58ca82c198d9,731ccb1b-fda0-4931-827a-217b628e2cbe,3ec3acca-6c8e-4d42-9061-93b87ed73ae7,d2c65e5f-2b70-46a3-a8fc-349b11b73d9f;80e4d3ce-7ca3-4701-942b-c2d7d002ccb1;bbcbff15-ab9a-42f4-a7e7-3534672666e2;80e4d3ce-7ca3-4701-942b-c2d7d002ccb1;b74f8c6e-9015-455f-8ea2-4da07b53f76e,3a281e78-cf5d-4613-aa53-c321a1076d5d,2d711f2c-2322-455b-833a-3c5e9f14862a,687a206a-8503-41bf-9456-e81156316adc,01fa483a-502f-4c90-916b-9a82daa79ae9,f780022b-e8dc-4fa2-874a-5854efd8d87e,286377e3-527c-47ff-9c85-f35547bfefc4;0a31708e-aedb-4381-9abb-632367732a7a,f3493e4c-e5e6-4500-969d-44daccda241b,5f2c3d88-0cd2-4a58-a909-17d9110f614f,0acede43-f638-4747-8e13-68d189602f9f,cf30c55f-0fa3-4c89-88fd-885fa6a8e899,d771e04b-027e-44d0-b58e-69670c15907f;c29315d3-7743-480d-ba69-783e11af73bf;pl;82;3202000;;;/film/53+wojny-2018-779949;tt7434040;0;0;0;0;951;12796;7644;1992;1338;572;590;0;0;0;0;0;0;0;0;0;0;0;0;0;0;6238;4128;1002;897;205;118;0;0;0;0;0;0;0;0;0;25883
38;b6734f91-946f-4308-9e69-befaa5829578;2013-04-19;2012-05-23;7 dni w Hawanie;f0506edd-d123-41d3-ad36-1d31a8bb23b8;;a46ae9a9-8602-4f96-b4e8-2feef2d3c759,9fbb0cf5-d0f4-4afe-8c7c-91e40da6f558,4a1456e6-3f17-4e98-8b7b-aa56ca194407,e2888af2-9c0c-4f01-97bf-c4660c993e01,354358de-cd2e-438e-9d3e-50df34033ac7,a8b3e154-c667-486c-8321-4780bda9b792,2222b3d5-f0cb-4286-9e0b-a83bf1d631f8,4e958304-203f-4438-bb67-8ae94df7647d,086f572f-b308-4790-b124-42522574f2e0,60f3cb93-4943-4a9b-aac9-a6b88273216c,403775fe-71f7-4ebd-881e-20883093e023,4e779645-6040-4f9c-9f46-4d0725b04134,fdb7dc19-944b-4ef2-821a-4dcc786cee6d,73cafd55-45f9-468f-b5e0-644f368aa6be,eaf376ec-ab76-46ee-af3d-77a7b940bd26,56e91d5a-b759-40af-9931-ee3ac8a299af,db53dd09-b01d-4ccd-92ff-3c0c049b0d79,90e2805b-43e5-4b6e-88e7-b7c78a35e134;ca711d84-b6d2-44cb-a219-88137d34a5a9,0ec76ec2-d8f9-4c02-b967-dfd81be8974a,69e20e32-f712-48be-9910-1d095f543840,a06d089b-7f7f-4b50-8c22-472b2d9fa2f3,6d8b1b51-fbb1-4ee5-9193-1f1bd3dad22d,6c645323-ef6e-4329-80e4-f4a8bc0fdc32,506867b7-bc60-4346-982e-79650286d88f;e71270d1-d648-42e8-b1cd-58315299e461;e1c42db1-ca1d-4aba-b61d-ac572923550e,f23e041c-31cc-4806-a675-09da61914934,9a8a164f-385e-43a3-8da1-f97bbd8117a2,69e20e32-f712-48be-9910-1d095f543840,a06d089b-7f7f-4b50-8c22-472b2d9fa2f3,6d8b1b51-fbb1-4ee5-9193-1f1bd3dad22d,506867b7-bc60-4346-982e-79650286d88f;8600f8d6-4495-4757-81cd-966637e1789c,8bdc6133-491f-47cd-ab3a-dc02fbfe160c,68fa9a2d-6ab0-4571-9eb2-7694aac3ba59,5505995f-4f94-4411-852f-0dd3a9a929bb,400a5380-bd74-42c7-a6c0-8b173fa60222,8c2370a3-b40d-4456-b16d-fe7502bd4e86,e16ab89a-f941-4119-8258-96f566950510,ae141082-3a01-40f5-b698-ad2b846ca4e1,79837de6-3dd6-4e18-bc19-bfeba2a5a42a,7dd77cd2-6e21-495b-9e84-f0a16832e2b1,703f5da7-c70d-4022-8872-6bad825c7d9d,c06844a6-84b2-4bf6-82d1-486dd18997de,860bca86-9372-4ab0-91e8-14184347c39c;74b91091-7160-4e01-9115-262ed7d54a98,869f31f6-914a-471b-a3e6-81d58fb3005c,3f72b9aa-14f4-43d6-b813-38338a103274;51d9043b-068a-4a31-a0fb-74719a5a6a11,23b75bad-d0d2-4cb7-8435-32f38257fced;es,en,sr;129;3000000;;;/film/7+dni+w+Hawanie-2012-610511;tt1797348;0;0;0;0;0;2935;2965;1767;698;699;698;0;0;0;0;0;0;0;0;0;0;0;0;0;0;1678;1285;1417;349;349;349;0;0;0;0;0;0;0;0;0;9762
39;ac054a26-af88-4c51-8b08-9d0dacdceacb;2012-11-30;2012-09-07;7 psychopatów;3c7e1786-5ed8-418e-a681-be5f4474850b;;c4ff9f13-3d16-4912-b22c-da9638f05aaf,3f7bda91-0b0f-49f2-8df8-1a219021fc37,805171e2-d084-4698-8b9a-9bbd6196b58f,10a8e57e-fe99-427f-a381-3fd071313468,a0ae1f5b-1dde-40ee-9538-9b0502d7367b,59d3fd19-eaeb-4641-91ef-249834260732,fbcaea3f-fb3c-46d8-9666-845bc104e648,ca848e6e-e443-4d41-a8eb-bc5e73ef7605,499ec3fc-b8d0-4799-8bad-de932ee14b54,e2acdf72-9680-4cd0-9a2c-e40dc936867c,8aa52f00-4d8b-4315-8e1e-8bba1f798ef1,60698b88-c67e-4e3e-aa02-43124068d39e,601267c8-aaaf-4321-822c-9066c6cf4f7e,dfd2c616-e3b4-4d94-a570-4ea0dd2b87dc,a568a646-8f70-4d54-a740-6758cd5a41ce,b99722f0-12f2-4116-8835-3c7afc730106,7232777c-79c9-49c3-821e-2cb3f9b6fb8c;4cd84972-34d9-4f67-96d5-a04abf062070;;4cd84972-34d9-4f67-96d5-a04abf062070;0c60a303-d611-4225-aa0c-1304858adbb0,dfc30cfe-d10f-49e3-a470-6be8df8f63d2,4cd84972-34d9-4f67-96d5-a04abf062070,de82a162-cb0b-48a7-8f36-8ba2a13577fb,b3248840-f72b-4104-9f56-c0469cce574e,489d89e3-0134-4a93-b416-ec1e4eecf699;e81fd1c9-05f5-4ecd-b0bf-ea893bfeb02a,ead2443b-4aaa-47e9-988f-1a5d6c5b2071,6e73a38f-e640-4fb5-9b17-bab8a7a5d24c,c04bfcf4-323b-454e-ba67-33e75c8ca0df;;en,vi;109;15000000;;;/film/7+psychopat%C3%B3w-2012-624742;tt1931533;0;0;0;0;0;29081;16877;9300;5123;2230;913;0;0;0;0;0;0;0;0;0;0;0;0;0;0;16042;9792;5603;4295;1360;594;0;0;0;0;0;0;0;0;0;63524
40;02014d63-851d-41a2-bb10-dd6752973bb8;2016-02-26;2016-02-23;7 rzeczy, których nie wiecie o facetach;516495a0-f121-4086-9b59-41a2d17bd118;158,169;53c874d9-0ea7-4ee7-a41f-ca6a8deddffc,9875db4f-d8bf-4a37-957e-74f16890d5c4,9f7d33c4-260c-461d-9e47-af1412902e5e,a6e299f6-11ba-48b1-8adc-1623ba434ac8,52ca3a10-e92d-488c-ae3c-0ebb4b106734,7c5fe042-864c-4d7d-93fb-9940e6dc20ad,9da41934-af96-4f7b-9152-10d1e76127f8;8552a1ab-0176-483a-9765-f8760f1a4077;25f89c98-035d-4f82-8cd7-87af356947ca;f400b76c-c610-4b48-89e0-e498965c0389,0ab34c8c-1f41-4a7e-b26d-fd1582877971;f400b76c-c610-4b48-89e0-e498965c0389,543d09e8-0c88-4cb6-9056-b88ca1f38383,bebacf6c-b16b-4cd0-812b-e479824d2083;174167e9-8243-4360-a627-a039f33aca4e;c29315d3-7743-480d-ba69-783e11af73bf;pl;120;3000000;;;/film/7+rzeczy%2C+kt%C3%B3rych+nie+wiecie+o+facetach-2016-749910;tt5312370;0;0;0;0;0;373699;402286;182778;79795;32952;27334;0;0;0;0;0;0;0;0;0;0;0;0;0;0;240928;212784;124417;52390;7060;19149;0;0;0;0;0;0;0;0;0;1098844
41;c4d5bf0a-a917-4060-86ad-f9f82e6a0539;2018-10-12;2018-09-19;7 uczuć;f0506edd-d123-41d3-ad36-1d31a8bb23b8,57366ac3-c349-4e55-ad5d-6f8061179e88;43;5015d6ec-509c-45f4-bd21-5088a6dfc506,7cc8df4e-1bd1-45e3-9f32-ee3f86b4b9c7,deeb867e-85de-4d8a-b388-f0c49ebd4447,7ecbc6b2-cb8c-41f6-a1ca-a6361543cd11,a36f23c4-6c58-44cd-875e-22cae2e3c10b,ec632257-2c3d-4a8f-9569-165c4e4351e1,e584e0c7-e2a6-4ff7-bff1-3f50e594f814,b07b80cb-e6b0-4381-b79f-f358fb207a35,3e13b614-9b09-44ac-97ea-7c424f11f59a,a07e4f26-c702-47ff-97e7-178095dc0ad2,6c212f83-2c90-411d-9ece-6c5625b9b43a,8d5643e5-3aa5-4019-9ce3-33aad5ec8a59;a6e99941-378e-46bd-93b6-dff4672cd84a;e71270d1-d648-42e8-b1cd-58315299e461;a6e99941-378e-46bd-93b6-dff4672cd84a;35f5806d-29bc-423b-a6d3-35514e20534a,7d0d385f-0b6a-4c01-bb15-458503454214,5866f481-2bba-493e-a5fd-5b763dde4dfe,f0fe4bdc-e000-4a4d-b10a-a50430b7226f;5f2c3d88-0cd2-4a58-a909-17d9110f614f,324a299e-1afb-4dee-a79f-3146cbfdf385,90d825df-9be7-47e3-a39d-83a33ef35376;c29315d3-7743-480d-ba69-783e11af73bf;pl;116;7935371;;;/film/7+uczu%C4%87-2018-810503;tt7343732;0;0;0;0;0;241787;211365;138195;124567;67180;32930;0;0;0;0;0;0;0;0;0;0;0;0;0;0;130050;127305;86809;83500;37709;21056;0;0;0;0;0;0;0;0;0;816024
42;43b48bdb-e125-4a1d-95cc-66cbc85a7b09;2014-02-21;2014-02-12;72 godziny;a581770b-f192-41bc-85b5-dfb77b57a612;;decaa121-64c3-4d2a-857d-25d8d93dd0de,b323e8ce-50e0-43b4-a034-18325d57196b,5c506f1d-ba8f-4e0b-94d5-e2e2a894b3cb,086fa0cc-105a-4576-adb0-cc11ff9be3f8,5e504a80-1cba-4211-be40-547e1e260754,e545d560-b3c4-4f50-b6bb-009a22735503,ec4b94ee-370a-4949-b4b0-20d99f949059,405c459a-463f-42ba-a59e-57ce25eb93ae,41fde2f2-cbba-4300-9c3c-e3c451f101a5,b1dd1170-a9d9-451e-a511-498da31fb710,d9baffb5-c530-4749-92af-986d490957ac,acd7d5d0-6436-4f96-b8e9-e793e7e4d0bc,5775a45f-8c1e-4e61-bb2d-9aea690e568e,e4f54d72-2657-4205-8a78-87d25c355367,750d0d7f-ecea-438d-90b1-5738a88a6f57,daf9d48b-cc94-4ed2-b1d5-ad7b7bd8d7e4,6851c200-7a99-4b3c-8c84-dc7c50c48bad;231a82b6-8346-4183-a34a-b2925e59b181;;60172139-69ac-4e59-b947-0ca92b438f9b,136e2882-3bd1-4d1f-9b7b-04a8ae70cc4b;60172139-69ac-4e59-b947-0ca92b438f9b,136e2882-3bd1-4d1f-9b7b-04a8ae70cc4b,1c0e31ba-7de3-4221-a114-ba8eba2c9219,4d899953-930f-4933-a356-8f755a35a762,a93077f3-a4ef-468c-a7fc-3d67aff98dc7,50a65e84-c7f0-4024-8ac0-614e6d2e9693,3ccd994b-1921-44ee-b054-c31a0b680126,f2f1a736-c0a1-4bf7-aaed-aba042e8cca3,74e69cec-4255-4291-a6b7-fa98eddb8967,972dcdae-827a-4998-a2ff-cf8cf4248133;b1a983f1-2d42-452a-a3e3-6a974071bc0b,e35a3df8-c1d0-4c92-a8ec-873bd34404c6,2378206c-5e13-43e5-9f03-48370d9d5ed1,a0c199a7-aeb0-46e2-9acc-e74113d617cf;dcbf781d-54a3-4734-9b69-a7e119d59fa5,51d9043b-068a-4a31-a0fb-74719a5a6a11;en,fr,de,sr;117;28000000;;;/film/72+godziny-2014-656289;tt2172934;0;0;0;0;0;48539;21767;7926;3469;969;969;0;0;0;0;0;0;0;0;0;0;0;0;0;0;27106;13494;5628;2324;485;485;0;0;0;0;0;0;0;0;0;83639
43;3c3d3d7e-3740-4316-869e-226e81eabfcd;2014-12-12;2014-08-29;9 mil;f0506edd-d123-41d3-ad36-1d31a8bb23b8,1db1ac18-a83d-4645-9cb7-3c60a03012ba;;a5cfcf91-2d3e-46fa-999d-f6d7de90b0b0,1cee3112-4d62-42c1-b525-fd9044d48537,53109acf-d13a-42b9-a9b0-5533d69125e0,43f39d44-1727-4f18-af29-c480a03480ae,da1fd64e-6a03-4f63-a924-ead8a52f517e,f86a9c71-96fc-4979-8787-f267d28bc13a,bdadfce7-5348-4f95-8eb5-1f1b3c843147,fb459bbd-fd16-47a0-bae7-ee0e23bba8d1;504b8cd8-d097-486e-85d5-bd6fe4ab4b85;2469ba5d-8a2c-4349-b38d-227be4d8eb2b;504b8cd8-d097-486e-85d5-bd6fe4ab4b85,c4c6fd36-5d3c-4cbd-b871-23072c72028c;a50cdc02-ecb6-4d49-aa31-0941ff130dec,60b873a0-479e-46d4-96e9-7ceccf68e06e,f0e019f4-748a-4c08-8ef5-6a642a9e8b79,43090c77-8aa9-4509-a8a0-f6a3244cb625,44756bd9-1bd7-4d35-a5ba-f89a7c36f527,b0673a9a-c5e8-43ad-9adc-9b12e2d70bfc,5bf3e30f-52ac-4fb6-8bc5-de41df540333,79372037-4ad9-433e-bc76-663e12bffcab,0c3a19ae-e103-4e90-8905-f80a125175b1,c8c003bc-a80a-4945-a6b5-72620d781b5c,a72babd9-da57-4c1f-83ef-69c244fa0705,7ed25f6c-e4af-4d4f-a728-4e72358d23ae,690283d8-6e04-46d1-a65c-4fe5139b0cb9,9e94b4ad-1449-4e13-889d-41c4a9d3d435,8a10162a-cd40-4a6f-8c37-dcd31b1a0268,d386556c-8f2c-4d59-8567-98ca0b00e7bf;3ba20934-e189-453d-81f8-187fcebd53c6,e0d45b0f-72c9-4e3c-b22d-b9df108edf2b,c0226ee6-d6f6-4163-a4a1-7db15e16e185,0ac037aa-3502-4276-a3e9-8eef61628525,d3b1ca39-ec34-4b6f-8f47-f926833c4699,fabf9fcb-f2be-4b59-914a-6b5c582dcc42,2843fa47-de38-453f-bd93-dc641ae3fd2b,d95d3305-188a-4f86-a1bc-96e111bc89a7,ea6b889d-092b-42a3-b0f7-e0b8d159dc12,3ccd35c9-40fd-4838-b31b-93dabb655353,48117b2f-bb5f-4788-9f59-c09856028e16,8eb07faa-4547-4547-859a-cdc9368d67c8,f743c8aa-a6c7-4951-a57b-7a8991ca062a;;;136;5000000;;;/film/9+mil-2014-650814;;0;0;0;0;0;382;141;244;41;16;9;0;0;0;0;0;0;0;0;0;0;0;0;0;0;236;106;71;19;8;9;0;0;0;0;0;0;0;0;0;833
44;c9421a60-f688-4abc-b203-1bfd84f25eff;2011-11-25;2011-11-25;80 milionów;a581770b-f192-41bc-85b5-dfb77b57a612,69ae5733-b41f-4d3b-a184-285082860dc3;;dc87c2e7-c22d-4230-a059-a39f19d60e90,a1d7f90a-3db3-48d7-88e5-289fd8999fc8,bc81342b-6484-4b02-b32f-a8b10f9e7c75,0a7d20f3-7fb2-4213-ab1b-4cec878a73a0,65c530dc-e4f2-49d9-863e-c39bf8d9664a,92384976-afac-4f57-9964-e29220e9b65f,7ecbc6b2-cb8c-41f6-a1ca-a6361543cd11,0a8961b7-16e3-48ba-9854-9774ab4db1dd,5a85c24f-8141-47b3-9e8e-9a7df9225e4c,3c53e2d8-afa2-4b55-bf8e-9650a5e64b97,f52195da-b082-4006-9347-5488ed69d061,c8e15d1a-6ab7-4320-88d5-61ce841e5e5e,cd10df93-ca13-4e3c-b182-47ad4a5f0ae2,a636a13f-c773-41ac-b8e9-fae1894e9284,70f2d5cf-4dac-4cc4-9145-72ffdeb10b6f;d8b96636-370f-4595-9688-812d164e61b1;e71270d1-d648-42e8-b1cd-58315299e461;d8b96636-370f-4595-9688-812d164e61b1,6a5bd663-e057-47f8-87dd-d6b1ff62a9fd;beca2755-fdf6-4731-b4c5-38fe1e6b279e,7d0d385f-0b6a-4c01-bb15-458503454214,3e7e1ba5-70ae-49a2-be41-42b60729c938,cf52467e-d36f-4f5f-96e7-d16530a2fc20,1e4a1368-2f03-4f33-8481-9d2b609ad9df,5184f2fe-eeb4-490b-92bc-b326bcca1218,5591c665-3291-46ac-bbe5-994ad21c926c,b3d6b31f-8326-4651-af98-06c224808a05;0a31708e-aedb-4381-9abb-632367732a7a,090991a7-2be6-4093-8e0f-23a1f0d1f1fd,2a68c455-6e78-4884-8401-cbbc36619109,5f2c3d88-0cd2-4a58-a909-17d9110f614f,324a299e-1afb-4dee-a79f-3146cbfdf385;c29315d3-7743-480d-ba69-783e11af73bf;pl;102;8000000;;;/film/80+milion%C3%B3w-2011-537460;tt2056501;0;0;0;0;0;47072;37172;24230;16520;4835;7370;0;0;0;0;0;0;0;0;0;0;0;0;0;0;29122;21370;13362;9429;1149;3685;0;0;0;0;0;0;0;0;0;137199
45;01719cc6-194e-452d-a0d5-8cddb57dfeae;2015-01-30;2013-05-23;A jeśli Bóg jest?;f0506edd-d123-41d3-ad36-1d31a8bb23b8;;4805256d-9c65-47e2-8e85-77a3384337c1,df20bb70-85dc-4180-9bd1-b19a792ec999,382610c3-cbcf-48e4-a549-9d7ef3fff246,36092d04-3fb4-496b-a356-522fd09f9469,643ac979-0617-460a-a2be-0c0aaa2df342,a8bb4ebf-2db5-47eb-a746-b1dcdbc4b772,1944f6a5-c372-4848-bb20-a863636b06af,7ad39d6a-4075-4dfd-be9e-60b9e78f0510,ef540db4-703e-4556-9a35-42ce9cfa7925,72bf9443-a566-4802-86c2-7423d8a7cadd,4310a313-37ec-4b15-9696-abefd1c46deb,7ae989e0-5aee-45ef-ac36-a9ad263cae53,f31339c1-41b5-478e-ada9-f4167a2eec0e,476d025a-cb77-442e-9209-e1d2d1f64c06,df9feaf7-dafa-4b92-995a-4533ea1fc5d8;3bbf2c53-7c15-431d-af22-397304c5a502;d8edaed4-aa2b-4b31-8916-c373eaa4ad97;3bbf2c53-7c15-431d-af22-397304c5a502;4752c3e4-141e-4dd2-8703-e865766329fa,89215c28-1ba9-45cc-9e06-302064a9ca38;3ee01dee-55b5-402a-9c2e-9ff5b0f40415,2ad553c7-2790-4e38-9eb3-4673a69202c3;6614b794-9b07-4de2-837e-3aba6098ec7a;de;110;1000000;;;/film/A+je%C5%9Bli+B%C3%B3g+jest-2013-684867;tt2822400;0;0;0;0;2525;1009;87;119;181;180;40;0;0;0;0;0;0;0;0;0;0;0;0;0;0;822;29;27;90;90;20;0;0;0;0;0;0;0;0;0;4141
46;09f3a925-ad6d-4da7-95f4-7f10bbae8067;2018-06-01;2017-12-20;A może by tak trójkącik?;57366ac3-c349-4e55-ad5d-6f8061179e88;28;6de47211-fd6b-427e-9c41-87cc7f0b51b8,3d0087eb-2228-4078-9100-e72d8397a7b9,3e677b0a-f471-4d2f-ae38-08ed4ce26cc4,49d1304b-2fbb-4a4d-8842-aa82ec00addc,09a9238d-97d7-457d-b451-8cdf2c10fa41,616de2ca-bed7-44ae-98b1-9adf6b6f65af,30ffc626-b757-4cc1-84b0-eaeb080582de,47450046-9c87-4753-ad2d-84ce1adc2b6c;220a3c92-2fb8-443f-9c21-56e8e90f0aed;43f94a4d-076d-49a9-8d94-b44243057ea8;63c94646-3fb0-4481-937d-2c7634a7e8da;;;;;91;3000000;;;/film/A+mo%C5%BCe+by+tak+tr%C3%B3jk%C4%85cik-2017-807784;;0;0;0;0;0;2242;253;79;78;78;14;0;0;0;0;0;0;0;0;0;0;0;0;0;0;1100;100;40;39;39;7;0;0;0;0;0;0;0;0;0;2744
47;4abb3407-f1d2-4e58-a5b5-d9009d7419df;2012-02-24;2012-01-30;A więc wojna;d34b4e2c-74ce-42ab-b438-86fbbdcaee15,8cd25594-1c53-4fcb-9d63-9bc49e46b082;;29f40c79-84ba-4a94-a307-becffbc5a3fe,ba5e587e-6453-4088-b1e5-72042f48a62b,077635f7-116e-4dc4-b91d-8ae6783e7a68,8b5f4334-9fc8-417e-93c1-bfdd34d19b19,82e475fb-e041-46fe-b5e7-477fcca82295,922f1ac9-9d40-449e-9cde-917973593615,9dcde176-4f1c-4986-bf67-9c6cabf44d95,59f1ec51-0f9c-4cee-a12a-0fa925213ce8,3904e117-b419-4064-a08d-8ee521fed544,5c5f551b-9e6d-42ef-936a-53fff9170534,8ce3c5be-5d0d-4c5a-ace9-59534de6037b,8167599f-98ed-47d3-82a0-136d5407cc48,3f3f6b15-3d21-4d47-b802-92fd8925e6e9,65c2c58c-3d74-4664-a2d3-75a363528afc,b616d615-3b5d-4e33-b129-5c83499b3c99,c48b575f-c60a-4179-a808-1ff81457e011,2fcdca79-267a-46e9-ba87-96d49a2d89db,aa9c85aa-6714-4adb-8178-f2887d1a043d;231a82b6-8346-4183-a34a-b2925e59b181;;cf36bf6b-a7c3-47bd-800c-50bfa7587440,2cca77b0-7fb9-4631-bc8b-a450f2eb363e;3555b0c6-b7a2-45a4-851a-8ffe675a5e87,430edd55-4227-475e-90b1-476a16a78dbd,2cca77b0-7fb9-4631-bc8b-a450f2eb363e,9fd32dde-8cb1-42b3-8111-9b7733c5e3b2,d233c6c8-cb3c-4f8d-abff-fce55eb26cc5,77609eb4-3a54-4098-9b36-f662f8ea4393,42de8626-84c1-4887-aebe-01b8ffe7c5cd,bb447b4b-f4ce-4eed-9260-a54e96251372,0d52efbd-919f-45c3-a739-f7386f0188bf,7a19d841-87bf-4ba0-90bd-b40c7734fc0f;da078577-6b81-499d-b051-e8bea8ebda49,68decbc5-506c-4bbf-94bc-35e4aff22007,b89cd99a-9607-4bd0-bc4f-29bc079be1c1;dcbf781d-54a3-4734-9b69-a7e119d59fa5;en,de,ja,sr;98;65000000;;;/film/A+wi%C4%99c+wojna-2012-561856;tt1596350;0;0;0;0;1933;36565;22513;4711;911;910;910;0;0;0;0;0;0;0;0;0;0;0;0;0;0;22085;10654;4255;456;455;456;0;0;0;0;0;0;0;0;0;68453
48;e1ca9365-1829-4c79-a243-116516b444f2;2012-08-24;2012-06-18;Abraham Lincoln: Łowca wampirów 3D;45434b4d-8a1e-4d0b-8fce-cd849ae707e0,d31939d6-e42e-40f4-8e25-f18e47a1e035,d34b4e2c-74ce-42ab-b438-86fbbdcaee15;4,51;a3cf935f-3b69-4d45-bf62-05ab4dc47d7a,f9047b18-5dcc-4e15-91df-939fec9dd96c,bd0fb7eb-efa9-43be-a1c2-c21659c7f7e2,b2334f31-4868-4736-a010-252bde2fe826,fa5bb3b6-12a2-4fd5-b6f5-3ed6742f9105,c27baf19-845f-4780-9146-6bade1c127f0,03ff926f-83eb-4bf2-86ac-021dd913b8e4,b9c4b0cb-dcd2-4d52-9e61-f1f3db1606c2;084445e0-3fc2-415e-86b7-b7e565b7f402;3a4a9d44-3283-44e4-97f7-199fed0ffbac;32f27f2f-4e19-4523-b527-6d5a575f03e4;4bda07f9-a1e7-4f62-a0b9-3ae86cdc446b,b770af0e-59fe-49f8-ba18-7a818bfac1ce,2cca77b0-7fb9-4631-bc8b-a450f2eb363e,084445e0-3fc2-415e-86b7-b7e565b7f402,980f6767-e68c-4499-8ab5-d9cf85ea53f3,fd993b8a-f8d0-4b1b-a3c0-d79777adcf2f,495cd1dd-6695-4560-a3f3-161d068b1ddf,32f27f2f-4e19-4523-b527-6d5a575f03e4,709bc1be-b548-4b18-a40b-c278603ca0f0,83c0514b-393c-404b-8828-7b900e6dbca3,b9ffb2b0-b7c4-47ea-a02c-4fea8ebd346a;2a614ff4-1261-4188-946c-ff5befa87379,be9130b9-6426-4302-a502-2c025f7df351,3983ab01-0564-4d5d-8afd-9dc46d6dd121;dcbf781d-54a3-4734-9b69-a7e119d59fa5;;105;69000000;;;/film/Abraham+Lincoln%3A+%C5%81owca+wampir%C3%B3w+3D-2012-563280;;0;0;0;0;0;29753;15075;5809;740;518;0;0;0;0;0;0;0;0;0;0;0;0;0;0;0;14753;9145;3216;481;259;0;0;0;0;0;0;0;0;0;0;51895
49;d60caa00-7d67-405d-af19-ec410deb73fc;2016-10-14;2016-07-01;Absolutnie fantastyczne: Film;57366ac3-c349-4e55-ad5d-6f8061179e88;;b1fadf82-a963-41d0-8253-c60f9963bd2c,efcd2dbc-15a4-42a9-afe0-91339a6bd1eb,904fb1a5-79cf-426a-a3be-f2b7c349e169,09004fb7-023c-45f1-a44a-c8d6e1016de1,8a01714b-bc9a-44c6-9ae0-3cb6486b4d5c,674078de-b7b1-429b-b7fb-872d8147fd1b,49f70e94-f17b-4e4c-b9c6-d13bab858948,4aaca51d-fa56-4b1a-b551-10b07553bdbd,c9a878fe-3cdc-4e47-9573-bc0feab2acb8,af24e2a8-2b7b-4af1-9aa8-6318cf17b30d,a182a5b5-a984-474a-ba8d-a7f584d2e909,54efc3db-31c2-4990-a5ec-a62e2a13bbca,b60fed67-1b09-4f96-bcc5-e10645e22c1f,fca5e518-44fc-4a66-bf0d-473944e870a0,cf6a4939-17b7-4f20-9625-608c95883573,449e5b85-55c1-48e5-868f-d754d49dab06,b73f6580-b920-4489-a0cc-61692ee923a7,10e82099-5ffd-457c-bea8-636dbfa87bfe;9e8f7e09-47bc-4424-9f18-2789ab3a9c40;f8c298fc-ffb3-4397-9e1b-d709aee89d2a;b1fadf82-a963-41d0-8253-c60f9963bd2c;b1fadf82-a963-41d0-8253-c60f9963bd2c,5ae92aa2-fe87-40e3-890b-81624b757da2,2d0a38e8-382c-474b-8cbd-09888b073fa7,c88ac262-f145-410c-a248-df745ead7da2,e2f79f4a-a68a-4ac6-98b5-ad8eddbb7608,9a881859-d9b8-42a9-9a95-d3034cf1ed36,07e04c5c-bedc-4f68-8cb6-099a78179b41,f978d05d-2366-4bd6-ac18-303b3453197a,9906a548-7f37-4c67-aba1-b8863d6d8034,b576c9e5-1701-4fbf-a052-3f44a26cbf60,6f59bb18-9dac-4d92-8497-77f79ac235d6;4e52a1ad-d575-400c-8cb2-926a07ddd950;;en,fr;90;13000000;;;/film/Absolutnie+fantastyczne%3A+Film-2016-756067;tt2112096;0;0;0;0;0;5739;1331;105;7;6;6;0;0;0;0;0;0;0;0;0;0;0;0;0;0;3257;779;54;4;3;3;0;0;0;0;0;0;0;0;0;7194
50;01e6fe02-c77f-44c7-8a84-14f55a6d75ea;2017-10-20;2017-10-20;Ach śpij kochanie;c8692873-ebae-4261-a833-4378ab4e126b,1db1ac18-a83d-4645-9cb7-3c60a03012ba;;deeb867e-85de-4d8a-b388-f0c49ebd4447,0bfcc984-4439-4697-b159-929e2d575ea2,e595a886-d369-4fd5-ac9a-0571a795fa87,c33de575-8ee5-4280-9166-6940f4cb0b09,33a532a4-8811-4097-abec-ba02e5ce5ff2,12553ea0-44f9-4517-9e34-a3f752927f1b,5015d6ec-509c-45f4-bd21-5088a6dfc506,78ffc5b3-37c0-4886-a865-5ba010a55a94,94dafbef-0d19-4056-aa7d-4b4b98082093,eda0c14a-ef66-4de8-b08f-6faa34d8e4ad,f6adae57-afa8-4bb5-9586-8042eea1632a,0f03de45-f8e5-4004-942e-e2260b111a19,7a0f17e7-9233-4475-8f8d-fa474a18646a,264d2390-8e75-4628-8464-c019c6673e64;5385d754-258c-4311-9103-52c79e58249d;6dc7f7ed-6e1c-485f-ace0-6547ecb1abd2;d7e5d717-7beb-4566-86e2-ce84e2784cea;5385d754-258c-4311-9103-52c79e58249d,7d0d385f-0b6a-4c01-bb15-458503454214,ae832a11-ead2-48dc-8c6b-0328390ad3d5,b3fbda99-2cb1-4496-ab4c-0a0d811cfc12,b59eda52-119c-45e9-a7cf-a31ea675fb9f,f0fe4bdc-e000-4a4d-b10a-a50430b7226f;3a5100a9-638f-464a-b8da-cc69e0fac16d,659b5fd2-119f-4498-8587-21c47ead07c3,5f2c3d88-0cd2-4a58-a909-17d9110f614f,324a299e-1afb-4dee-a79f-3146cbfdf385;c29315d3-7743-480d-ba69-783e11af73bf;pl;100;5381440;;;/film/Ach+%C5%9Bpij+kochanie-2017-774077;tt7135128;0;0;0;0;560;63887;40715;16626;3323;983;687;0;0;0;0;0;0;0;0;0;0;0;0;0;0;39138;25715;11061;2015;668;556;0;0;0;0;0;0;0;0;0;126781
51;8d35f1a9-c828-47da-9c0f-b2216735a34b;2013-11-29;2013-05-15;Abu Haraz;2c2fd51f-d2b8-4fb5-aec2-faf911088642;;;87c29c4e-3829-45e2-a7d3-546fad32513c;f13023fd-efc3-43af-98c6-50964c66c585;87c29c4e-3829-45e2-a7d3-546fad32513c;cf8c872d-a34a-48f6-ab2e-da75fbaee404,87c29c4e-3829-45e2-a7d3-546fad32513c,15acd566-4b3f-4df0-966f-9c8660fd7224;ada13c2d-5d8a-4701-b9f2-ced6441772ac,5f2c3d88-0cd2-4a58-a909-17d9110f614f,3a0d04e3-6372-467e-9896-87056e966925;c29315d3-7743-480d-ba69-783e11af73bf;;75;1000000;;;/film/Abu+Haraz-2013-684341;tt3421636;0;0;0;0;0;0;0;0;0;0;0;0;0;0;0;0;0;0;0;0;0;0;0;0;0;0;0;0;0;0;0;0;0;0;0;0;0;0;0;0;0
52;e0e03b45-0600-4d11-9c8c-f655b313d09e;2019-09-20;2019-08-29;Ad Astra: Ku gwiazdom;6a5af1f4-128c-4ca8-960d-3f0f36d29764,1db1ac18-a83d-4645-9cb7-3c60a03012ba;54;13ee4b77-10e0-4dd5-878b-53462a2e63ee,53afa2cf-3f23-439f-b970-3c8bc1a2975f,e9d863aa-82ab-405d-b1a3-ccec9444420d,c76f7747-d56a-4cd8-aa96-4b5f89b108fa,82d8ae20-40b4-4751-b369-494f561a2411,c96d071b-5c09-4e86-b146-cf8d52e75efa,23fccfa4-a177-4524-b445-b3fa06b12e64,59f1d0e0-8121-482f-9091-99a3247c57d0,f7a0d020-180b-410d-9d8e-124b9fc83b62,76f8ebc2-fe11-47ce-ba91-f13d2cd7e71a,e3adee06-75ea-4364-adf1-9b457005baac,5dff4959-27e8-46b8-8756-a45f05f23658,d3aa6756-5443-4918-bcba-4fe64291f943,00f9e838-ca41-4204-be32-b611423fda08,5172a4f2-14b9-4c3e-ba1c-923f8536e7fc,98de0853-c943-48e5-abd0-7945c4405dd9,9f8a3341-d249-4a1b-8e30-2c37f60979a2;7d61968b-5566-4eff-9875-f54df6ced05a;f8c298fc-ffb3-4397-9e1b-d709aee89d2a;7d61968b-5566-4eff-9875-f54df6ced05a,25115d2d-1d70-4aec-a0c3-95ac7ea45ec1;13ee4b77-10e0-4dd5-878b-53462a2e63ee,7d61968b-5566-4eff-9875-f54df6ced05a,9899396b-206d-4275-be9d-978e77f6e3c4,5706bf12-4c05-4846-b1cf-20a3174a0473,1e093496-0fc9-4e88-b374-7faf6314cf31,7c7ec207-9213-4c76-aba0-8ef85102a772,dbc6fc2b-2efe-48f3-a7a3-eefaf0a6e88f,c8e06a92-1f8d-4ad4-8d92-1587fe89b959,81fc12cd-3d05-4cc7-ba84-969c2a3ad41f,1101a007-b7df-4a70-9728-47dc22089718,074c7bca-b942-483b-bd01-4ee5d8128a40,a42da17c-852e-414a-8f64-713ff635acda,8b5f3a88-8f0b-42df-82b0-7a57743c7a05,4c1585ef-3984-43be-93a5-f760f56e1c24,07370369-f8ee-49d0-9aea-b4e94d5d408a,1f3c2cbd-1b13-4e11-a29a-fa3c9e229f9d,14461499-78dc-4102-8321-f3902c966c2a,2b19cf0d-2582-42d9-be2f-625ff0ba09b5;351c708e-f368-4166-815f-3f3d34e0be5e,cb9b0fe5-b4b0-4e7a-aca4-aa5bc4fcc1e3,da37cdd9-c140-4a56-b041-7908634388ff,39ed37b6-2569-47ea-8d79-7322170034e6,61981091-39a4-4ed8-b493-e3eed43be62f,20e620cc-11f9-46e9-b18f-f07cdf550544,4f598e53-3d4d-40a8-9e82-1d72c3b2f1a6,067ae662-e5c0-4f46-8c43-13a862fc66df;dcbf781d-54a3-4734-9b69-a7e119d59fa5,244d82ee-fac6-439f-b523-145e08dfcfec,270542da-ad6a-4404-8f03-01fd73a4c545;en,no;124;100000000;;;/film/Ad+Astra-2019-792557;tt2935510;0;0;0;0;0;92478;74523;33688;13282;3659;1387;0;0;0;0;0;0;0;0;0;0;0;0;0;0;54351;40797;21338;6851;2528;606;0;0;0;0;0;0;0;0;0;219017
53;ee03a3ca-e32d-4f79-bff8-36f304cc2f05;2013-11-15;2013-10-03;Adwokat;f0506edd-d123-41d3-ad36-1d31a8bb23b8,c8692873-ebae-4261-a833-4378ab4e126b;;9d5d5884-5109-4dfa-943a-cb8da1dee506,80755b84-0fb3-4c8d-8bce-6e6119a2487d,83e5f261-738d-4c0e-855b-2d235c8de764,21bf6567-cbee-457c-9e77-d53782f6be4e,13ee4b77-10e0-4dd5-878b-53462a2e63ee,e345fa9f-586b-4313-a572-7964e778d1cc,4d43e194-7be7-4b7e-905f-8ce72268c018,8c05d5f4-9ddb-4a0f-9cbb-44d6f9127ae9,9b059fdf-6ebb-4de0-890f-1ff7dc069641,62a3880a-6415-4b91-a0f5-46ed2864d242,f2ffb642-ea65-4ac6-bed3-965f131801d7,81f30fc9-e720-4b2b-ae43-2d29ffed315d,9368616f-c4f9-4328-b0cf-89baa273868b,c5ac5c5a-c945-4362-8b30-5d2562223d3c,76e26457-361f-4ff8-95e9-deba0367685a,2399cab6-3dce-4b7b-bcd7-072e6dd9fd2c,9eb3724c-fd9b-4f56-a899-b629cd28173b,69500494-5450-436e-b24b-102bb8096792;91d1fa82-d819-487a-a541-6fb0c7cfe74c;f8c298fc-ffb3-4397-9e1b-d709aee89d2a;4f5c8111-98df-4622-9e67-0a1b704ba930;91d1fa82-d819-487a-a541-6fb0c7cfe74c,aaee2c3c-1a35-46dd-8da3-7a72560b95bf,e1eac8f8-a9cd-4981-8dd4-0a3ae055d4f9,1e093496-0fc9-4e88-b374-7faf6314cf31,cd2eb396-c511-4788-96a6-65a20dc8cfca,4f5c8111-98df-4622-9e67-0a1b704ba930,d4562e95-42e9-4771-a5ff-9886ebd05ca6,d853d4f9-0228-4067-a78b-8f9cf02bd284,1161e4d5-e8dd-46c5-b5e0-e88743eee0dd,9cbb93b4-4420-47de-8758-6f2c082814a7;f1e085e9-c9de-49f4-bf1d-01f8d7f57fdf,58362519-6719-4c80-b6e2-6686c399a329,d95afa8c-b7ed-4e45-8a01-2683645becf6,9083b2e1-d808-4cdf-a10d-64403f037add,358d8f7e-a315-45f4-a724-f19cdefd845d,4f5ded11-83ac-4d23-9b1e-5dba8fa2a727,590d4322-0ba2-4558-8b53-5560a0ffc383,01e8bee4-ea35-4bea-9c25-0635c0c4efc4,88b40b40-290c-4eba-bdce-86c9e6125d90;dcbf781d-54a3-4734-9b69-a7e119d59fa5;en,es,nl;111;25000000;;;/film/Adwokat-2013-646045;tt2193215;0;0;0;0;0;74287;36878;19533;10604;15855;5857;0;0;0;0;0;0;0;0;0;0;0;0;0;0;48938;24109;12141;6257;11476;4248;0;0;0;0;0;0;0;0;0;163014
54;20eb0a0b-f773-4293-bb8d-93ec439a9b17;2019-04-12;2019-04-11;After;1bc8cbbe-fb9e-490f-a24a-e54e6013de4e;60,114;b46cb954-043e-4e82-9d63-24e3b8174313,b346a185-e562-4c5e-b83a-24fec3bf30bb,b53d523f-f9ad-4c4c-8662-d17f1924dec7,a2ab4be6-de38-4a07-b7ab-91100bc40018,6c8162a7-c6c1-42cb-8dc4-d189785038e7,b963197e-7880-42bb-86ab-916c13506c83,887c0492-9a46-476f-84f7-3a8a0d86372e,09ec9abc-b70d-4382-bbd0-ab12e3c1b99d,9dcbd69c-829a-4ddd-9f5f-b25d442daed7,59d610b5-8dbc-4c15-9c09-340c292fc1af,9c01e8e6-cdc6-4454-b8d0-a45639ebeda6,3184ff14-a405-4545-a54b-5bcfc3562bfd,ad368e63-974b-4aa3-8ec6-2e397ccd36cc,f9772a1f-0bb7-4edc-a37b-7b39af678438,05738cf2-898e-4538-8e7e-afe7fef1146c,d80a68ff-bdc1-48dc-b8ab-d610755758fc;486c056a-1744-4d86-a9c4-f4b6f4f7d72c;6dc7f7ed-6e1c-485f-ace0-6547ecb1abd2;50269ccd-0217-460e-9f51-e49069174918,c2ecf000-6303-472a-a86e-e8973ee4cf66,ec331bec-8052-4b70-b889-657f7f44d098,486c056a-1744-4d86-a9c4-f4b6f4f7d72c;4ffec98c-ad33-47a7-8621-72a6bb75886d,8966a5fa-4138-430f-b026-fce3da8cd4d5,59d610b5-8dbc-4c15-9c09-340c292fc1af,0a0bb7b0-00c6-4d9f-818b-62450f2d08d3,1589c260-b928-4469-9e47-0a07dba493f2,63af9ad7-0eb2-461b-9dde-b25fa377acf3,9c232f19-6a29-4cfb-a3db-19132ad88fb6,339dcbe8-1d89-4645-86a3-1d213156690e,5684b963-748e-46d2-8210-5eede8c63fec,ca52a76c-d071-4689-997b-96e9e792e3d5,b076acca-e651-4513-9d0b-738cd7e6db65,83ea1607-6008-492a-87f8-bfc4bde89626,da2e0510-a41a-49b4-8315-25d29f04bfe0,63c46027-5ea6-43eb-a5c4-5edf7de9c7ca,9dcbd69c-829a-4ddd-9f5f-b25d442daed7,0ac28d1f-c7dd-4734-b101-5248d262bbba,5e18068d-b6fe-46cf-b124-3338e40a3be5,861ed965-a25a-4306-b1f4-526fb2d07f54,8681bc8e-7c0f-4c40-8878-2005024cb9ec,eb1d97dd-06eb-4f43-a646-9016bbffa34c,1dd0829d-3620-454a-9f28-0c6e48530a45,402b5205-8dd1-4ded-a1f4-a741f6c6daac,e2966e58-ebe4-4535-8ef6-b02245fd248c,d3269f59-e7f5-4bfe-9a2c-60ead3ebb5c5,55ad952d-d86d-4546-8143-4a510b1606d4,05738cf2-898e-4538-8e7e-afe7fef1146c,d9d4b0cd-f399-433e-9323-5ea742d30fe0,956c3ed1-97f1-4bc8-8f6f-0f5a9db4f1a7,b36c262c-dc39-44a2-8be9-3d29f048e4c8,3b2cb4a8-6717-43ad-9192-8e62d5356f47,c29f5237-1193-44ed-a6e7-488959f4a0d5,6da94c0d-3d8f-4dde-aef3-db9383eee950,b5f2d5d5-9867-4f93-a754-ed61371e5403,c2ef82bb-f88f-41cb-a99e-fb077675d62c,4180dd22-dfb1-467b-bf6f-d1ef849f1c0e;fe2a5664-99ec-45a4-924b-307940d645b2,8e3de278-b32a-4954-98d5-2d80aafcc07e,eaff1f97-5fd0-4309-90f3-2ed5bcc04e0c;dcbf781d-54a3-4734-9b69-a7e119d59fa5;en;100;14000000;;;/film/After-2019-810142;tt4126476;0;0;0;0;1178;208003;53313;50305;25803;10692;4329;0;0;0;0;0;0;0;0;0;0;0;0;0;0;123186;12594;25191;16453;7507;3138;0;0;0;0;0;0;0;0;0;353623
55;35b1194b-a605-47d2-85c5-1e136f441327;2015-11-27;2015-02-11;Aferim!;2d137c0a-c773-470a-b094-2d2ab736788a;;38c17265-c6e5-48e3-8e67-321aebecf814,12fcc9a1-81a5-469e-9441-02bd2369cf9f,8feb3579-8def-4922-b1a7-8cca1ce2fdfb,a9c1bae4-0490-40f6-979f-d6f616a48d80,0dd1d20e-23a2-4fe9-b7b9-b168dca8cc74,43b7348c-991c-4e1b-b6e0-933992b59e19,482214a6-6347-4738-9a44-e47deb4cf601,33f63242-5142-4717-908b-39b8e52a0d9b,8b27010e-ecee-44e8-be3a-cfe4442173d1,41979e6a-f804-4a11-b459-da6ea2e0c3b3;fc18ca19-4bd8-4c08-b976-49df4446974d;1886bb61-6185-44b0-849b-ed26b23b5074;fc18ca19-4bd8-4c08-b976-49df4446974d,246f6576-eff4-4850-8437-955a3a778864;2ab8fab0-efa3-46bd-b6bf-bc689a095cda,a8a14c29-30fc-41b8-a6c0-b4e564b31d06,92ea1d5d-ea0d-429d-b7d0-71ec642075bd,caa06a34-9382-47b3-9788-29feb8188488,367fc50d-fa3d-4984-8da6-b89f2b02f22c,90b798e1-5c00-4828-9c2a-35631af06168;f9edc250-ba46-4f7b-ac73-4cbed4acf052,c5b5095d-65eb-4b0e-a9e2-ae01b78acce1,890be000-b972-4a88-aa4a-37581db0ae88,6738e946-e15b-4c0f-a443-d0c70a046f08,a2102bce-3dc8-4ef2-b3e9-d037553f979a,eb51b3e8-a675-41ab-950c-4f96dad32f1d,6548773e-211a-4219-aea2-78443171b1a0,8afd9311-85a3-4fd4-b67f-487f22763694,44ee0d72-26be-4682-a951-a2d0667c0b08;51d9043b-068a-4a31-a0fb-74719a5a6a11;ro,tr,rom;108;1000000;;;/film/Aferim-2015-720728;tt4374460;0;0;0;0;3693;1699;398;238;113;196;234;0;0;0;0;0;0;0;0;0;0;0;0;0;0;1132;239;124;25;98;117;0;0;0;0;0;0;0;0;0;6571
56;d9bc098c-74dc-479d-8cdd-e0e9364ecd7c;2020-09-11;2020-09-02;After 2;1bc8cbbe-fb9e-490f-a24a-e54e6013de4e;60,114;b46cb954-043e-4e82-9d63-24e3b8174313,cc537c08-6ca2-4b3f-99fc-d25e253f0c24,887c0492-9a46-476f-84f7-3a8a0d86372e,a2ab4be6-de38-4a07-b7ab-91100bc40018,50ee9999-080c-4015-98a9-29a00c115c3b,b346a185-e562-4c5e-b83a-24fec3bf30bb,b963197e-7880-42bb-86ab-916c13506c83,6c8162a7-c6c1-42cb-8dc4-d189785038e7,403c93e6-a468-4375-897c-100e634bb373,93dde696-f184-474a-96ee-25b1374a494c,b53d523f-f9ad-4c4c-8662-d17f1924dec7,d1fa8df6-047e-4db9-9cea-f64691cb727e,09ec9abc-b70d-4382-bbd0-ab12e3c1b99d,b2a34128-3dfd-418c-a318-15af73b1bede,88ec0362-e0a9-4cf9-a031-d054a6b5ecbb,0438d4c1-1a8b-4088-92e7-c48a4a712577;85fce1ef-4492-4834-a0ae-4199aa0c2d48;6dc7f7ed-6e1c-485f-ace0-6547ecb1abd2;45d63cfb-3250-43d8-a4e7-599254c03074,da2e0510-a41a-49b4-8315-25d29f04bfe0;4ffec98c-ad33-47a7-8621-72a6bb75886d,1589c260-b928-4469-9e47-0a07dba493f2,63af9ad7-0eb2-461b-9dde-b25fa377acf3,59620cae-57d1-483f-9a1e-744b5ffa0498,83ea1607-6008-492a-87f8-bfc4bde89626,da2e0510-a41a-49b4-8315-25d29f04bfe0,63c46027-5ea6-43eb-a5c4-5edf7de9c7ca,0ac28d1f-c7dd-4734-b101-5248d262bbba;;dcbf781d-54a3-4734-9b69-a7e119d59fa5;en,zh;105;14000000;;;/film/After+2-2020-837566;tt10362466;0;0;0;0;19383;97967;48904;32438;16470;10113;3279;0;0;0;0;0;0;0;0;0;0;0;0;0;0;68136;32733;20874;11525;6081;2194;0;0;0;0;0;0;0;0;0;228554
57;1fe0f618-e992-49be-8c7b-20ea636d9ade;2019-01-25;2018-02-23;Aga;f0506edd-d123-41d3-ad36-1d31a8bb23b8;53;63c93b4c-dbec-44de-b6cc-eb0ab85acdcb,9da0353c-5ad2-48ce-8697-cdd123052818,99560744-f1c1-4f34-b639-cfd4ae6ba2b1,110f69d6-08b4-4bae-9fc5-111991e15aad,2e77cd60-d06b-444f-b26f-0faebd8f546d;436af9ec-9687-4bb2-9c85-eab1562ce7e7;01d1875f-b7b0-4de5-8528-e813904d923a;436af9ec-9687-4bb2-9c85-eab1562ce7e7,a47cb317-e5a0-4f18-aa39-c274ead10f47;c0f9ebba-f2e8-4a59-b3b6-bf77583b729d,7e06d647-eb9e-425b-b194-c0367fdb9948,3bde76c3-7f82-4f3c-8f9c-4e4946390fa7,59640196-a4de-4d61-897f-4277ada0a59a,f6c0c776-05e4-4acd-bd38-1949745bca75,6e23eb06-70c9-4d62-8942-400741073a1e;914ad2eb-9bee-4fe5-a227-06872aed921d,4502b2e8-00b8-474c-bb4c-d5209f97740b,33dc0cbb-1014-424e-a689-e4697c32cfa6,e6a1faf0-2a4f-4f0a-8ecd-b150e25b0182;6614b794-9b07-4de2-837e-3aba6098ec7a,51d9043b-068a-4a31-a0fb-74719a5a6a11;sah;96;1000000;;;/film/%C3%81ga-2018-810892;tt7909444;0;0;0;0;554;2320;1361;598;369;366;138;0;0;0;0;0;0;0;0;0;0;0;0;0;0;973;607;311;186;183;69;0;0;0;0;0;0;0;0;0;5706
58;7f4d3179-6b93-4e48-8b75-5dbc434b3708;2016-07-01;2016-06-10;Agent i pół;3c7e1786-5ed8-418e-a681-be5f4474850b;;4ea57458-1d9b-48a1-bb87-1cdf72aacaae,fd0e9c5b-c0fe-4603-a018-bc9a8d67883a,dd23bda2-a479-4c82-9407-c968443b37c0,5bfae29b-5b73-4bc4-9501-49a33bbbf20f,ad6e5003-7044-49c2-b968-89da19ebabc8,32820d78-2d31-497d-8576-83e8b3e4c2bf,b14b0c82-5d97-44a5-9661-5b7772131b6e,ac4fddc5-41a6-4177-9328-cb6a7cb704d0,6e695653-ad33-43d0-87cd-324a800e951b,2297f019-ffaa-4c39-af98-77417dd90c9f,fd844cb3-005f-499f-8db6-7be0171a3145,711da785-5315-4a5e-a328-e4902bb65780,0c165d5d-5280-4312-8d54-a8b4853dade9,62113f5d-1cc5-4776-a48e-c80d2f5a1ea4,6f03ba4b-002c-4647-95e4-0e8cd6166b2c,03d3da7c-b0d0-4faa-9a87-91d9db82f4b1,888a644f-bc60-467d-ae72-0cf6907e3af2,ba2f5e3b-213f-4848-8b6e-2474795bd8f4;9904ff15-dd9d-43a9-a376-45fe6cb0038d;f44346b1-d6b2-41b4-876f-1b6682aad3ab;8c77a78a-4034-4951-8f72-767362cf2857,f87bb09b-3cfd-4fef-9275-ca0baac1b389,9904ff15-dd9d-43a9-a376-45fe6cb0038d;7ad5a287-ae4a-45ab-baeb-f446189bbbba,a276e224-3c6a-4b36-b702-34829984d2ae,800c84d0-9fa2-4d86-83f3-a4311baca1c6,de1040e4-87fd-41f1-8d6a-d47d0336c50e,bd440f64-e758-42d2-872c-2f7085fa4f5e,fe0af2ad-880a-4c31-86d9-213b1df3e309,b86012ac-01c7-4fe3-8d62-cfdf703a06df,2d99213c-caad-43b3-80ec-536454f087a8,65dbdbf7-bb30-463e-b8e6-82f49bbfdce2,44822ab8-0573-4c40-8d85-e0b9fa551415,94c2f292-4324-459f-a7c3-ddded7c78b08,ada94b99-90c4-4bcd-905b-69b4c21ef501,c506a89f-bd3d-4e6b-9583-07bd84afd744;4c5a3153-29fd-4c94-abe2-2e0756ba6122,e5886614-70b7-4297-b71e-0ed0cd8b40a7,ea483e87-a07b-4b51-85e4-e51b78ad7ff5,da078577-6b81-499d-b051-e8bea8ebda49,8b0bad92-76de-47bf-bda0-396b09f9f401,0d062150-bd97-45a8-b601-8d5654b4e364,6fa34ce8-e9db-41b3-9876-9a9ff05e7076;dcbf781d-54a3-4734-9b69-a7e119d59fa5;en;107;50000000;;;/film/Agent+i+p%C3%B3%C5%82-2016-595630;tt1489889;0;0;0;0;0;48735;26341;14552;3424;1780;137;0;0;0;0;0;0;0;0;0;0;0;0;0;0;23013;11735;7769;1556;845;69;0;0;0;0;0;0;0;0;0;94969
59;a327d05a-2bb8-4565-8536-62c7fd5cf75c;2013-09-27;2013-07-30;Agenci;d34b4e2c-74ce-42ab-b438-86fbbdcaee15,3c7e1786-5ed8-418e-a681-be5f4474850b;;4ee28051-e7b1-498d-a6c7-d1c82064ee6c,ce471366-b45f-4043-b2b1-a0df2e021ef2,11f651c6-2e8a-4c57-9ea1-b7cf2a18b7f6,5d672222-ea7e-4438-a2c3-f21abdecac4c,12bc90a9-e65d-4b4e-9504-582602aa82a9,ac46458f-7e5b-41be-8ac5-ed0c30259b4d,91239c6b-5605-405a-bf04-2c1cafe7bebb,963fe833-f94b-4301-a552-87e64be0f5b2,add52a51-9a7c-452b-a035-0ce0fd54264b,3621b223-d997-4073-a4dc-49dafa9fcb56,ebfd3c82-c4b3-47db-82f5-783750a65c61,b7e27789-dde1-4c27-a293-f848138aeb77,d236e71a-7c27-4a17-a1b7-f88f94c9b832,1a33c4b1-8868-4e25-9b52-90c3f4997fbf,c2527b20-0ccb-427f-b247-d5c1937f7c7e,2274c025-ee9b-4845-8cd4-438e66927b38,4e8a119d-0d59-479b-97f7-d1738d774b43,f034bbc3-d7e3-42c8-8c26-51ba98a792b4;0c26f25e-54cc-4681-8e64-8a6025affc90;f44346b1-d6b2-41b4-876f-1b6682aad3ab;3dc1daac-e776-47c8-a9e1-e7df077293b0;6df5caf5-7fb8-4cf7-94dd-f38b039f5548,58111a4b-7b9f-4441-a650-17f58afc367c,dee29595-70d4-4671-b130-b317e230f8be,de8e4c96-845f-4044-a593-329a9daa6c72,abc178b0-7359-4538-8cca-0c1ae8b95fde,22139a6d-dbd0-4dee-a26e-bc81032d4b08,147d4966-a89f-4a28-82b5-48162a06de15,27a5f1e4-b8cc-47fc-b876-dc31f7532378,7890297a-0f59-4021-a8fa-0482f4285aba,6a9ec2af-5d70-4e9a-9c67-6c655726df19,01ad030b-39fa-416c-ae65-8c1f35ce859f,dc260d5c-29ac-453f-8ab7-d30a50f68e38,45491f34-a708-417c-a17e-a32321bae852,2bd0a427-3d36-4d24-bec5-e10b02bc7fa3,133fb959-9d95-4729-b4e4-fde970dfd300,aafb26a6-75a0-4efe-b87a-f04cdad6828f,80095093-f7a7-4c5f-b21f-806863b047ef,7f1f6aa7-7a1e-4bb0-9569-bc5bec637601,5e678803-df87-4c82-93cf-1088b76358c7,77dfccfc-65f6-4e11-91cd-688f5ebd5bce,6c4c43aa-1112-42a1-aeff-baf3f6afc113,41d28799-afbf-4906-8388-1a13de784f18;14e4f5ea-3e62-4f1f-b071-a4962f48a62c,e5886614-70b7-4297-b71e-0ed0cd8b40a7,535b50f0-4f89-4a81-a5c6-d887e8348121,bf83a5ab-c002-4e4c-801c-64813510c558,36ce8b51-c7b0-4b34-9a55-aea35cb7ff99,d1add67c-219a-420a-9027-72b704c08374,a558492d-28ad-4ebd-9658-7d7d85c36204,d604e884-1866-47cb-883d-b98dc3274e0c;dcbf781d-54a3-4734-9b69-a7e119d59fa5;en,es;109;61000000;;;/film/Agenci-2013-612342;tt1272878;0;0;0;0;0;34406;18137;6277;501;501;12;0;0;0;0;0;0;0;0;0;0;0;0;0;0;19364;10966;3775;251;251;6;0;0;0;0;0;0;0;0;0;59834
60;d512e83f-2434-46b2-bbaa-2dacc262a53a;2019-06-14;2018-05-31;Agent Kot;4fc66943-7c2c-4e0c-a93f-8f7abb752c8c,57366ac3-c349-4e55-ad5d-6f8061179e88;56;f646a027-8c60-4713-bb09-c1e577a93ef7,82a8b9fd-2075-4df0-bb61-95a398e78a75,be3a1151-1c5d-4777-b60d-86213804ea6c,15853360-bf89-4e74-aec8-2496b85a2415,ef53567c-2f08-4e87-9d3c-82b217b3cfbb,47871d60-a8c6-4207-96c3-fd48144698df,c1fb8e46-11e9-4fc1-aea5-7555ffc8d128,db2379cf-d87e-4c1b-a008-235a84ba5f75,133a9bfd-ef48-48f3-8ae7-a59715cbe71b;035aafd7-76f4-4824-8a1e-3f363638d0e4,41d3abd0-4945-4253-b266-d66ae2313ee1;e71270d1-d648-42e8-b1cd-58315299e461;035aafd7-76f4-4824-8a1e-3f363638d0e4,41d3abd0-4945-4253-b266-d66ae2313ee1,18cd8e32-efad-4221-ba0b-19fa73a02eab,9dc3798f-2549-4481-8606-3b532858129e,4f2aa65c-0516-49bb-9fbe-9d92d22393d0,49dc2241-e0ee-4eef-b2a0-d660d1c65226;3fb6a585-db76-4ace-82c4-be1e94368296,b72d9a3b-32bd-41dd-949b-a662a77ea1cb,7a974456-150e-44c0-ba82-9529dd2152b3,cf4997ab-1634-4193-bd1e-708ad0602a72;907bfc98-8e11-4c39-a55b-ffc02af2b878,ece8439c-cf13-4791-a637-0c4b41f3794f,0c72f53a-5a21-4fc5-814a-6f2e9806f8e8,cb057b3b-1d00-445f-81f5-64747d85614c,16aae53e-ca67-480f-91a6-2542d493f323,d14ce4c5-0917-419e-b298-9daa35544fb5;6614b794-9b07-4de2-837e-3aba6098ec7a;de,en;85;9000000;;;/film/Agent+Kot-2018-790691;tt5746054;0;0;0;0;90;45661;51234;17971;19050;12866;3966;0;0;0;0;0;0;0;0;0;0;0;0;0;0;19824;18068;6623;6297;5833;1554;0;0;0;0;0;0;0;0;0;150838
61;c6dd6409-da78-4d13-bf91-55392b5cf9d6;2011-04-29;2011-02-16;Agent XXL: Rodzinny interes;57366ac3-c349-4e55-ad5d-6f8061179e88,a581770b-f192-41bc-85b5-dfb77b57a612;;83cd36e3-71c5-439a-bbe4-c9e135ccc130,405be156-26a6-4bc1-ab02-4ab279137663,1e5206c0-4222-4566-a373-6fce0884725a,84f1621f-3799-43f0-ab5b-4b7ff32d86bd,d08b367f-9939-4fe7-b5df-a45164439041,91cfff72-f258-4c1c-b657-fc90e7dcf0bc,2bc27267-4ad2-4e92-8f95-50a9b4bcedc1,1c3a2ffb-6e3c-44b7-bab9-b68569ffb45d,5c3690be-74ee-4e41-97a5-4ff3f945a529,96964911-6f73-4ec6-a8e4-aaa1e570d4a2,d33ddf21-31bc-420a-8bcd-bc0f41f9b201,6cd22110-c970-4cfa-8cd4-5b17933bc482,92335cad-1e50-4f2d-a0af-bf9971070fd0,99a09026-6b10-4714-8e60-db8e25fdbb83,7769d5ab-3cb8-4ed7-89bb-f138581357b4,3a0b69b7-9d5e-4e9a-b752-f24daa2679e4,297f3aca-7e71-4a94-aa25-2448e7834c0b;308bfdc9-ce95-4bc3-b143-8daf563898fc;f8c298fc-ffb3-4397-9e1b-d709aee89d2a;f83c7cfe-772f-4eb8-b641-4e5c7ed5854a;f207b0a6-414d-4b31-a082-c38ab750cdfb,5e1294c4-335d-4ede-8625-b3f9763bc87c,5b84d98d-1639-4adc-93e8-d03d2478f340,42de8626-84c1-4887-aebe-01b8ffe7c5cd;20e620cc-11f9-46e9-b18f-f07cdf550544,fc9daf3c-695a-4ba8-85d7-f8114a8fbdd1,0863a249-41d0-4a05-a550-0df8917b1b01,c3617e2b-e1a5-4c84-a2f6-962f8ee2fbb0,39ed37b6-2569-47ea-8d79-7322170034e6,66096910-4108-48ff-ae9a-e22bf35834fb,a559fb59-a6ca-44a2-b246-c9daad2cab7a;dcbf781d-54a3-4734-9b69-a7e119d59fa5;en;107;32000000;;;/film/Agent+XXL%3A+Rodzinny+interes-2011-429014;tt1464174;0;0;0;0;0;10060;2962;1113;222;94;53;0;0;0;0;0;0;0;0;0;0;0;0;0;0;3797;2033;710;147;67;27;0;0;0;0;0;0;0;0;0;14504
62;1b90b7d5-b986-45eb-873f-50f74961da52;2015-06-05;2015-03-15;Agentka;57366ac3-c349-4e55-ad5d-6f8061179e88,d34b4e2c-74ce-42ab-b438-86fbbdcaee15;;7c5e4db5-feb9-4919-9603-a0bcd1961bc8,574e442b-b97d-485b-9c4f-0ed0b7aed396,d748dd0f-a1e4-4bb1-ae32-237744a8d3b5,2b4be1bc-8666-47f2-8331-5504c9cd2fd1,0d26364f-fd3f-4c30-aa46-067b9f153394,8c322677-2835-4baf-bfa1-28aa922db828,bbfa6c83-5441-44a4-8af7-e143f206a699,85ddef4f-131a-4216-b5d2-cea6da4a6a9f,80608a2e-fd32-4545-81cd-4967b83e9e8d,d027c45c-ea83-404a-9d8e-7b6c9b199c4b,92b4efb7-1df9-4bb7-886b-6d8962cb9608,7688b847-d8f6-45e6-9095-191eb33b16dc,cbe04d23-5d80-4a6c-91d6-a48dcd9d4e3f,e73119bb-c432-4c97-9782-a8292201c450,a1fb0934-eccd-4b9a-a6b5-0d172302605f,fafb84a0-0c36-4eb3-a15f-c06fcbaa421c,4d30640d-686e-46f1-8460-4760131a0e79,3ce32d75-92a1-43b5-b22a-d12b8b57da18;208f6b3c-9ea4-4e3f-ab7f-c7e3b6fdf499;f8c298fc-ffb3-4397-9e1b-d709aee89d2a;208f6b3c-9ea4-4e3f-ab7f-c7e3b6fdf499;208f6b3c-9ea4-4e3f-ab7f-c7e3b6fdf499,b770af0e-59fe-49f8-ba18-7a818bfac1ce,a867ae02-7c94-4e7d-9306-964e5723677e,d5733a19-2ef5-4aa6-a82d-eb67ab2d4d46,017954e5-8c5c-40ad-b653-ad86c73cb618,209b5880-4177-4e75-9a78-1602f6492408,6b8100e7-3aff-427e-aba9-d931977f5335,06745b25-7c14-4fb7-9537-01d6620c862f,02c91b7b-7834-47df-87a5-ccd741e71c4d,098f3cea-51c9-4952-bc66-fee4ddcdf46e,12ce56d0-767c-463c-9dec-f54e5159d2f3,dafba5e1-69a9-412f-8bfb-db04f3590d56;2305cf08-7151-43d0-81d5-6d95aba27b09,7deb7014-5287-4dc4-b8fc-d6a599cb9a99,c87bffa4-c864-46ee-a6d1-393fb3913582,0d09f71c-a703-47ca-b5f3-fe4ecf103532;dcbf781d-54a3-4734-9b69-a7e119d59fa5;en,fr,it,de,hu,bg,uk,ja;120;65000000;;;/film/Agentka-2015-702809;tt3079380;0;0;0;0;5359;35456;30726;29312;26606;13059;15053;0;0;0;0;0;0;0;0;0;0;0;0;0;0;16389;14379;14215;13278;4611;6963;0;0;0;0;0;0;0;0;0;155571
63;1c128b61-75f8-47ac-95d6-c017bcdbfd77;2015-10-30;2014-10-23;Agnieszka;f0506edd-d123-41d3-ad36-1d31a8bb23b8;;cc019521-085d-4743-a223-e903b63a7f61,30a6a16e-6ca5-4c83-925a-4d1c1822eeb9,99624a82-b9ff-4aee-a528-ae543dbe6468,0136919a-991a-4dc4-a1dc-cb3f3a9a70f3,020e0cd1-ff4d-446c-a3cf-880ce09dd340,8d770972-59e7-4669-9ae2-f91794494331,cfbb54cd-ab01-4216-a965-e76c0e29b300,d8972b9e-d88e-4a22-a804-ae12d976318f,db62edd4-c420-4014-bee2-36c20fd0a1c2,59372c2c-d003-4b4e-b371-be410c85be79,02e754d9-296a-4d15-82ac-e0962506d752,234a53c8-da0c-42a3-ad06-77bc6faac69f,8b85954d-b140-45c4-a861-663d99dc071e;8b6fb7cb-63a9-462a-b9a9-14a0783127f4;6287aed8-43da-4cbb-b63e-5ab508b09b10;8b6fb7cb-63a9-462a-b9a9-14a0783127f4;4171e452-6abe-4ec9-a698-e42e72af7034,408bd5ae-3c37-4819-8d94-6d3d2ca07df4,0a84ab3a-89bc-4101-8d19-3e63e09c1c89;ef85847f-eaec-4be7-afde-fc07fc84b9ea;c29315d3-7743-480d-ba69-783e11af73bf,6614b794-9b07-4de2-837e-3aba6098ec7a;de,pl;98;1000000;;;/film/Agnieszka-2014-691483;tt4080046;0;0;0;0;0;649;187;19;76;133;32;0;0;0;0;0;0;0;0;0;0;0;0;0;0;417;109;11;8;67;16;0;0;0;0;0;0;0;0;0;1096
64;4ae90e6d-4d87-403f-a65e-fa2f418d1747;2011-08-26;2010-09-26;AGNOZJA;f0506edd-d123-41d3-ad36-1d31a8bb23b8,1db1ac18-a83d-4645-9cb7-3c60a03012ba;;2c196712-36cf-4e40-b7c9-032809a8a8b8,e931d74f-4f45-40c7-b2c0-e54f6021e63a,9c55c29a-0159-4790-afcc-8095c9ab610b,9ae3d188-2c6b-4c3e-81ba-fe94f4c43fb3,523cf145-5291-4c8f-945b-2d2206db6535,a790c0e7-7977-4ed4-a317-732e7c4cf312,e9eb75c5-7bfd-4ae8-bafd-0a29a2cc752a,4f17ec89-7959-4fd5-9a92-a8ea340018c5;fb0d9f22-c3a2-43e9-a11a-9262d60e4e32;6f1e0b01-00d1-4844-9c68-e9d65479cb3d;49f55d50-de46-4e71-979a-e582b521a1c9;79372037-4ad9-433e-bc76-663e12bffcab,a7a124b0-71ef-4d1e-83e9-b7d954ea7009,a72babd9-da57-4c1f-83ef-69c244fa0705,3f4764ee-e1da-4f5f-848a-9ab475dc9e07,c83a3a65-3495-43a7-b7d9-4779675458a6,7002018d-da88-4656-a9e1-0deb262b7f56;64f4d8de-5659-4a4e-b3dc-75263c3ce0e1,48117b2f-bb5f-4788-9f59-c09856028e16;;;105;3000000;;;/film/Agnozja-2010-543607;;0;0;0;0;0;4592;1810;606;180;179;179;0;0;0;0;0;0;0;0;0;0;0;0;0;0;2157;882;327;90;89;90;0;0;0;0;0;0;0;0;0;7546
65;be4efb32-8e98-45fb-9c3e-9dc088cc9112;2010-03-12;2009-05-17;Agora;2d137c0a-c773-470a-b094-2d2ab736788a;;01c0e079-3c06-477c-b64f-98bd9878f187,f30b7a74-a4bc-4324-8b74-fa4c6d176e80,cbe5534e-e19b-4f1f-add8-cd31c33b8158,a9bbb1be-a223-4c49-95c2-5c5c53291aeb,2ebeafa4-cfdf-4b2d-99df-db4751052bdd,b4973f6c-5d3f-4dd6-b713-98c4a017c605,9d7782bd-c334-4ef4-bcee-d9566e978a21,c31ac2fc-544e-4004-aa39-b79d04de469b,e18ef773-85c0-4621-9b08-34796e33d8d9,493ac4c9-71ff-4fae-b624-9a430b5ebea6,ad4f9dfe-7a70-45d1-a8a4-a7541ff984b9,311371fa-adfc-4f2d-86db-8d497e6d07ad,839b4ee4-8037-447d-8fad-65d98f452912,458b1c6d-67a9-433c-a2b6-419ff4393ca7,8f9e9420-f442-434e-9762-206391248781,72c3e3e6-c3b1-4c84-aedb-a671242795d2,41b65323-b2e3-40bc-ab46-4ae60169f351;f60e8571-d53a-48e4-91a2-ea4939bbc142;34b67685-59b6-4f6e-b120-d5a4616fbe1c;f60e8571-d53a-48e4-91a2-ea4939bbc142,76b68a95-417d-4a6e-b4f0-915465e8ab75;bc5cdaa9-9cd6-4f53-ad6d-5e485ef494a7,79372037-4ad9-433e-bc76-663e12bffcab,7cd186f2-d5cb-47d7-8e23-0efaf9d51cc7,b0b4f7e6-63b9-40d7-909b-4bb63ce08c0d,04b6e95b-413a-4712-8bc3-031829b91222;e0d45b0f-72c9-4e3c-b22d-b9df108edf2b,dd83bd2f-66b3-4efa-929c-38a2cc91c432,1b4f82c0-5db4-4e2d-b181-c3c14bb43d04,fabf9fcb-f2be-4b59-914a-6b5c582dcc42,ee5fb7c8-3e60-403b-8071-4184223abff9,bb633b71-4d78-4eec-980b-cf79dd44876f,48117b2f-bb5f-4788-9f59-c09856028e16;cc0ac9b5-2547-4e64-8ecf-8cb7f3ba878e,dcbf781d-54a3-4734-9b69-a7e119d59fa5;en;126;70000000;;;/film/Agora-2009-474708;tt1186830;0;0;0;0;0;16202;7544;2911;2234;405;309;0;0;0;0;0;0;0;0;0;0;0;0;0;0;9890;4620;1772;493;234;101;0;0;0;0;0;0;0;0;0;29605
66;86ddd224-becf-49c5-ad71-67af125012a2;2018-11-30;2018-05-18;Ajka;f0506edd-d123-41d3-ad36-1d31a8bb23b8;53;deb181d3-5e95-4fb6-9c10-0f226dea9524,45e4bb0e-a182-41dd-9843-6380e3f260f3,719292fe-f722-4d8a-914f-3d70688de348,9f8b29d4-1a86-46c2-a52b-63336a299ccb,82c747a4-477c-4eae-9a69-2b1d2c6c576a,afeb1de2-b3f2-4317-8391-a021f415b536,5d979749-a2f8-4443-83d2-a35deeb5430c,4a35017e-9bc3-4314-a977-8e5de484bc52,81d99594-83e5-45b5-ba20-688faaa85b93,492b9192-c030-40b1-aa91-eba9a043d362,0da624fb-b932-4479-9a58-6af1cd7bc61f,1c55774f-d994-4512-986f-2d52d23f82ef,76589b50-ae4c-41d7-adb0-bd4475d5db18,f9a99126-045b-4b7e-82cd-25d93e584afe,a487088a-3e4e-4991-b3aa-664e25130c4a,5570b480-8e9f-404e-b258-fc20d03d3e0d,fe3a1424-a0e2-4f0f-bc8f-9a2f6ae7cb57;ba2d9780-07a1-4361-98bb-32265559c83e;f13023fd-efc3-43af-98c6-50964c66c585;ba2d9780-07a1-4361-98bb-32265559c83e,1a6ac48f-f629-4cab-aeab-0490cb59437f;ea58e92f-bf17-4944-b216-ff0d293ab5ac,7012ba91-0d3d-40b6-9ec1-912425c0313c,ba2d9780-07a1-4361-98bb-32265559c83e,02fe8fda-cb97-41af-ba23-8e1a3368e9a5,0194eb16-9294-46a5-b082-7e897a9fc83e,685959d1-c65c-44f3-abca-3d1651ea5539,c31cba5e-6faf-4da1-aadf-4da206eb4509;2ad553c7-2790-4e38-9eb3-4673a69202c3,f6522fa8-56d0-4ece-a638-2729f294f6da,c0226ee6-d6f6-4163-a4a1-7db15e16e185,bb182fae-284c-4100-8e74-f71c76e3c002,c111f4aa-4f73-4871-bba6-3a4c5df817c4,21fb74ad-7913-43c8-a1b1-41d717653289,b9e66298-c181-4c10-a07b-3e0b384ccc8e,5f2c3d88-0cd2-4a58-a909-17d9110f614f;c29315d3-7743-480d-ba69-783e11af73bf,6614b794-9b07-4de2-837e-3aba6098ec7a,270542da-ad6a-4404-8f03-01fd73a4c545,cc787b20-1861-4f6a-8c09-645872c70da4,51d9043b-068a-4a31-a0fb-74719a5a6a11;ru,ky;109;1000000;;;/film/Ajka-2018-807716;tt8305116;0;0;0;0;379;1826;611;118;53;87;0;0;0;0;0;0;0;0;0;0;0;0;0;0;0;955;328;69;21;87;0;0;0;0;0;0;0;0;0;0;3074
67;9fd85b91-c142-4cb2-8b87-274fb126a905;2012-08-24;2011-05-13;Akacje;f0506edd-d123-41d3-ad36-1d31a8bb23b8;;88362d86-f5d0-4369-9d43-fa122c691eab,da16304e-c282-4b92-a887-e269e336c4a3,a60d3c97-6049-47f0-993d-5ef30f0501a7,ac8fb4d2-dd7d-4c7b-be78-2afc4630099d,e5b4818c-64c5-4e8e-bc49-757f5c1b1b99,52bd8b56-d25d-44b2-aa4f-ba2626b3949d,f62b62f1-8aef-4422-b4d4-f6bb11e7adbe,ed12b490-f4f8-4371-9d67-badf293cea03,bf9de9f1-ae30-4637-8497-0ea5cace3db9,53b398b3-b1cd-4b54-b109-433d2cbf8cfe,85b78cb4-fa24-44f6-a537-df1877a64f2f,8a5bacfe-37d0-450c-8a68-60b4a8309cf2,d24f4f44-4aeb-4e13-99db-02266fdb5923,c9e150ed-25c6-4253-81fa-b5148d1577a0,60d99433-8da3-4941-af47-9ea7cceb5e66,344774cc-6cd1-404e-b338-3b7ee2f0a066;2e3f02d2-360a-4c61-b631-c4a87155511b;f46c9a58-5cc8-4721-b6ec-0da078def06b;2e3f02d2-360a-4c61-b631-c4a87155511b,7dd1b35b-fdfc-4269-86f4-e60230684b3f;8e049f5f-6a8d-4a29-b871-96ebf07cddca,b65dd629-9337-4931-b741-f662c051c693,e385830a-f548-4ae0-81ba-a569c1c7d169,6b47342a-c831-4867-87d8-92e3e06eb7d9,6ac13053-ce4f-4568-bc79-cef71b8e06c1,5117a44f-308c-4053-92a1-251769c14b5f,c1f1ec12-631d-4d3c-b37d-35ef8c84c560,2e3f02d2-360a-4c61-b631-c4a87155511b,baf48357-d2f2-4e99-bbaa-455e6fd4a296;9f58f391-1673-4389-a2a2-4587edafe6ab,968449bf-6245-4308-b4ba-b472ab03011b,27108476-9ab6-4c48-bc4c-18bc5c737f0f,1302fb78-f507-484d-87a2-268218c2a252,fabf9fcb-f2be-4b59-914a-6b5c582dcc42,42b18c00-de31-4279-85de-9297217f0935,a57afcf2-190f-4b1e-89b1-5e5959c454e3,8a623a3f-b66d-40b9-b6b4-5f60e9133b5d,198879f7-44b0-4498-89ff-e42e104e2413,cbb042a1-d15d-4e0b-9bb5-ce85a1356a7b,9efe80fa-7bdb-45f2-873c-7222fa60f0e5;;es,gn;85;2000000;;;/film/Akacje-2011-619081;tt1754078;0;0;0;0;0;903;670;300;77;252;0;0;0;0;0;0;0;0;0;0;0;0;0;0;0;453;342;127;28;81;0;0;0;0;0;0;0;0;0;0;2202
68;47a8ab49-3531-4ddd-9ddb-b7ab0fa476d9;2014-03-21;2014-02-07;Akademia wampirów;45434b4d-8a1e-4d0b-8fce-cd849ae707e0,57366ac3-c349-4e55-ad5d-6f8061179e88,d34b4e2c-74ce-42ab-b438-86fbbdcaee15;;7d82bb10-1b27-4b99-b5d8-7e2414b64719,7f1f1b62-c637-4797-a608-414e095319ac,657e715b-7c9a-42b7-8bd8-1b5ef8e86a30,bf3875a2-6b5a-4624-99f5-0c584db8646d,ca4d7e44-1248-4b07-919d-0442a3f1cfae,7830c86a-b224-49c9-8d00-873ec1fa8fc9,ac965849-f30e-4e04-a11c-ff56d1740801,9b7fcd97-b894-4ea7-aae9-277907d59c52,b62e7c11-b2c9-4eff-b811-3f546f861066,ad8b5c26-8ffb-4773-8a29-20282ddca70e,7efa85ff-3447-4e9e-a62b-8ed0ee96be00,8a021ca3-4a4d-49be-93cf-ff20a8b9cbbc,c9bf9002-dd00-4a0a-a6f6-ccefde27bfbe,c4d06888-879c-4505-a057-68c9f2db562a,64bf3d7a-9cd8-4e44-93d9-e9f4d288831c,fc8c1f35-2003-4a3e-8edb-ac5d0e316bbc;0556196a-5851-4200-ada7-e53c72aa665a;ecd9c3db-dafc-4610-9b38-ec1b6dd308a9;7d3de18b-9f8d-47eb-ae98-79b87f997ab6;8da233ef-6cc9-40a2-8271-8df0471ca392,6179195a-7148-49e3-b751-5eb7d5a47ed1,c07ce9f2-add3-483c-b1fc-98235b2bcf6e,6ebe243d-cd87-4a09-b6b7-ca320b2bc734,813626dc-e8eb-428f-b6c4-c6d6f265c3c0,c6150ac9-247c-47bd-89a5-461ba3efb7c5,131eff41-9c27-4dfa-aecf-905e109a07e3,33eeb4d4-c6ea-4245-bb7c-92207de1bc34,5321fd9e-9cfe-4330-8a3e-88242701aea1,df1e705b-a304-4ede-abd1-6c033ef3cbab,07f0ca32-0e0a-4e7b-bfa5-4ff189295835;9d530070-0179-426e-9794-d25cc6dedfa4,b4c79de9-33f7-4ccb-a788-e9a90e5195e7,c6d29357-f693-4ae5-b01b-723927c3b502,59f86ebc-e639-4306-ab1b-1045fca19024;dcbf781d-54a3-4734-9b69-a7e119d59fa5;en,fr;104;1000000;;;/film/Akademia+wampir%C3%B3w-2014-601282;tt1686821;0;0;0;0;0;12455;5711;2378;1287;904;635;0;0;0;0;0;0;0;0;0;0;0;0;0;0;8363;3321;2146;710;222;397;0;0;0;0;0;0;0;0;0;23370
69;c4a9a99b-ce0f-41fc-937c-92bc4dfc6c7a;2015-12-04;2015-08-05;Aktorka;36a330ff-bd5d-4a0e-b74c-8a0d4473b778,2c2fd51f-d2b8-4fb5-aec2-faf911088642;;f9477690-e0e6-4b95-b452-f93d807314cb,22ca812b-1752-4e6e-bee3-d5abd717832a,c33e0cde-3658-4e24-8915-f900603fef79,97068d84-e3ed-4a4d-aa13-d8077a33bf66,e2f9ca4a-d016-4a82-8608-73fce5aba723,f97cdec5-71e0-4570-96bb-b5e30498b531,9ffa652c-852d-41c1-bc51-27b9601fa4c4,42cb6707-5ac9-4219-b402-0d3886b78315;bd68415c-6fc7-4cac-a9f7-908fde4af132,3146f7fe-2718-4298-9e6f-f3755d9cb700;d5e669d1-f258-4ce4-b22a-1c5360abb0d4;3146f7fe-2718-4298-9e6f-f3755d9cb700;974208ea-983c-4c90-a0cf-358bfdce0f4f,cf8c872d-a34a-48f6-ab2e-da75fbaee404,cb232eaf-651a-4bfc-9904-c8caaf9c9a84,b5f33e5b-6c1a-4260-9b37-18e5bfb873cc;5f2c3d88-0cd2-4a58-a909-17d9110f614f,51ca767d-2e91-468f-b76d-7e0369cf0410,3a0d04e3-6372-467e-9896-87056e966925;c29315d3-7743-480d-ba69-783e11af73bf;;71;1000000;;;/film/Aktorka-2015-722777;;0;0;0;0;0;1042;298;212;212;100;100;0;0;0;0;0;0;0;0;0;0;0;0;0;0;653;191;106;106;50;50;0;0;0;0;0;0;0;0;0;1964
70;2874fe46-cefd-489f-8378-bf6fbc86dc55;2012-11-09;2012-10-15;Alex Cross;c8692873-ebae-4261-a833-4378ab4e126b,1db1ac18-a83d-4645-9cb7-3c60a03012ba;;eec12d30-6f3f-47a9-87e7-62f6fbbfdf89,77c4f002-0302-4f74-967c-1e971c1e83f0,53a23161-4215-4a0f-ab59-df6e4a9451bf,14187fad-bbf6-4592-840e-1708b320f852,c326027c-ca2a-4c5f-9d42-247b1fd026c8,725f5b9e-d773-40b2-8fd5-e5f2e9eb22d8,87983759-2a12-4550-909c-4a5aae1a8c6b,c4394452-653c-4d9c-afed-03e333f5d3f6,c623f3b2-a56b-4895-8620-56bc7d651622,9295a6e9-9cf4-44f2-884a-d54f263cb895,bdd70b00-083b-4eb1-813c-bfb9aaff3689,8b12e8dc-4b88-4e4b-b8fc-12d6bda3c07c,cf8e9b2f-a5f0-4890-b03c-b9cc1ad04e06,0ab71400-1a0d-4ea6-8c60-2fe2e94e2814,ee9113d6-5174-4c5a-afe4-8cbb62e563a3,411f6902-12de-4076-9065-122cb9185488,e4d343b8-df4e-4599-acd5-b2aeee9535cf;5ad7ae21-e861-481c-8e7b-60daf53db3de;34b67685-59b6-4f6e-b120-d5a4616fbe1c;3169e3ef-68f2-421b-a479-875f4f767ec0,3598d03d-d5f3-4960-b71d-1f3af904786d;de8e4c96-845f-4044-a593-329a9daa6c72,abc178b0-7359-4538-8cca-0c1ae8b95fde,22139a6d-dbd0-4dee-a26e-bc81032d4b08,ee478139-9cad-4ee2-b4b5-49f9b33bfc85,5856a3f7-6d9c-4033-98c5-52937b0cacd2,7c442393-096b-4e05-b9c2-a3570c91866a,075c72d2-db62-4eab-b5cd-c60e4f708a6b,3e8c7b93-1376-492b-b900-e1ae16ccb965,2fff3279-e5fe-42d8-ba5f-718a9cf6bf09,8c41f43e-2bc1-40f5-a96b-ab35b3b59204,b90f60a6-e3c0-4ace-9986-4fc2cd1db93d,0d7af0ea-ffbc-4a93-ba3a-a328f82872db,836fdaa4-f1f1-45a6-89f1-02ae8b684163,7f1f6aa7-7a1e-4bb0-9569-bc5bec637601,5e678803-df87-4c82-93cf-1088b76358c7,0ddd0e3c-cc47-44d3-8b7d-e67868220156,c0e8e8e5-aea4-4eb4-af92-6251c071c5bc;8f1b6bbf-8924-40d3-95f6-1d8716fef4ea,14e4f5ea-3e62-4f1f-b071-a4962f48a62c,36ce8b51-c7b0-4b34-9a55-aea35cb7ff99,4b5ccd5f-2c39-417f-810f-386cea14073a,187d301f-479e-436c-81a3-b17a985783bf,5d7fed55-5dd0-42b2-9382-e6e980ca6961,dedeb740-dacd-45c2-b3da-a27c3818b39c,199c28cc-9836-4739-a56a-85ec5bab268f;dcbf781d-54a3-4734-9b69-a7e119d59fa5;en,de;101;35000000;;;/film/Alex+Cross-2012-619894;tt1712170;0;0;0;0;0;13094;3434;824;824;2;1;0;0;0;0;0;0;0;0;0;0;0;0;0;0;8689;3022;412;412;1;0;0;0;0;0;0;0;0;0;0;18179
71;a2abfee5-ed8a-4998-a89f-e1f1c4ada424;2019-05-24;2019-05-08;Aladyn;cc52ba6b-afe8-4521-b7c0-616ddb3a023d,9a150cd3-6c32-4b58-b1a4-aea6992c564c,e6ab2137-a65b-4dcd-9316-8466f334ac98;30;3555b0c6-b7a2-45a4-851a-8ffe675a5e87,ceea5069-7ac1-486c-bb18-40d90494c3fd,8d8821ed-a5de-4096-8c54-a4d4ebfcf352,f47071c0-c83b-4a1b-b807-7d16c025171b,8af3340d-6eaf-418f-a808-ce1879a8898b,1ae424f4-9c61-48b8-bb5c-0468f4149ba6,765c9b7b-b966-4e3e-9c1b-f7e367fed8c9,7ebfc6d8-b21c-4f96-8bca-c462f5ce9a39,a5615d5a-11ab-4730-8f2a-9f6dbd1d31bf,af6df0bb-3757-400a-b72c-cf44c26b8b82,f5e4c733-171f-4c4f-8a6a-bebe9dd7eedb,b1b54203-7501-45c1-9f0c-647fa714f02d,f9800584-ab31-45e8-9a88-6634cbe33a19,6ad4a91e-c2ae-433e-a076-c09252c368fe,43c42c39-3408-416e-a49e-130227be4174,7ee88b68-4fab-45c2-857e-5ce82b5da9ba,7f0be28d-8ba1-40fa-b132-ba62de1b322f,17c261e5-3697-4368-be28-85b58ba932f4;7f62b119-a0f0-4cc1-aa81-247b876abe08;91706a73-a86c-42f4-814a-c5586e41903f;7f62b119-a0f0-4cc1-aa81-247b876abe08,750f0aba-c55f-42c4-8f45-2baeab392e09;1bae91c6-810b-4b85-a3ed-4d4ed818505a,58111a4b-7b9f-4441-a650-17f58afc367c,f3c7a513-65b7-4d3f-b1be-a2f67126c7cb,be90d0ca-47ae-415d-8c6c-3ae0e38e90a7,171ee24f-0cc9-4901-9e15-e58e07f2823e,a85745d2-35c5-4c11-8af8-f3d1a153618c,060d950d-0b03-4fd8-b6d9-2094a37b7c1a,12a13594-630e-4800-9a4e-9360c04f2629,6ed36e2d-30c0-4a7f-8de5-00a41f14b803,31679b1a-4260-4def-b070-3ada0c7db451,6738a99f-614e-49a9-bb30-d0797e666395,17c9ff7b-a441-4371-8df4-0791b56dc4a5;3301f33b-ab74-4ea9-a61c-e572d4962751,535b50f0-4f89-4a81-a5c6-d887e8348121,3c3fee43-f828-4c35-81d6-5bf009be4ca1;dcbf781d-54a3-4734-9b69-a7e119d59fa5;en,ar;128;183000000;;;/film/Aladyn-2019-790398;tt6139732;0;0;0;0;0;142711;159156;75171;67016;51487;27752;23944;14932;0;0;0;0;0;0;0;0;0;0;0;0;78567;106199;34715;27867;21359;11892;6621;3686;0;0;0;0;0;0;0;562169
72;dc971132-80d0-446d-a154-c0383ab9dd9b;2011-12-23;2011-06-01;"Ale cyrk 3D ";4fc66943-7c2c-4e0c-a93f-8f7abb752c8c,15c0b1ce-34ec-4d67-ba14-0138c61d5b54,57366ac3-c349-4e55-ad5d-6f8061179e88;;e0095cb9-fbef-44d9-b8c0-ecb0ab425518,7e09b5cd-f521-4d7e-9dc0-6c45ddf021bc,8e43cb2d-a279-4c17-8f63-2aef34a38821,00e23500-00ec-42d1-92e5-cabeddb2a4ac,4e49a510-dfe2-4a96-b698-cc8152422547,246241e9-c60c-4cf6-9539-031a7b5d5235,d6bfc284-52bc-489a-8339-09aa7c59a15f,4756ef52-d605-40ee-a7ad-921dba306cb4;83cfb020-3e00-4e83-88c8-1b482ce44ee7;e71270d1-d648-42e8-b1cd-58315299e461;0aaea58b-6a64-4cca-b6aa-7a4230dc482c,83cfb020-3e00-4e83-88c8-1b482ce44ee7,7a9498e0-5df9-4fa0-9777-b61713c4ecb2;ab0b994d-2bcf-4a23-85e0-61e10a4b5044,75e79fa5-abcb-470d-83b3-ca7bdda93bce,ac9de63a-4912-43d2-ba86-e10590a4822a;52763af3-2782-4a86-a737-2168d2f3d9e5;1b7463ea-f722-4147-a4b2-261b08bede20;;78;1000000;;;/film/Ale+cyrk+3D-2011-566889;;0;0;0;0;0;19591;13389;3515;2688;2687;2687;0;0;0;0;0;0;0;0;0;0;0;0;0;0;1364;11237;2171;1344;1343;1344;0;0;0;0;0;0;0;0;0;44557
73;36e22fdc-5aba-4423-ab57-885c7148adcd;2018-11-09;2018-08-15;Alfa;9a150cd3-6c32-4b58-b1a4-aea6992c564c;;9f805c4d-d2f0-48f0-ab6c-137825a02e09,9a3dd11f-fbfc-495f-9188-05ba1c5f873e,44159e52-25dd-4747-9f21-dbfd2b43e80b,983de1da-1428-4c50-9511-a184e8df03a0,65c2c58c-3d74-4664-a2d3-75a363528afc,96ae9fba-7b4a-43a3-84d4-38c7fdbc8390,c34c0629-a6b2-4f5a-b67b-0978465338a2,f54981f3-a957-4977-849e-cac2da6538a3;9fb117fc-0eef-4944-aa7f-e309df9e51d1;f44346b1-d6b2-41b4-876f-1b6682aad3ab;0c3ad455-3375-4537-a931-28903befdb14;a92eb62a-b876-470f-9e44-b8e905b9b38d,9fb117fc-0eef-4944-aa7f-e309df9e51d1,7a3106d5-15a1-48d4-b915-f61c0a2d1884,885ab368-59c3-4a46-8eee-91dc1d6135f8,e41264b2-d971-400d-b1b2-5c42d0d5220a,0dae0f77-708f-44c0-8cea-5e5d54697362,def9a7c6-daa7-4872-a3a2-cdb597b9b5fc,7d926394-b7dd-4e32-8b87-54b2d30e9f05,fe7dc606-8ecd-4434-b537-c77e16a007ba,9482d341-e960-4df7-abe6-d4f28149e423,6969316d-6280-4661-943d-76623494d255,11242e4e-ced1-4788-8de4-3ec992f6369d;1030d654-1493-4e8a-bc63-31db37250cd7;dcbf781d-54a3-4734-9b69-a7e119d59fa5;;96;51000000;;;/film/Alfa-2018-759238;;0;0;0;0;0;32425;12810;4483;2723;530;530;0;0;0;0;0;0;0;0;0;0;0;0;0;0;18766;8941;2655;789;265;265;0;0;0;0;0;0;0;0;0;53501
74;308f0a18-95cf-4884-869e-85a0f6dcfb30;2014-10-17;2013-10-11;Alfabet;2c2fd51f-d2b8-4fb5-aec2-faf911088642;;b2ea7592-7a25-4433-9329-9be77575a48b,baddae7f-2d00-4b36-a220-9e6e753f2d66,f7315a0e-cc79-423d-a503-de92d988277c,250a6393-21bb-4bbc-bd7a-15afd6cc1550,3262853d-f1a1-4535-8380-6921bf6dd63e,8ee48cbc-793d-4dfa-ae0e-bb48324a735b,bd62127f-5fc3-44ad-ad39-e6ed9a3b6f12,e89bbbe1-3f12-4f85-89b7-16f9a683fdc8,ae63452d-f06f-4ff9-9329-ad4aea082438,43e5137e-f658-409e-89e7-79c3b3d5b432;70198fd0-0904-47a5-bf18-ac5f4ebd2e88;f13023fd-efc3-43af-98c6-50964c66c585;ddcfd73a-a4ef-45f7-88b2-631deefe730d,70198fd0-0904-47a5-bf18-ac5f4ebd2e88;20fbdce8-1712-4d90-b195-353b00ba53d9,2a1518d0-fd6a-46a3-8140-1217bdb1e63d,9cc968ab-7491-48d8-8ddc-e9c873480c97;d7a28772-4391-440a-a6ed-f3ec38244896,520ca887-f6bf-4eaf-8e92-6e8e6b38d372;e9d4935d-ff76-4487-b6fe-c098e0681f47,6614b794-9b07-4de2-837e-3aba6098ec7a;de,en,fr,es,cmn;113;2000000;;;/film/Alfabet-2013-690266;tt3215346;0;0;0;0;0;2519;589;251;167;201;200;0;0;0;0;0;0;0;0;0;0;0;0;0;0;2224;295;119;73;101;100;0;0;0;0;0;0;0;0;0;3927
75;582642b3-432c-45c3-8d08-a11712c47d49;2015-05-08;2011-11-30;Alfie, mały wilkołak;15c0b1ce-34ec-4d67-ba14-0138c61d5b54;;bfae2857-39e0-425c-ace0-b8e2c9705474,d51b0e9e-8a77-43eb-bc37-ceb97e68cb71,8ec6ce9a-902c-48f1-b5e6-e689b8606ba7,d6fe1d6c-e807-48a5-b484-d4c64e14961c,c8822ba8-57da-481e-a323-713fa35761a0,cb88c606-29bd-4436-bfed-0eabe4fc30d1,b3239f7c-5d81-4d8c-81c9-baa57592742a,a1dc9267-1f8a-4509-9958-3bfc0dcd6b3a;8de5c73d-a2a5-4e00-bb20-92254a25e387;01d1875f-b7b0-4de5-8528-e813904d923a;33ea3c50-f5cc-49b3-bf5a-a3691eb48038,bb170827-82c4-4cbe-a4e9-38bc8b16283e;ec7f38ba-1113-4d7a-8c6c-7d673224592b,34cc5ae9-21d0-4674-9a2b-c0f94e55ce77,de906843-e969-41c9-b4ae-1c741cbef27a,c75ef767-f2c3-4112-bba7-80611a26d08a,db725317-9e38-4bbb-b743-1179a9cdd9e6,e52a504a-82a5-4171-bbca-a37191c52309,d122e166-4bba-44f6-8304-b359fa50ce1c,03a61985-ef1d-4fe6-910f-6749a200c5c1;4122fcd7-9855-4b9a-adfc-c3c5110f5dd3,ed7e1309-43d3-4f3c-875b-bc1d48d0dd37,52716f7b-8d6c-41c0-83c2-3739eaa63b9e,81970edc-1d76-4ac5-b9bc-a2cd45c01d81,d0431ee9-1202-4437-af9f-c66692697447,55191a4e-f182-43d0-ade5-75bd9bd052d5;;;90;3000000;;;/film/Alfie%2C+ma%C5%82y+wilko%C5%82ak-2011-646015;;0;0;0;0;0;491;246;151;0;0;0;0;0;0;0;0;0;0;0;0;0;0;0;0;0;491;227;151;0;0;0;0;0;0;0;0;0;0;0;0;888
76;6a821494-219a-42c4-852d-859aacbb4a13;2016-05-26;2016-05-10;Alicja po drugiej stronie lustra;15c0b1ce-34ec-4d67-ba14-0138c61d5b54,45434b4d-8a1e-4d0b-8fce-cd849ae707e0,9a150cd3-6c32-4b58-b1a4-aea6992c564c;155,172;37433d45-398c-4376-a4f2-9c099f4a424b,bb011a77-6983-4401-b755-1809a34dea6a,81195fd7-ae98-4c25-bceb-65a51a1b1b72,de1d15f0-3d44-4682-885b-5d813e67093b,a0004833-82d5-4695-881d-1d855bcbb7ed,df5f2d98-6b76-4848-b1e3-6dd9cd5608dd,e27579cc-ca93-4d92-8438-d791267e7e6d,01b3117d-dfa5-4448-9134-0d7e0bbd42ec,4ed059a2-cb2d-4ddf-8e5a-edf8310ce411,bb9df977-4101-4385-929b-0d00a0a04b48,6c582bb8-701a-482d-8402-643416b4188c,2996927d-15d1-4458-9d3a-7b8f276c8623,b4c00b4f-391f-4c79-a505-968898ec0d1e,5805c6b4-928b-4743-86a5-8e4bb768380e,51309804-de99-41db-9ab9-e908e0d0f0f8,524526de-1e68-4c0f-9e2e-23d8235e6711,6d11cefb-a479-4eef-86a9-808dcdfa1e0d,7e8cebca-3625-40f0-86ee-39b6e6fd00d5;28c8d68d-0004-4a79-956e-fd9d95eafc29;91706a73-a86c-42f4-814a-c5586e41903f;32d151d2-5dc7-46b0-a276-8992b3317750;4bda07f9-a1e7-4f62-a0b9-3ae86cdc446b,01158b32-f497-4f3a-bd93-3dc817078160,36a36ae2-bce6-40e1-9ff2-964045387b17,f6bc1f7f-e75d-4664-ae23-49e04812c88f,c0fc0cdd-9de4-40e6-ad96-b6c28004d355,1e0cc4d5-e0fb-4a51-9770-ae5523624c2b;3c3fee43-f828-4c35-81d6-5bf009be4ca1,1d8631b8-5271-4347-afbb-788a8281c5da,0db5aea4-070f-49ea-b8db-43379e2ede89,3983ab01-0564-4d5d-8afd-9dc46d6dd121;dcbf781d-54a3-4734-9b69-a7e119d59fa5;en;108;170000000;;;/film/Alicja+po+drugiej+stronie+lustra-2016-690291;tt2567026;0;0;0;0;18936;136743;82109;68254;61243;30992;12453;0;0;0;0;0;0;0;0;0;0;0;0;0;0;58117;50205;34282;21936;11914;4978;0;0;0;0;0;0;0;0;0;410730
77;ce76fca6-c9a8-43ee-b9b3-80b378ca977d;2017-07-21;2017-07-21;Alibi.com;8cd25594-1c53-4fcb-9d63-9bc49e46b082;28,158,171;f65a163a-836c-4b07-9809-94b8a0dc6a29,6a6732ad-d683-41b0-aa3a-4f892eac885a,f998c9e9-e805-4f0a-87ed-145fef2bf18a,ef62485d-cb60-4171-adef-2b4c78fc3cd4,b02b2529-087a-482b-9dcc-34a39dd21f7e,66677ef3-9adc-4a1e-98de-1a0c3984defa,374fda58-6fca-4b61-ba8c-ce712fc1a8e2,c8a4054d-e1bb-406c-8c53-afe78dfd2227,21c81364-2f1b-46e1-a9ed-33b5677557df,091cd0d5-e56e-4bf1-915d-be640c9208bd,fe2f5c38-a922-41e5-91a8-9684bdf948f1,fcc4efa2-6124-490b-8341-c1feab2235d1,42d4eccc-bb1c-43b8-ae2e-483d0a477bcf,6ed885d8-8acf-4377-80bb-e87132e6d99a,dd2ce74e-c2e1-44e7-825a-5f3123b763df,e1eb89ab-c2f4-4295-a7a3-c6efa07646a9,8c25bb90-f16a-43ed-b7c8-a6417da243e0;f65a163a-836c-4b07-9809-94b8a0dc6a29;00e8e5ae-32b8-4c9c-b460-62dc6dc58854;6a6732ad-d683-41b0-aa3a-4f892eac885a,635d0cf7-dce7-49f6-818e-a6b4ab7848dd,f65a163a-836c-4b07-9809-94b8a0dc6a29;9fc132b6-7385-4a3b-9947-10fcf5fa28c1,2f635553-4586-4433-91f7-d64cfb7fa053,5b4052fc-6d2d-47b2-83f2-657ecde0d319;3a9bbbc9-04a6-4f0f-bae4-0a2fd1844870,85b0c869-66fc-4018-ae24-cc9f833e9a2c,3ccd35c9-40fd-4838-b31b-93dabb655353,88324739-24e9-490c-af1a-df92c6226042,b6a7d242-3c57-48b6-a069-c2fcbff5ae7a,4d8873dd-e520-4755-a653-be7d59e38a1c,d3ff01e1-b3be-45df-a490-e71b3b575390;51d9043b-068a-4a31-a0fb-74719a5a6a11;fr;90;3000000;;;/film/Alibi.com-2017-776064;tt5657028;0;0;0;0;2685;44783;33085;15787;12746;5208;3733;0;0;0;0;0;0;0;0;0;0;0;0;0;0;18029;16427;7777;6584;2790;1525;0;0;0;0;0;0;0;0;0;118027
78;a2756416-2fb7-4a27-9bd0-26f68dd2d9e5;2010-03-05;2010-03-05;Alicja w Krainie Czarów;15c0b1ce-34ec-4d67-ba14-0138c61d5b54,45434b4d-8a1e-4d0b-8fce-cd849ae707e0,9a150cd3-6c32-4b58-b1a4-aea6992c564c;155,172;37433d45-398c-4376-a4f2-9c099f4a424b,bb011a77-6983-4401-b755-1809a34dea6a,81195fd7-ae98-4c25-bceb-65a51a1b1b72,de1d15f0-3d44-4682-885b-5d813e67093b,7fbb4b5b-b12c-4904-bd2a-6d898b573ee9,2996927d-15d1-4458-9d3a-7b8f276c8623,eb03aaf0-d3b1-44fc-ab66-248683937a4c,7e8cebca-3625-40f0-86ee-39b6e6fd00d5;4bda07f9-a1e7-4f62-a0b9-3ae86cdc446b;34b67685-59b6-4f6e-b120-d5a4616fbe1c;32d151d2-5dc7-46b0-a276-8992b3317750;b904dcc8-bff3-45f0-baf9-a6e1a63f7ae9,ddef40c7-873e-4504-a97f-7922fd50c366,75834616-d19d-47b3-bef3-f0d2f5aa8ce9,495cd1dd-6695-4560-a3f3-161d068b1ddf,49cb48be-d512-4b0a-8b20-d8ecc189ae17,01158b32-f497-4f3a-bd93-3dc817078160,3ca485f1-6d23-4860-8e35-50ebdfde5eee,f6bc1f7f-e75d-4664-ae23-49e04812c88f,36a36ae2-bce6-40e1-9ff2-964045387b17,811ee2f4-142f-4194-8959-868ff8d50bc8;3c3fee43-f828-4c35-81d6-5bf009be4ca1,1d8631b8-5271-4347-afbb-788a8281c5da,0db5aea4-070f-49ea-b8db-43379e2ede89,3983ab01-0564-4d5d-8afd-9dc46d6dd121,d93fbbbe-6aa7-4d4c-94c3-c66227b15ad0;dcbf781d-54a3-4734-9b69-a7e119d59fa5;;108;200000000;;;/film/Alicja+w+Krainie+Czar%C3%B3w-2010-465818;tt16981674;0;0;0;0;859;396969;283417;180671;108300;52811;10656;0;0;0;0;0;0;0;0;0;0;0;0;0;0;241338;183707;111566;63046;13390;7715;0;0;0;0;0;0;0;0;0;1033683
79;e4faf758-7280-4a5e-a2d8-e43efefbcf7f;2019-02-14;2019-01-31;Alita: Battle Angel;d34b4e2c-74ce-42ab-b438-86fbbdcaee15,6a5af1f4-128c-4ca8-960d-3f0f36d29764;14;41c63947-8fd1-4130-8b65-ae1ccd7dcfdf,41622cac-3cfc-48ee-ab96-fca6dcabb979,28768014-25ae-48ee-9e95-4f550113c3e1,5977c72f-290b-4c22-b15e-2a319fb4983c,87af1dda-8b6a-4236-955d-4a642ce54f55,faabf9a9-9f89-4b91-895a-422e1ff50771,29d2b5d5-36a2-415d-be87-1efda3a17748,05a8982c-b1d0-4e19-a961-881121d6ea46,6c3dd5c8-165d-4a06-8631-8ac58f01eafd,38d3e4aa-55f4-482b-b048-95287c5bf296,984edf6b-c588-44ba-b143-7aae52529def,209a5df8-840e-4d1d-a950-edb18284d7fd,2642656c-2c52-424f-8dea-a93aefc6f2a6,48515e10-5b7f-4c2f-b500-791c3e77f418,8d822950-d062-49fc-b645-3b24010cdc96,09d7df21-0325-4a7c-8848-9ccf13625909,ec5ce3ba-bba6-4926-9cb0-59e8cf704d29;7715d582-1464-428d-914c-d5d8a0fd9fdb;f8c298fc-ffb3-4397-9e1b-d709aee89d2a;973db2f7-0b17-4558-b1b3-39a7e7adfb21,aacb2152-0f94-4490-b91e-2b940e76c5e6;f0fe4ee8-95f6-46f9-982c-9dc4c6ea9352,06efb6b2-1f6f-4598-8620-8ad64600056d,042c4f6c-3591-41d1-81cd-18ff466434a0,5c3c03ce-6f61-48d3-8171-b094e460e3fd,78966fa5-890f-4e18-80b9-7a2d5f640555,aacb2152-0f94-4490-b91e-2b940e76c5e6;c413c8ac-a791-4947-953f-603c95c01727,7530ef48-d54e-4635-b327-45bce5ccbcb3,d1bfe2d9-3467-469d-b840-a6a4563f591d,88b40b40-290c-4eba-bdce-86c9e6125d90,067ae662-e5c0-4f46-8c43-13a862fc66df;dcbf781d-54a3-4734-9b69-a7e119d59fa5;en,es;122;170000000;;;/film/Alita%3A+Battle+Angel-2019-193450;tt0437086;0;0;0;0;39584;98692;49271;23713;6600;3538;2194;0;0;0;0;0;0;0;0;0;0;0;0;0;0;56777;32366;15156;4225;2104;1519;0;0;0;0;0;0;0;0;0;223592
80;852987bf-a373-4ac3-9dc3-26bfc86bfd7c;2016-11-18;2016-02-13;ALOJZY;f0506edd-d123-41d3-ad36-1d31a8bb23b8,45434b4d-8a1e-4d0b-8fce-cd849ae707e0;;3a68096f-5ebc-4205-9366-00b57808af47,06ffe887-c461-4c54-bce1-7915ab0eaa54,964cc2b2-f8f9-41f6-bf10-eea4cb8ddb77,cd92dcf4-82e9-4a45-9f7a-28817040e979,f1e5c23a-5927-494d-ba2a-981f5f37126a,ca63fb76-fc8f-48d8-9d2b-6f0b77de653c,ef64d7a6-25c9-4c6a-9b4e-c9b80c220e18,2f57868c-ffd2-4681-ab57-3a89cfff4800;565b043e-ad2b-47b5-a6fa-376c11aeaa6f;d5e669d1-f258-4ce4-b22a-1c5360abb0d4;565b043e-ad2b-47b5-a6fa-376c11aeaa6f;e7a3937f-54fc-411c-b6b2-bf690ac6f986,83fe2b53-1d9f-4b9e-9319-f809b441cf69,9a7d8ee5-c60f-4824-bcff-ded12f8510c0,cb7c1413-34f3-4f0e-a791-b4d9f5a9a641,8093ee24-ba9e-46e6-827d-a5d6c7eb7bf4,61591e9a-0241-4371-b0dd-088f58cff519,aa937df6-6887-405d-878d-6fe289a6b4cd,a670b30d-eafb-4011-bcb3-8920c4fe5e0a;17153343-6e58-433a-8f7b-106ce98e3056,d7e1b6b4-e7de-4f49-bb6a-86618b12b1e6,84a27372-8edc-4467-9c23-5232b0b12207,16a79cec-80bd-48b1-acfb-de8f20937813,2954d2fa-62f0-4856-8954-e2348af6fe45,1957cfa5-8dda-4b34-87e5-94baaaee776b,f1f2ebde-a77d-436f-bb5d-aed8c427a69b,f41a0291-37d4-4cd2-b293-4e08a764c897,55ccc40a-1041-4855-b11b-ee2efdcf8430;51d9043b-068a-4a31-a0fb-74719a5a6a11;;91;1000000;;;/film/Alojzy-2016-759021;;0;0;0;0;181;739;67;15;43;13;13;0;0;0;0;0;0;0;0;0;0;0;0;0;0;198;54;0;26;7;7;0;0;0;0;0;0;0;0;0;1071
81;dd8493fc-8457-41be-8d97-d2522b3bb419;2012-01-06;2011-02-12;Almanya;f0506edd-d123-41d3-ad36-1d31a8bb23b8,57366ac3-c349-4e55-ad5d-6f8061179e88;;ccdadc0b-10f4-4481-a756-2a45fd2c9d7f,65019932-5cbf-43bd-874b-ad2fe3f7d3e0,62aa30be-d243-49be-ba02-7eaf0bce5f8d,15457259-4fe5-446b-b373-5aa16f58e8dd,bd824625-7d58-4464-aafd-829b74dcd594,aa32b07e-1842-483a-af6b-cbe038080678,87a0b5f7-8586-47fe-95df-fcd4d0cd0046,9e61a1d1-349b-4a9b-8330-bb51cf57b243,7a9bab7c-6d3f-4dc4-9801-210a532ea29d,84b1abb6-ab2f-4087-89df-09cd78140abe,64ecb836-9742-4ba4-aeb2-601a864a5fd9,ed3ff661-629a-4648-83dc-a361f76b2a92,66e01073-a806-4e5d-bb4b-95efe8015efb,e106a519-403c-4df1-8dd8-006c21e0bb0f,6b1d4afe-cc16-43a0-940b-a8690e392fae,69d9450f-adf4-4dc4-952e-7e46ceb51326,ac829b1b-3193-495e-9d96-8444d2019fcd,91247453-762b-4c73-bc62-1a869dea944a;848e4959-3e35-4935-880f-8bba3dae4386;f4b55c4c-9fd2-4c03-94c8-94c595093805;848e4959-3e35-4935-880f-8bba3dae4386,6e91d144-ece4-4dfc-a6a5-377b8a59ad41;ccfa77b0-09d6-487e-8d37-e56de7373674,a4a49ca1-7486-46ee-a226-3624435fddb0,a2a1a39e-f78c-4a4e-9e48-6c1885644a38,f152d898-9b30-4ba7-9f0a-4e613dc50ebc,d89b3b89-a636-4570-9f10-522fef930487;75fc002d-b1b1-40be-ad39-ee8e037cbd21,3c4b6f94-846f-47d4-bc9f-171d466c3292;6614b794-9b07-4de2-837e-3aba6098ec7a;de,tr;97;1000000;;;/film/Almanya-2011-577516;tt1630027;0;0;0;0;0;2446;773;111;44;267;39;0;0;0;0;0;0;0;0;0;0;0;0;0;0;1912;364;49;20;78;13;0;0;0;0;0;0;0;0;0;3680
82;9f24e62a-70b8-49a0-898b-0affc80d51d9;2017-02-17;2015-10-15;Alpejska przygoda;15c0b1ce-34ec-4d67-ba14-0138c61d5b54;36;5bff27ea-a9db-4e6b-962e-a297baffdea6,1b29ccc8-1a87-4752-aa71-36843a661c19,30f47efb-57e2-42e0-bef0-72bed098a43b,99695ca8-beb1-481b-abf1-e91a9d7c1980,d80f578a-1a25-4e75-be53-bf84324e95b0,c02d3ab2-0776-4d91-9b34-e4433237108f,5e5cb688-30cf-453e-86a2-99e2c50bd5a5,ccfa69e4-7a95-455f-b712-2ab044086771,6aaa824d-ad09-48ed-8288-ac42a30971bf,7ad143ff-f00b-4c8a-9071-382d08d0c14d,85b1adc5-f0f5-47dc-89ef-5df89ab21d15,df74b85a-6a8c-44b1-9c8c-949d853b1202;892d482f-0e79-4d64-a20d-bb8d1e267a23;f4b55c4c-9fd2-4c03-94c8-94c595093805;ae76e981-e09d-4598-bb78-7e0a1a15b6f4,892d482f-0e79-4d64-a20d-bb8d1e267a23;f5856bf9-51b8-47bd-8a60-041a2495660f,f072eba0-b2d1-48e3-a045-314da1850db5,05e6db9f-f48e-407a-96a8-1a284f4a7148,b3d8b5bc-2c2e-4189-9c07-660febffd87f,aac8982d-dac5-40e5-9dbc-3640fadeeb5a;10f7200f-bf86-471f-8494-ac64e851173e;;gsw;104;2000000;;;/film/Alpejska+przygoda-2015-761918;tt4136636;0;0;0;0;1368;3667;885;1062;599;451;451;0;0;0;0;0;0;0;0;0;0;0;0;0;0;1504;256;104;346;226;226;0;0;0;0;0;0;0;0;0;8483
83;30d1ba08-1410-4253-89e2-25aafd3e85ac;2012-01-20;2010-10-08;Amador;f0506edd-d123-41d3-ad36-1d31a8bb23b8;;3522881b-0cf1-4a0f-8e29-54d37ae46601,05f6a825-2651-47d5-b475-29e96eaf94b1,7c874c70-0784-470e-93cd-ab9b288e3da5,671061fb-d2bd-4537-9ee5-dba657e83ec7,0de17fae-427b-4e89-bc73-fc74204d20dc,56839bc6-c231-4677-b60c-26438b37821a,64d226aa-bc9d-4a27-8639-b471f5911173,30061ae1-18ea-4349-ba62-cb709bb46d11,6488e972-b3e0-406e-ad11-24aa54cf2734,af928c91-7454-41da-a389-cc8af4ebf325,39adeebc-319d-4244-b584-631b7d2fd288;eee19599-50bc-490e-9853-2b7a98f04c0b;f4b55c4c-9fd2-4c03-94c8-94c595093805;eee19599-50bc-490e-9853-2b7a98f04c0b;eee19599-50bc-490e-9853-2b7a98f04c0b,ba310e6e-b563-483d-8923-a6a9dd460f28,1b0e0a3c-0012-4203-954f-0f24f1db981a,91f2faad-268b-4540-8a62-3428f437dd38,44083a79-f9be-44f8-a686-162e2be3a20b;5804cdb6-c870-499e-84f9-0c8baaca656b,9f43b484-885d-498b-924f-317e83002f96;;es;112;1000000;;;/film/Amador-2010-535494;tt1477171;0;0;0;0;0;918;180;217;89;251;46;0;0;0;0;0;0;0;0;0;0;0;0;0;0;781;72;66;24;46;9;0;0;0;0;0;0;0;0;0;1701
84;607b3d09-0107-4e4a-93de-f52651059494;2018-12-28;2018-01-26;Amatorzy;57366ac3-c349-4e55-ad5d-6f8061179e88;53;33a27162-8b75-4fae-879b-5c191472e30b,4bc7b010-bc59-4bf4-ab9f-fa527c0eacd6,1227bf87-f127-4c58-99ec-aae30d1462e1,dd7e8030-adbc-476b-bd4c-d240bfa4f301,44b17bf7-75c3-455e-9dca-f4befe1eb791,0eb883e6-6762-45c4-8652-4c0163a087dd,71e99f26-d269-4460-b529-edb90dd49b87;f71a696d-9383-402a-97b4-9feae2a5d2dd;d8edaed4-aa2b-4b31-8916-c373eaa4ad97;f71a696d-9383-402a-97b4-9feae2a5d2dd,6b7ae426-f0ea-4bca-b737-decda40c7cce;e65b5384-73fe-437e-9e08-31c6497b9c83,58c36947-dbbb-4679-bf6f-ed7c069f21fb,1ca49706-f6e5-42c6-85ee-9eb5e0eaacff;972ce11d-3c42-4c2a-9db0-978776c5b3b2,305b8a9f-606c-4f1b-a66f-72cc5962c299,5d324873-785a-42a0-93fb-828100e96497;;ro,de,sr,sv,en,ar,ta,ku,bs;100;1000000;;;/film/Amatorzy-2018-802004;tt7893992;0;0;0;0;1567;1354;523;203;37;44;0;0;0;0;0;0;0;0;0;0;0;0;0;0;0;827;501;100;34;0;0;0;0;0;0;0;0;0;0;0;3728
85;0657c44c-d938-4117-b5f6-a71f4bbf85a4;2012-05-18;2011-10-05;Ambasador;2c2fd51f-d2b8-4fb5-aec2-faf911088642;;347ab6d2-19ca-463a-a848-ff9bc589f2c4;347ab6d2-19ca-463a-a848-ff9bc589f2c4;f13023fd-efc3-43af-98c6-50964c66c585;347ab6d2-19ca-463a-a848-ff9bc589f2c4,4913507d-b466-4754-8d8e-c39131815a2c;5becd1a0-4be0-41e3-b10d-db4e9b76a043,e789a3ff-6599-40e5-b4d2-d1d931cae3f2,b8784e89-8a95-4cbb-8b37-8d51ef73f537,5cecf9f3-a698-4c8a-a34e-2e6c426394b2,4a699866-2e58-46ae-9664-093afa3357e0,6b3fa8e3-cbb7-43d9-ae0e-012f38408430,716e2732-c1ba-4eb1-a49f-466268a811b8,9c3ed9e9-d9a4-4fab-8b4a-04b6eb8d2541;893e80a6-a6ed-4f62-bacc-8653ff785783,972ce11d-3c42-4c2a-9db0-978776c5b3b2;1b7463ea-f722-4147-a4b2-261b08bede20;da,en,fr;93;2000000;;;/film/Ambasador-2011-638799;tt2048877;0;0;0;0;0;1955;1955;1955;1955;0;0;0;0;0;0;0;0;0;0;0;0;0;0;0;0;978;978;978;978;0;0;0;0;0;0;0;0;0;0;0;7820
86;da74b217-c863-44c8-933d-c9ced655ac1b;2013-10-18;2013-10-18;Ambassada;57366ac3-c349-4e55-ad5d-6f8061179e88;;e1eaa9c0-4ca4-48ef-bc18-e244a0e963d2,f889c86e-eb04-47c0-adba-dd24c76fb3e5,f0f3a75f-0c24-4111-9007-6a089a912bab,b729d7fd-5ba6-4229-adfc-88916f67f882,2fdb8ae9-6928-4bf0-a490-428c37bd634d,19a49d90-5dda-480b-a619-72f617c32158,e6f31c28-1390-4837-8239-3474c449c637,3c9922d7-2c8e-4f2f-84f9-5e8c3dc4ed5a,3198e999-c578-488c-aad0-8f01537524d6;75411cfc-df95-4bd9-98d8-635c8e7b46ac;bbcbff15-ab9a-42f4-a7e7-3534672666e2;75411cfc-df95-4bd9-98d8-635c8e7b46ac;75411cfc-df95-4bd9-98d8-635c8e7b46ac,95e8417f-f83f-49df-8c55-0cd4825db6db,7d0d385f-0b6a-4c01-bb15-458503454214,0c186ae6-68c1-44d3-9057-79167cbc81bf,576826ae-5375-437e-8fbd-601bebb1eb2f,b0c0c61b-2704-462b-a2da-ba8dc85cbf31,2cc8d54b-6bed-4635-80a6-b848fb5e906d;1c6a5745-8e0e-45cd-a3ba-86948a7d23fb,0a31708e-aedb-4381-9abb-632367732a7a,5f2c3d88-0cd2-4a58-a909-17d9110f614f,b592aa0d-1501-4ec5-b3d5-ae7225cc3b59,324a299e-1afb-4dee-a79f-3146cbfdf385,501b3f8f-81d4-4bbe-b081-020a9e8bc3a8;c29315d3-7743-480d-ba69-783e11af73bf;pl,de;105;4000000;;;/film/Ambassada-2013-662460;tt3273632;0;0;0;0;526;68046;46547;28409;15549;3449;1070;0;0;0;0;0;0;0;0;0;0;0;0;0;0;43021;28898;17346;9954;2460;691;0;0;0;0;0;0;0;0;0;163596
87;e34f3d09-a06f-47cc-8284-d82a6c5baf6e;2010-02-12;2009-10-23;Amelia Earhart;36a330ff-bd5d-4a0e-b74c-8a0d4473b778,f0506edd-d123-41d3-ad36-1d31a8bb23b8;;579b3044-85fc-4190-b8a6-be7eeeb416ca,87b7f673-d68a-4106-8ebb-e5789ffd205d,1b7c1a0e-e9e7-44a9-b0b4-fc57729f715c,490618d1-1f3a-4db7-98ac-3c5f3890de6f,e8a7382c-11e1-45bf-915e-7d0de2f896e7,381496f4-d4e8-41ef-9b2f-d35ab1dc0e66,9521f3a3-98c0-46f1-85c9-d15a51e0faea,533960bf-847a-4979-ad1b-6bf627091d82,0c35156a-4590-4baf-8d8e-c04f6a585e4d,bb011a77-6983-4401-b755-1809a34dea6a,a6f67b0f-3d33-4409-a665-efa0bff8bd7b,7ba37014-274f-4a4c-a818-b3bc96493b9e,ceb3fb09-1691-4c41-b434-cc209b7e725a,8a07a3ce-be0c-48f0-9d39-b7b4aaf0a177,56dd52ed-dc30-414e-aff9-30103aaf44ab,e1879394-9262-49f5-9976-fe2dd4e6948e,4810d03f-1236-42b2-966d-ad79fa1f3ffe,0242d139-1329-43dc-bcdc-a3caa8c94631;7faa5a5a-f107-49d3-aaa3-dadae9674024;f8c298fc-ffb3-4397-9e1b-d709aee89d2a;62ace18d-46f9-4e9b-b62b-d60e8b55678a,21397ca9-dc6a-4818-95b9-d5dd4eb36982;564aeec9-d3b0-4280-baf8-f0c3a8098607,ddd7dcf6-b87e-4a2f-8125-d1cd3de3638b,579b3044-85fc-4190-b8a6-be7eeeb416ca,21397ca9-dc6a-4818-95b9-d5dd4eb36982,df6b2402-9d62-4705-bcd5-6e94d88c3925,74e47a7e-6729-496c-b63c-a1053317ff80,c4b0b669-5c23-4e83-8823-aa546e5e5b2e;47ee39eb-36b5-49d8-a264-e284eb6616e5,4e52a1ad-d575-400c-8cb2-926a07ddd950,7a68da90-46a8-4557-934a-1e55646524dc;dcbf781d-54a3-4734-9b69-a7e119d59fa5;en;111;40000000;;;/film/Amelia+Earhart-2009-473400;tt1129445;0;0;0;0;0;623;138;67;36;35;35;0;0;0;0;0;0;0;0;0;0;0;0;0;0;409;105;34;18;18;18;0;0;0;0;0;0;0;0;0;934
88;bea6ce40-e6a3-4110-9b7a-c47f811ffc85;2017-09-15;2017-09-06;AMERICAN ASSASSIN;1db1ac18-a83d-4645-9cb7-3c60a03012ba,d34b4e2c-74ce-42ab-b438-86fbbdcaee15;54;3edc7755-e8ed-40af-ace5-509c373c1cbc,753fdee3-2b26-4148-885d-d80da7bc3797,e83abdc0-37de-48eb-89d3-39070ed4280d,1583f921-c262-4184-bee0-80554721f46d,e58aa3a3-86e0-4534-aa97-a334faae484b,e4b31bde-1b20-4740-a7d7-9cccfde9185f,8af3340d-6eaf-418f-a808-ce1879a8898b,296cac8c-7777-4920-859c-eba6c2e7da52;392fe642-18b2-4cd1-a8f2-e4234cc9811a;6dc7f7ed-6e1c-485f-ace0-6547ecb1abd2;d65bc96f-8705-49b9-b1e7-61dfe62c4854,216c829f-356d-4b64-9ece-1bd21b83cc95,dcc36dd3-9219-4608-ae2e-3675ef58e806,fc4db073-007c-471a-a833-289ec73aae6f;aaee2c3c-1a35-46dd-8da3-7a72560b95bf,b1af87bd-d799-4ffe-b7ea-6d752c4d5823,1f3a4e56-4ca5-4aa8-a1a1-8693a8670d9e,c147ffad-cf3b-4eb4-9fed-c846aa6b52b1,4f16f1db-b8b4-4350-858f-83c7b2e79bee,e120b2c2-5ad1-4719-8503-dda04cdfb39d,25f1471f-a648-446f-8f89-6d7884cd83e0;6e73a38f-e640-4fb5-9b17-bab8a7a5d24c,1dbe8b5d-cf4c-4fda-8b37-a0649f561093,f6ff7158-a6fe-477c-85a5-d4826c00a66a,333d8526-8acc-4071-88bf-353dad178efb,4f5ded11-83ac-4d23-9b1e-5dba8fa2a727,e6b81684-8b5a-4ea9-8c7e-04abf6b74cbe;dcbf781d-54a3-4734-9b69-a7e119d59fa5,380f767c-1de0-4266-809f-666a5f2e3c47;;111;33000000;;;/film/American+Assassin-2017-628311;;0;0;0;0;4598;52135;32154;9682;3988;1932;483;0;0;0;0;0;0;0;0;0;0;0;0;0;0;32596;20571;5893;2546;1495;242;0;0;0;0;0;0;0;0;0;104972
89;5babeded-dcae-4255-81d8-842cfa2031c4;2014-01-31;2013-12-12;American Hustle;f0506edd-d123-41d3-ad36-1d31a8bb23b8,c8692873-ebae-4261-a833-4378ab4e126b;;7b26e28d-b033-4936-b914-ee82dbeaf34a,d5a9b6c1-c6a5-4d49-9ab5-6e9771d0e25c,808b226e-ff5b-4772-85d0-b595ff17d9b5,440a1276-bf47-4ed9-8114-fd2c00bfbe2d,6dceafd4-cd25-4098-ab32-31dd074166df,0dd750c2-f32b-4ec1-843d-404557a74df0,c2775714-7e68-4726-bd85-0de8a8bcac92,a0516290-73ca-4981-a65c-8b6d0a9947d7,f51eed81-881b-42eb-8239-0fe0a45b8f86,2aa0b8b3-cad7-43a1-87de-4b0d6cb75e61,060fa322-00cf-4b1e-a854-43eed451b2fd,3b4966fc-e297-44f8-b5c0-d9f58b03d87f,1f8e58c4-a23e-4b96-8e1b-c813115da339,07a5ec3e-5c2e-41b5-b5aa-79cb9fa8077a,b8c20d0d-a23d-4c24-a73e-2544c9386155,3812db4e-f8ab-4585-a8db-08b14233c766,d7718800-cd09-4418-95a7-33c9911f4314,906f78e6-883e-4d4a-a52f-0e6b0360cd40;2e409c9b-ed3d-4bba-bd57-51bfcfbf426f;f44346b1-d6b2-41b4-876f-1b6682aad3ab;aaabbbb5-fe77-4588-88c4-02c9f8151f9f,2e409c9b-ed3d-4bba-bd57-51bfcfbf426f;d5a9b6c1-c6a5-4d49-9ab5-6e9771d0e25c,ee4963f4-7a1d-49fe-a2cd-9dc5429d1b2d,8be69357-84e5-439e-a226-7c2c38ba606e,88663131-6ee2-4337-8181-1ebaf374c081,0c173237-b977-4718-9aac-a5fae7df0058,50422b70-9ca6-40a1-bb4c-15c497d54994,aaabbbb5-fe77-4588-88c4-02c9f8151f9f,f4bdaa22-d484-43f7-bb9d-f4750bd71ed7,9afd40a4-0010-4479-af52-5d9155413a7d,a41d3ad3-e8a2-429b-b170-acb7264c0f13,679bb492-5f89-4edc-9e70-42ef05f59fc4;62d9ef28-b8ce-4096-a1af-07ff72cf018a,226bcf6d-8cdd-4700-b0c4-d629c8ebf5ba,bd194ba1-6705-4f18-afac-84ec383e055f;dcbf781d-54a3-4734-9b69-a7e119d59fa5;en,ar;138;40000000;;;/film/American+Hustle-2013-611322;tt1800241;0;0;0;0;3990;72070;37437;18479;7173;5360;1672;0;0;0;0;0;0;0;0;0;0;0;0;0;0;41449;20491;11300;3931;3316;1182;0;0;0;0;0;0;0;0;0;146181
90;612589c1-9d18-488b-990b-6c54973c9ff0;2017-03-31;2016-05-15;American Honey;cf603e2c-4964-40f0-aaf4-d2e082a07d77;53;3d7ae98a-728b-471c-8dea-559396a4f81a,8af6c96a-83ca-44e2-9900-564c1d913587,5d6fc67a-cba5-4bb4-ad87-7490b5b1fea6,0816960c-d94d-45bc-b174-a793425869bd,8dc7db61-9b50-40d1-95b4-fbb1e5cddb07,2ead13dc-ceb1-422a-b2fc-3a3766a3bb5f,deda37f5-2122-45fe-b560-95052e27ed24,56c7a81e-7393-47c4-8194-11f0c089db47,b95ae1d2-b889-440d-a75a-f243f74fdaf9,b3f3f615-fe40-42ee-891e-45514d5b41d3,a5e21c1c-f91f-4803-96f7-980266513d44,aba526c2-5e9e-4489-bd9c-97e6da64e1cd,7c6fbecf-f1d6-48eb-814b-24016583544f,b7da0b36-0fe4-4de7-af7e-04cdea4241a1,dff376d6-204d-41eb-8974-c5e2646d761e,fbd1e8e6-9e58-4c07-b3d0-7f9fe8feb2a3,de05f941-e725-4922-b9b9-4a8d314fb62a,6ded16f0-223a-4e2e-b1bc-b8f440301944;26eacb58-484b-4839-b974-277268e8a6ec;a4abfcce-d2ce-4ab3-becd-258c33b13102;26eacb58-484b-4839-b974-277268e8a6ec;ace20405-944a-401c-9c93-19fc55359ae7,974ae507-5a96-4c10-8b90-cc7dd2547a40,1586a903-d40b-4895-b28b-535cf87c154a,1eaa88fc-157a-4b2f-b7f0-753e4f85555f,abcec4cc-ad8b-41b3-9eca-2742a631043b,d3c369f4-fcb3-4e57-a9e3-41ca7ff0b2f6,53c3431b-d30c-4abe-874c-0f938d996a18,b6be5a38-baa5-4c2a-be37-81161574dd4e,5d404ea8-9b6c-44d5-9298-b96cf870a115,9e831719-4996-44b7-a1dc-91b1714dc0b5,55107db5-edb4-4ebb-a72c-89e06fc8a934,136d1afa-2cb3-4a9d-a891-54624a111a48,e9f183bc-4291-4193-b85f-8a90cb7e01e6,141726fc-7e2a-4fdd-9457-e1813222377b,6f239811-8595-4d09-be1b-6324115ced3a,3b72ca98-9ed6-4d93-81f3-df32ff815e76,fb056e94-020e-4db7-ad27-f250d05f6d8b,4e0b16ea-9102-4d21-88ad-c0591f9d0a8b,c8909b54-6509-47da-9e60-a84c5ffd70b6;c04bfcf4-323b-454e-ba67-33e75c8ca0df,ce9badb1-a8bc-433c-8a0a-e22d0960ba34,2dfa4f07-1db0-4ba6-af6d-6fa1687e6ede,dad71cf0-4ff4-4d51-bd26-2907cc1680b4;dcbf781d-54a3-4734-9b69-a7e119d59fa5;en;163;1000000;;;/film/American+Honey-2016-719462;tt3721936;0;0;0;0;3314;5972;3499;1244;1294;1403;213;0;0;0;0;0;0;0;0;0;0;0;0;0;0;2734;1867;383;384;702;107;0;0;0;0;0;0;0;0;0;16939
91;d1bf268d-8324-4a52-abe1-90540a546b8f;2012-04-13;2012-04-04;American Pie: Zjazd absolwentów;57366ac3-c349-4e55-ad5d-6f8061179e88;;b8273f16-717d-41d3-8e81-f9068bc277f0,4e6038e0-76eb-435a-9fe6-8a764dc48a37,11c27ad7-be35-46ca-90fe-41ee529be6b2,d9e623b4-9660-4b5a-a93a-d674e7a2321d,8f1dcc6b-957a-4e95-979c-8c7f19bd4614,399675c7-99aa-4931-ad44-80baa145e3d5,41de2ee0-8f28-45d2-8e2f-ab1db23bfa43,78d6e5b4-f9e2-40b5-ac46-90cd38ca5a76,eb41861c-4137-4fd1-8179-792d4150615b,182a56be-3fba-4747-ac57-1e2a0d15bf75,f1e95751-a430-4cca-a629-ba31985b0dce,a0fffc45-842a-4486-9511-ad7005bb9ae4,1230c08c-495d-4e2c-a601-a90d74f28dd2,08612b82-b038-49ca-8b46-ff51287ff775,e3248cfb-276d-4eb1-949b-d14a19ef9b9f,993f3d82-5d45-4667-a51f-87b22f62df05,0fe346fa-b8d1-4fcc-8492-212dcec46283,26be4f0e-7c19-4b22-a815-1c23e6f450c3;b65e3a1f-48dc-4262-9da4-3bdb1720f1a2,8d0a0e21-cd5a-410f-8f27-a2e0f6489125;f44346b1-d6b2-41b4-876f-1b6682aad3ab;b65e3a1f-48dc-4262-9da4-3bdb1720f1a2,8d0a0e21-cd5a-410f-8f27-a2e0f6489125;b8273f16-717d-41d3-8e81-f9068bc277f0,399675c7-99aa-4931-ad44-80baa145e3d5,79a724bd-c474-4afc-bbf8-35b391bc5fe3,0bfa6ff9-1456-41ab-8989-d116952a34db,1e3573e0-f14c-45d0-a27d-f0c0bf0d1538,737dd992-b7fa-440c-add5-8a4663f97674,58ec5021-aa74-4f04-98c1-c920e46abdb4,2fbab277-142b-48fb-a605-de8cde9e1e74,147d4966-a89f-4a28-82b5-48162a06de15;e5886614-70b7-4297-b71e-0ed0cd8b40a7,6b570a2f-3b37-41e5-bd79-94f08e0e54d3,2378206c-5e13-43e5-9f03-48370d9d5ed1,84c3e28e-5255-4d9b-afd0-30aa7926ab39;dcbf781d-54a3-4734-9b69-a7e119d59fa5;en;113;50000000;;;/film/American+Pie%3A+Zjazd+absolwent%C3%B3w-2012-593914;tt1605630;0;0;0;0;0;150569;83399;51275;40883;28555;8534;0;0;0;0;0;0;0;0;0;0;0;0;0;0;96684;50759;22197;23513;17792;5146;0;0;0;0;0;0;0;0;0;363215
92;2967c6c5-f4a2-4134-ba88-dd8750ef453e;2010-11-05;2010-09-01;Amerykanin;f0506edd-d123-41d3-ad36-1d31a8bb23b8,1db1ac18-a83d-4645-9cb7-3c60a03012ba;;aa199581-b346-4e9a-9222-868ee88ae089,fc52b727-404e-4edf-a1ae-9f1604574698,c826adc0-76ac-48ab-bfb5-f00462f27a0b,3021e089-f684-4e5e-9bfa-20995a6c38b1,d5a10722-9fc0-4f06-8157-8a97d025a2f5,4b6ec674-1d6f-4896-8651-98defc31799c,2b6be7da-ccff-4976-8d50-c7dcd6de88ca,22c5d8f3-ba79-42c9-845d-3bd61ab6b54b,fce8c7ac-ecb0-47fb-a6b3-631cac86ca94,cdcd1447-a9c9-44fb-ba7a-107d5e60267c,d7b54f5a-aa5e-4336-a12d-6aaf6cdcab7f,41f4311c-7adb-4da2-8819-2c450fab8fd2,1c0faaf2-a934-47e8-9f69-9ee5fd107e5c,d0d3f6c6-28f3-46eb-93c5-8683b0643cc8,dde29ee5-0f1a-49df-b9b7-421cfdddf3f1,83a4cdbe-84f8-4ded-b453-43a4928e75e8;3ee28f9c-8660-4f1e-ba12-0d1382230f94;34b67685-59b6-4f6e-b120-d5a4616fbe1c;78b91b95-931c-4afa-84e6-16131283776f;aa199581-b346-4e9a-9222-868ee88ae089,50508d69-a695-49be-846f-6822feb65373,acc4926c-a520-4467-a1a8-b2bd773559fc,1079277e-76cb-42c8-9b18-1f0b323663e4,6264a32c-1f6a-423d-8f85-eb0f935831bf,7c3b8991-87c6-4522-ad9a-3a55c138bc44,a8e56965-0738-4577-8d7e-6b4a343ef621,bd645258-6aae-4829-97f0-51200389bbc2,4311d462-bfc4-4f25-baf1-113025f828e5,7d9554df-5015-4fb6-8799-3d852511b273;873900e8-cf64-478e-a209-6b61839d4a74,a1342ee7-c50b-42d3-975c-358cd3c80ec9,dc1dca07-3aff-4ada-984f-6a6857fc32e7,bc36edf6-7895-462e-b309-4ea1519010b5,85711834-a8d1-454e-bf3d-860129ca51c0;dcbf781d-54a3-4734-9b69-a7e119d59fa5;en,it;105;20000000;;;/film/Amerykanin-2010-522361;tt1440728;0;0;0;0;0;39281;20717;5099;1231;714;952;0;0;0;0;0;0;0;0;0;0;0;0;0;0;23342;15908;3470;790;469;684;0;0;0;0;0;0;0;0;0;67994
93;9896795c-9495-4832-aa3b-ec9d8eabf686;2017-03-24;2017-03-23;Amok;c8692873-ebae-4261-a833-4378ab4e126b;;c2e7cff7-bde1-4ce5-acc4-1630835681ee,ef53cc84-a0ee-482f-a6b3-22569456176d,e583b6e6-9b6e-4025-84dd-5336b83432a2,525c0f3b-7b45-47df-9280-68de456f833a,3920e1a0-6236-4c6c-b0a3-6ca3229ba5d0,b1cfbbc7-886a-4a31-abb3-8f49c5700f9c,28fcce83-fbd2-482e-8f3d-57b0b2186b81,a2f2346b-5211-4647-937a-999b3f42a6e1;038abb3e-46c2-4915-b1d3-7f9fc39d8bf7;e71270d1-d648-42e8-b1cd-58315299e461;72e8f591-3308-45c0-96b4-418c39009bcb;4b170783-a1de-45d4-ae74-ef45e8858e31,c64678bb-8aca-4f27-9ad9-d946fd78fb43,7d0d385f-0b6a-4c01-bb15-458503454214,c6cea807-6158-4824-8c5c-ff7891e63e1f,98ccc6a7-968f-4a07-b43a-82eced3dc35c,69d7c99f-39f2-4165-bffe-b936b5e3ebb2,f0fe4bdc-e000-4a4d-b10a-a50430b7226f,940abfe3-8757-4316-b4bd-5fdbe86278ee,3682eeb0-35dc-4c02-98b2-9ff631d968b8;b00bdf16-4e2b-4686-b539-76a2b8c38579,6192772e-9e86-43c0-b5e2-f7ff95ae6da2,5f2c3d88-0cd2-4a58-a909-17d9110f614f,324a299e-1afb-4dee-a79f-3146cbfdf385,b0a8f3b4-ce92-4a0d-b482-8fe195db88ff;c29315d3-7743-480d-ba69-783e11af73bf,6614b794-9b07-4de2-837e-3aba6098ec7a;;108;12194000;;;/film/Amok-2017-753082;;0;0;0;0;0;50250;33568;22013;12761;9765;7780;0;0;0;0;0;0;0;0;0;0;0;0;0;0;28903;17084;13898;3886;6188;4283;0;0;0;0;0;0;0;0;0;136137
94;cf38e318-3630-44a4-86d7-a5c42ceae3e6;2017-01-27;2016-09-09;Amerykańska sielanka;f0506edd-d123-41d3-ad36-1d31a8bb23b8;59;1b7c1a0e-e9e7-44a9-b0b4-fc57729f715c,28768014-25ae-48ee-9e95-4f550113c3e1,89b982ef-4de8-4d9e-a29a-4b892eaf4fac,2d038d27-7267-488c-875e-5afb2eff24c0,b4973f6c-5d3f-4dd6-b713-98c4a017c605,8cce0cc8-d37c-4491-85b7-58231858a1bc,31686793-9d8e-4d7a-9a75-cb4875d90ace,dc0a24c4-7976-4ac7-b8f5-5f574f1daa8b,123c0116-ba39-4643-9289-51021e3e9f04,9c9f2f95-c928-4f1a-9884-dfb277ed7bac,61d8b783-796d-4fc5-92ae-6826365ce351,f048ae5e-b7b1-476b-b5af-7589fc753aa9,fece5e04-f100-4e3c-abe3-bfd8c9b98795,6b9deaa0-fbb8-4474-86e4-d774843397d8,ca9de247-2f85-4c2d-9036-1d62909d7802,fc7e6752-f550-49b4-a294-d0d0c8d21cb3,fbd0d5b8-f063-430c-971e-ff14651b4ab3,9eec16da-9d52-47e9-817c-753f70ddd6d3;1b7c1a0e-e9e7-44a9-b0b4-fc57729f715c;2469ba5d-8a2c-4349-b38d-227be4d8eb2b;5103f921-7118-41cb-bed5-12e745145383;038caa01-2f3c-42e7-ad5e-64694150e080,0e0b2a90-74b0-436a-8524-a394471c9a37,5013cbd3-d0da-4a51-a174-431f55f0f844,d724e0ba-fc8d-4819-a446-1b61926ffc84,7d71832d-1889-4bb4-8d3a-26c5a950bdd8,03e9d8ee-9087-4bff-87e9-a16353482026,3eb41e7e-beb4-4c8d-a827-3c1e651a7f4a,e2a09afd-37c8-4811-a34e-59502c396a6b;c21bafb4-8614-4116-a22b-d66b7871174c,0f8216d1-4d1c-4f98-99de-c0527a484d96;dcbf781d-54a3-4734-9b69-a7e119d59fa5;en,he;108;10000000;;;/film/Ameryka%C5%84ska+sielanka-2016-107556;tt0376479;0;0;0;0;0;12489;4116;913;440;50;230;0;0;0;0;0;0;0;0;0;0;0;0;0;0;7450;2089;398;115;41;115;0;0;0;0;0;0;0;0;0;18238
95;92684f2f-5b5f-41f0-a6dd-eb64213085bd;2015-08-07;2015-05-16;Amy;36a330ff-bd5d-4a0e-b74c-8a0d4473b778,2c2fd51f-d2b8-4fb5-aec2-faf911088642,c411b135-0438-40c3-aa2b-88f7c4192e16;63;6d75967e-6f62-485d-a958-5b56732a6af2,eddeb895-0efb-4a12-a521-9ea78cc1c6fe,07eb668c-e68d-45a8-9d16-6cea3e6bb072,518d4462-1d7b-4ba2-ac8b-13a9b500d018,8fcb578f-fa6a-4396-833d-1aa964e5e3e7,d09044b5-5aae-4d95-af92-e3611a1ae90a,4a00cd32-0138-44e7-a5e5-ec6ef9215296,beb61d30-7737-476c-bb73-8f1a19bcc4fc;f6c51d95-3d6c-4cdf-81a9-d3ae233e041f;a4abfcce-d2ce-4ab3-becd-258c33b13102;;0eef2111-3f69-4a39-a0a5-526a2247921f,61f3cbbd-a374-412f-bf89-34c89d043441,b081a1b9-359f-4706-b317-11f3eb6a1380,d5bc907f-b029-4e54-b7da-6b60744ac86d,070b2c63-f554-44ea-9eab-45b066e87b92;5706015c-e4cb-426e-bf8d-dcfe7a0147db,6dbe4e5d-2f4b-4af6-9f6d-036b22f1ee12;dcbf781d-54a3-4734-9b69-a7e119d59fa5;;127;8000000;;;/film/Amy-2015-701669;;0;0;0;0;8600;39131;29627;23374;12071;10853;7381;0;0;0;0;0;0;0;0;0;0;0;0;0;0;16689;11458;9494;5458;4707;2331;0;0;0;0;0;0;0;0;0;131037
96;6025c111-71c8-4e9f-b321-81ca26801e17;2017-10-20;2017-02-17;Ana, mon amour;f0506edd-d123-41d3-ad36-1d31a8bb23b8;53;41e9026c-595b-4a88-977f-5f4380f29fe8,ea323af0-8cb8-47dd-96de-faf0c309fef3,292aecc8-f783-4189-b10f-d1e93e2d8455,c8fa6876-dd19-45a3-80d0-840a78467824,6615477b-abc7-42f9-bf65-14e2bc473290,c4859020-1dbe-48f8-9481-4cdf2355d410,8eb91b88-6de9-44c6-b685-cf7ff1973828,82696e36-eff1-4d48-bde8-7c373e192e20,b9dc3fcd-fc9b-461c-868c-fd5e3cd03663,a997d1df-b704-4be6-b55d-586f9d724c6f,3c1a3418-d308-49b6-a408-ee847fc128a8,05117d9e-073c-4fee-a05f-33bc33ee217e;dabf3294-3af4-4f0c-8e66-f7045b8edf46;1886bb61-6185-44b0-849b-ed26b23b5074;dabf3294-3af4-4f0c-8e66-f7045b8edf46,bd7cc281-d99f-4a26-b800-02023f290517,3c1a3418-d308-49b6-a408-ee847fc128a8;dabf3294-3af4-4f0c-8e66-f7045b8edf46,1b57db85-f46a-4833-b674-463f0d4524d1,8ddb5295-6caf-4827-bced-d7760fb026a7,50f3f026-c619-47a8-992a-e90a088f0287,e17816b3-6fd6-4af3-986b-5e9ce332a40a,64337e9f-bc4e-41ac-8799-4a87fff52038,a82737aa-78aa-4d7a-9bd2-ffd972b05d04,e34483b3-33a1-451f-a65d-cdd9de31cec3,505d7525-ce9b-4e59-9752-3775b0bd8dc5;e7ab9767-fc80-4013-96cd-580942524667,9810eda2-2c31-4246-a011-f953a937e215,25d20851-fa04-4fc7-a6f1-5255ee5e2e1c;6614b794-9b07-4de2-837e-3aba6098ec7a,51d9043b-068a-4a31-a0fb-74719a5a6a11;ro,ru;125;3000000;;;/film/Ana%2C+mon+amour-2017-779254;tt6125690;0;0;0;0;512;1414;539;95;220;173;173;0;0;0;0;0;0;0;0;0;0;0;0;0;0;599;264;53;60;87;87;0;0;0;0;0;0;0;0;0;3126
97;3ffa8a02-a6fc-4d4f-b492-57b9543b5804;2015-09-18;2015-09-18;Anatomia zła;1db1ac18-a83d-4645-9cb7-3c60a03012ba;;44159e52-25dd-4747-9f21-dbfd2b43e80b,21e36d56-73de-4d14-96ef-a1822bca0f84,b59cc1d1-449e-4fe4-a2ff-c286d417e2f7,dc87c2e7-c22d-4230-a059-a39f19d60e90,f3e1f52c-185a-4b17-85cd-1e0715ab517d,271ddf0a-0c71-499f-bf13-1a4b2da636bb,e46c5902-6f89-4dd0-b885-cb2099c01635,11c70224-0a45-4cf2-b678-c76e297c4638,4377d1b8-fcfb-480e-99c7-73e46124779e,2259b5ca-31cd-4dc2-b0e8-4050d4406525;b74f8c6e-9015-455f-8ea2-4da07b53f76e;e71270d1-d648-42e8-b1cd-58315299e461;b74f8c6e-9015-455f-8ea2-4da07b53f76e;b74f8c6e-9015-455f-8ea2-4da07b53f76e,2d711f2c-2322-455b-833a-3c5e9f14862a;e1d1accf-9ef5-426c-b319-0a5135264d72,5f2c3d88-0cd2-4a58-a909-17d9110f614f,3a0d04e3-6372-467e-9896-87056e966925;c29315d3-7743-480d-ba69-783e11af73bf;pl;117;5000000;;;/film/Anatomia+z%C5%82a-2015-720241;tt5062524;0;0;0;0;0;18909;11041;1466;783;439;438;0;0;0;0;0;0;0;0;0;0;0;0;0;0;10571;5869;878;640;220;219;0;0;0;0;0;0;0;0;0;33076
98;cc3312fc-e72f-4602-8e1c-56d6949f6d7e;2011-12-02;2011-09-14;Anatomia strachu;f0506edd-d123-41d3-ad36-1d31a8bb23b8,c8692873-ebae-4261-a833-4378ab4e126b,1db1ac18-a83d-4645-9cb7-3c60a03012ba;;e2a859da-ed0b-4c64-abcd-36c39719b000,aa1d1463-0913-487f-9c60-ebd9ed6ce24e,8d81371f-3aa5-4771-87f8-d0f0090d1147,ee1b6177-dbb9-48b6-b38e-41941c71ca0b,375db209-81df-4889-a8d9-ac72a6a8cef6,3d24b5fd-b58d-4d69-ae34-dc7096a3714f,b04debe1-23b6-41a2-870a-583efde9a849,f0cb1d8f-de31-4b6e-be66-a501c4579f69,294e3947-b03a-4897-afa4-c22bb2a0f892,fbaaee39-f024-4769-9bc2-09a79db3586c,ef57c5d5-7716-413f-9142-ed97fdf33344,58d96409-3c27-4b30-a06f-f17700218ab5,a8bc3443-8d09-4f15-955a-d78301d14940,3485809c-9c49-41a1-9e97-ce9d2a2f30f4,308a6b3f-e1d5-4814-af4e-d55ab5c69ffe,06c71ee4-9def-41fe-b3f3-c06bff072db8;e3301064-cb48-4294-a6dd-b89dcf3aa144;6dc7f7ed-6e1c-485f-ace0-6547ecb1abd2;083a6f17-9341-4094-ac83-2d3ed6f722eb;80bad02e-5159-4822-9251-34013a0cee5b,50cd5f05-4c13-42bb-ab66-e99797b20efa,26f23073-1cde-46f5-b164-4c417af79e6c,ef493106-8ed3-447f-a10f-fa267f676356,ee380fb3-206e-4822-8a95-fb8f3b05cafa,fcaf0496-81e3-426d-9002-ce3899cf839e,6e135186-04b0-447a-9fb7-2eec5c509510,e1a151d9-249e-4e52-957a-958b842027e2;7985c725-3f54-46a6-aad2-6679e494c9c3,f3791680-a0b2-4c3a-b81b-39758d6da87b,44ee0d72-26be-4682-a951-a2d0667c0b08,fe99f683-5ef6-49ba-bbb5-fa80dbc9fb0b,2336f6a1-6b5b-4175-aecc-9898b186f5c0,5684ba71-b037-418e-8e75-c2d4449ba6df,0b0106e8-7d20-4dbe-8a4a-3acfaec176ca;dcbf781d-54a3-4734-9b69-a7e119d59fa5;en;91;35000000;;;/film/Anatomia+strachu-2011-579478;tt1674784;0;0;0;0;0;17190;12540;6408;954;1070;6;0;0;0;0;0;0;0;0;0;0;0;0;0;0;11191;8363;4051;419;535;3;0;0;0;0;0;0;0;0;0;38168
99;0b01e766-7f54-4abb-b7d6-abda2290b8bb;2016-05-27;2016-05-01;Angry Birds Film;4fc66943-7c2c-4e0c-a93f-8f7abb752c8c,57366ac3-c349-4e55-ad5d-6f8061179e88;14,18,308;3b9431fe-8b2e-4fd9-8b01-c15cb7471d99,09e5cd97-cbb6-48db-ac93-bd59ba2c5f9d,157ffb1e-6ce9-4c67-9183-195500415aab,920d616f-72d9-4197-bf86-c18549c1b07a,5892acdf-dc8f-4e4e-abf2-ca2425263c28,22cc6a05-3c46-4ccf-8295-ef7170002d2e,92716b88-5c61-41f2-847b-4c9cc0332f8d,4a41251a-2b5b-43a7-b81e-ef94ee686857,7550a385-e090-4179-8088-14f9eb7277aa,75850b64-4031-4056-9300-a69b59699a25,c6525c9b-e189-45fc-968b-0313dafc9c81,8c77a78a-4034-4951-8f72-767362cf2857,3d6ebbe9-5c77-4786-a6a2-d030430f0e59,bb4627e1-4158-42df-b09b-3e0118687dc8,681d8942-d389-4839-8262-8ab30a755607,58f8a13e-8284-4484-a6e2-1ab75327ed3f,04525770-00d1-4eba-89d1-07393256cd2c,e1fda666-4255-4713-a37c-23e8423bef94;1c01b787-b093-4b68-938a-b5b0b145fe3d,f142e2c1-4169-4234-b85b-7e3080cb0d31;f44346b1-d6b2-41b4-876f-1b6682aad3ab;ab66cbe2-8e33-4923-9312-6acd9e6ca842;a7ec1b0b-88b8-4c1b-a4a8-b99829c8b454,5d953a67-b6e5-4954-b2d5-73fa23135eb4,dadc4352-ef78-4bd6-90c9-ebc5c2fec7da,c0dd52f7-9128-41c8-8c90-7fcc95da7334,106479fd-8c32-4dfe-abe2-7cf984dacf1a,cd869300-b026-41ad-83ef-5ee4f976c16d,0f1b65b9-9181-4f90-a70c-9eb09c386ff5;226bcf6d-8cdd-4700-b0c4-d629c8ebf5ba,dcc5a439-6d0d-4202-ba8d-a180abb9885b,b8a9583f-0d87-4d4e-a5cc-ae10f75f754a,fb6ae282-b05d-41d6-9eff-06c8f3bf4841,0f93b2ac-1a59-4d41-917b-876489b2689f,b584f402-7c91-447f-b035-b3e28cc983e7;dcbf781d-54a3-4734-9b69-a7e119d59fa5,3ec394f9-c247-4179-a1fe-185c3e57bb50;en;97;73000000;;;/film/Angry+Birds+Film-2016-596817;tt1985949;0;0;0;0;20580;483163;203549;119518;76159;65272;42073;0;0;0;0;0;0;0;0;0;0;0;0;0;0;246710;147608;74561;44198;28661;18891;0;0;0;0;0;0;0;0;0;1010314
100;0329487b-ea58-4bdd-8a51-ef0a115abef0;2013-11-29;2013-09-07;Ani słowa więcej;f0506edd-d123-41d3-ad36-1d31a8bb23b8,57366ac3-c349-4e55-ad5d-6f8061179e88,8ec4b60e-c873-4767-9684-2d4031d99871;;cd41cb25-50d6-4727-afe1-d1ba625150af,6da881d3-293a-4182-9913-11b19b8202c1,f67017f5-1793-4d4c-91f9-604f4a4f139f,fa7181b5-156e-44d7-aacf-1afe98b63db4,f046098b-d976-4b16-beb5-412edbe87a72,976731f2-fe52-4f6d-87d9-006f1dfa0215,94e814bd-ef5e-43a5-8e0a-18d3a73c23d7,eb945f78-22df-4bd8-bbf3-ffe5ce620636,b95bfa96-7097-4a3a-95b5-cf4294d18a68,129e8d52-8d56-42ef-8ff9-55a4cc0400b5,d1611edf-dca5-4d0f-83d3-6ccf6c902ce6,f4c166f7-106d-487c-9560-34e824d59473,1fec9e59-e31f-410f-95c1-28f4ae59c0d4,5416c588-5351-465a-a31c-3dfdeb782bc8,0516ea93-d21c-433e-82d1-ab80ec00fe28,44410820-f92f-49f3-a497-a52b596314c9,ecea148d-7814-4399-8876-cee6d2ebe503,3836042e-42df-4c7e-ab23-e2758ccbe86f;c667714e-bc9e-4216-9b2d-c18a852e7748;f8c298fc-ffb3-4397-9e1b-d709aee89d2a;c667714e-bc9e-4216-9b2d-c18a852e7748;5c373c98-167d-4ece-bada-4fc4dde1ae6c,8be0a248-bfbd-4493-a291-522f72412e16,9c58ea15-eb6c-4e79-95a3-7e7f535475bb;58362519-6719-4c80-b6e2-6686c399a329,4e52a1ad-d575-400c-8cb2-926a07ddd950,9083b2e1-d808-4cdf-a10d-64403f037add,fd51a61f-7111-44b3-b42d-b0255bbeb3e4,88b40b40-290c-4eba-bdce-86c9e6125d90;dcbf781d-54a3-4734-9b69-a7e119d59fa5;en;93;5000000;;;/film/Ani+s%C5%82owa+wi%C4%99cej-2013-661927;tt2390361;0;0;0;0;2338;8343;4973;6097;1904;567;46;0;0;0;0;0;0;0;0;0;0;0;0;0;0;3786;2821;3905;1356;233;23;0;0;0;0;0;0;0;0;0;24268
101;7bf9cb74-367a-435a-97a2-e8c636f3ce29;2019-09-20;2019-08-02;Angry Birds Film 2;4fc66943-7c2c-4e0c-a93f-8f7abb752c8c,57366ac3-c349-4e55-ad5d-6f8061179e88;308;3b9431fe-8b2e-4fd9-8b01-c15cb7471d99,09e5cd97-cbb6-48db-ac93-bd59ba2c5f9d,ef03c95a-374b-47a0-a436-5b5d8e5b72f6,5892acdf-dc8f-4e4e-abf2-ca2425263c28,51426ae8-9c8b-4f1b-864d-36df6cf48008,524e5165-e2b0-4317-a8b7-6c3c4a5a1c7b,82a4c531-2060-4a6d-8c20-50841a1ac6cd,80475635-c312-4f8a-829d-a631855c5b6b,aa0480f0-7649-40eb-900c-ab87e32e321f,157ffb1e-6ce9-4c67-9183-195500415aab,2f92dd89-6d3b-4354-853e-d85dd6401f77,8c8628bc-892f-45fa-910f-9c43259f5b77,22cc6a05-3c46-4ccf-8295-ef7170002d2e,6a096b8f-02bd-42cd-8884-026f6c4c7ed7,ac4d1f57-e604-4091-bbd6-4ada68e63956,920d616f-72d9-4197-bf86-c18549c1b07a,75850b64-4031-4056-9300-a69b59699a25,ae3e7d29-fd82-4bb4-915a-0eb302c56391;6ff5dd78-6f7c-45de-80b4-cb23bbadc576;f44346b1-d6b2-41b4-876f-1b6682aad3ab;a496b5a5-d548-4c79-b3d7-806fab0766ee,0786c159-8b54-41a0-b4f5-a90ba880dd52,a72ef371-12ba-41d7-97f4-885850a6466e;;226bcf6d-8cdd-4700-b0c4-d629c8ebf5ba,dcc5a439-6d0d-4202-ba8d-a180abb9885b,fb6ae282-b05d-41d6-9eff-06c8f3bf4841;3ec394f9-c247-4179-a1fe-185c3e57bb50,dcbf781d-54a3-4734-9b69-a7e119d59fa5;en;96;65000000;;;/film/Angry+Birds+2+Film-2019-787308;tt6095472;0;0;0;0;0;210722;176225;96910;46715;29402;15015;0;0;0;0;0;0;0;0;0;0;0;0;0;0;165040;107789;73944;32167;23075;12082;0;0;0;0;0;0;0;0;0;574989
102;5ccacecf-860b-4a81-9ffc-466ef5706889;2019-02-01;2018-05-11;Anioł;36a330ff-bd5d-4a0e-b74c-8a0d4473b778,f0506edd-d123-41d3-ad36-1d31a8bb23b8;53;90ea92fe-e168-41a5-b7d6-ca456e8c0d85,b772f195-b524-4259-b546-e9753e9fb403,6ed04d30-a5f4-46d3-a2e6-411422055bf6,e5956326-b54c-4aa8-833e-81a01cd0b3b3,be775077-2413-43a2-bdac-23e87709dcfa,2f574cd3-5589-4cbe-be6c-8131575c3e7b,70f8cd02-1dda-43f7-b170-779c9014fd82,793be264-58d1-4d2e-aab5-4f2382daa587,09359fb4-d455-41d8-8a32-50af9e2f909c,c0a84032-519f-4295-b819-65dc1c499a86,2a1cd667-8c40-4355-9d4b-e66dac3eade2,65e6b5c6-472b-451b-a4d1-7d499645f63c,0da0d0f0-474d-4e24-8c97-5a7bf0fa976f,9b9258e4-0936-4edb-8ba8-1c710973c2bb,95710aa5-7210-4dc5-9865-d6f82b57b0ff;9658b713-4a43-4ed5-80db-c1bcfc121c5d;2469ba5d-8a2c-4349-b38d-227be4d8eb2b;9658b713-4a43-4ed5-80db-c1bcfc121c5d,8d014a4e-4c85-4915-adc6-a7704f1ba535,f68d012f-50c9-4d6c-b7b7-20ca5e33dcba;e7a0b7d6-0bb1-40ef-bdd5-d1e4a317ffa9,8c33d475-0b67-4f23-98fe-154fb0d6ff0a,4040d72a-367b-4815-9410-188b87782713,9e631f43-e841-4e4e-8acd-969cef8840df,f3bca596-b221-43ba-8b0d-ce492be33548,f10ee7f1-6851-49b8-9229-825e79b0b1e0,0e272905-a2bd-4d89-9714-6663ac1dee3f,c38e6435-64e6-4737-8fc7-6c26db370f4f,82d78027-ef74-4586-a61e-7f1cd89c8f41,5ad5499a-c6bc-4348-8afc-c64ac43aacef,bd972744-cbd2-476f-9e4f-cde4ad3e99bc;fca3bc1b-d668-49ff-8fbe-617acce87c4a,1302fb78-f507-484d-87a2-268218c2a252,fabf9fcb-f2be-4b59-914a-6b5c582dcc42,42b18c00-de31-4279-85de-9297217f0935,e82d7447-6cdb-4d53-9987-59d528b77dc4,de54da56-11e4-42cc-a21e-d9e0c95f81c8,fa195ecc-0e61-4ca3-8a8d-9a23e791501a;;es;115;1000000;;;/film/Anio%C5%82-2018-804594;tt7204348;0;0;0;0;0;0;0;0;0;0;0;0;0;0;0;0;0;0;0;0;0;0;0;0;0;0;0;0;0;0;0;0;0;0;0;0;0;0;0;0;0
103;b248c158-6471-4710-9fa9-00e7664d8cef;2015-02-20;2014-12-30;Anioł śmierci;f0506edd-d123-41d3-ad36-1d31a8bb23b8,d31939d6-e42e-40f4-8e25-f18e47a1e035;;c4561ee1-1ddb-4779-a477-b47aaf96a737,4e2f4459-d5a8-4b03-a932-f9593c863599,3842437b-54f5-423d-89f3-632f951d8974,547e5814-ec27-4d0d-a3a8-f1b676d37b39,c9a047b8-2b8d-4b10-8ef0-315236b6cace,1cd813f3-994b-41a4-95ee-3b8bd206591b,6e6bd0f5-2802-418a-9bc9-ead2bee6480b,9ad94398-a6ba-4f38-9a7b-6078ca0f0c91,f70bec29-b47b-4a2c-b51f-33fc76d4d363,c422d645-f6a6-4290-aa02-0fe716911422,24523116-bb41-4c51-a014-c1db402ec517,fa8aa6eb-acfa-46c6-8ea3-02bf08693a6c,dbaefd9a-02ea-4c9e-b372-6377b8044891,bfc59d45-c9d7-4ae9-895b-61ee897be7b1,7f877f71-8aa8-49a2-a25b-de4b4bc017f2,fc955890-b17b-4ee7-8f55-bc64ffa8d051,9eeea6f7-8b6b-45b8-b434-00f2e6008506;f8fc9eb3-6756-4abb-a7dc-7a86fd223fa9;2469ba5d-8a2c-4349-b38d-227be4d8eb2b;a7005c5e-7cd3-4f40-873a-052ed9fd029a,6aea45e3-e425-4ec5-a65d-087773d6b755;6aea45e3-e425-4ec5-a65d-087773d6b755,85f8f0e3-38ef-4997-acd9-947c51f4065b,3955074a-a11f-4711-893c-8c7fcd951e88,a2df36c8-0eb1-48c4-b4da-3d00166f057a,cf39a1b9-4a98-493d-b9ef-50c61b441232,1c0e31ba-7de3-4221-a114-ba8eba2c9219,a7188f5c-6548-490c-9bca-ef94a3d0878a,06951006-618c-4669-b81a-6b54f0280f09,a93077f3-a4ef-468c-a7fc-3d67aff98dc7,856865a1-c583-4ac7-81fb-63f5ca905083,49166b2f-dbd9-4060-a420-c5275e570648,6bbdf75a-634c-4504-9354-698def4df65d,051e6b9f-3951-466a-807b-42f30bd037bc,0a751319-40d3-461b-a34d-9dc6f6c2f696,787de3ca-d35d-40b2-890e-4bef11d5c4d8,a45caa2d-808d-4b71-89db-bb397e86c5ec,324ebea0-4f03-4aac-81c6-635bc3ab9a7f,fad2d95e-aa94-48f9-9ecc-728753db073b,893254f8-038b-4c66-aca9-2f11267fc5aa,ed3aac11-a840-41f0-9641-bc8e7585f8de,5321fd9e-9cfe-4330-8a3e-88242701aea1,62472327-1548-44ae-bc2a-d3dcd9037685,458096fc-5c8a-4181-9178-3dcaadfd610b,ab0ac450-ef66-48bd-81ce-8a81cae7398b,94d857c6-9cc4-4c66-9413-8cf58186db04,4901e05e-d923-409a-8d4f-447544c364aa,ecb6b828-2b92-4c67-84e6-3158d6e2e025,ce621b2f-3a3c-4a49-8991-98fc2eaf5ed8;ce367cea-e695-496d-9d03-3af538ea5410,003440c0-60a0-4cee-9ee3-58fab5f4582a,f4c53060-8482-4919-a275-7802a4565d1b,caaaf910-79b6-44a0-9ef5-2f02ec1c4d71,820387b9-b616-4f05-8fc4-9374037a96f5;dcbf781d-54a3-4734-9b69-a7e119d59fa5;en;98;1000000;;;/film/Anio%C5%82+%C5%9Bmierci-2014-653414;tt2339741;0;0;0;0;0;19807;17947;4170;1006;575;356;0;0;0;0;0;0;0;0;0;0;0;0;0;0;12127;14711;2908;771;467;293;0;0;0;0;0;0;0;0;0;43861
104;9a2b7387-5cc1-4f2e-90c5-656290d04b46;2012-11-23;2012-09-07;Anna Karenina;d33826ab-c38d-47eb-aeb2-db999473a128,1bc8cbbe-fb9e-490f-a24a-e54e6013de4e;;17c7753f-4dd1-4720-bf73-8233e21ee100,2b4be1bc-8666-47f2-8331-5504c9cd2fd1,57266c50-b027-4272-820c-b2d6c1a8c0a2,2086f554-8a08-4ca9-aa56-5809338f64ce,c43b80ae-59e3-41fd-818f-67c5bbfabbcc,20c0ce6e-29fa-4660-a49a-634351f91d49,d5659cad-4cf9-4dff-951d-7e26ff344dec,6a7facce-25a1-4115-8e84-e664386fd494;13cecabf-1c60-41aa-9c14-7aeb00164ae1;f44346b1-d6b2-41b4-876f-1b6682aad3ab;6e422b89-5a58-4449-b3ac-3bbe6089929d;d2990a1c-2804-42dc-a75e-34be0851bae9,15dcf0dc-df43-4c89-804d-faa02c70aa1c,8502a567-fcd9-40a6-931a-f0f1b8dc0105,39f9a22f-f826-4f6d-b880-22a8a31ffd21,ea28cf3e-d805-4e9d-af09-9fad9c5b9e4e,8c9a4d97-4b69-4de3-9401-38e39623e267,54cd8188-ce37-4833-9098-de7f4e18e8e6;873900e8-cf64-478e-a209-6b61839d4a74,e5886614-70b7-4297-b71e-0ed0cd8b40a7,b1b7abd8-97bb-42ac-b171-332d285eee5d;dcbf781d-54a3-4734-9b69-a7e119d59fa5;;130;38000000;;;/film/Anna+Karenina-2012-620185;;0;0;0;0;0;87678;58501;32464;23664;9072;9049;0;0;0;0;0;0;0;0;0;0;0;0;0;0;49874;32075;15231;15157;5179;6034;0;0;0;0;0;0;0;0;0;220428
105;a4422fc9-90c2-491e-857c-d0361cfffd66;2019-06-28;2019-06-19;Anna;1db1ac18-a83d-4645-9cb7-3c60a03012ba,d34b4e2c-74ce-42ab-b438-86fbbdcaee15;;a175cd52-96f8-4203-a5be-ef24188adfea,7902839c-e1fb-4cc1-ac80-f6c0e6ac0a97,d0dc476b-649b-4cf6-9e9e-7cc98646f353,13cf371b-6ea2-4946-b86f-657cdd54d231,ae99da8a-6370-485d-9af8-b94b77d515e6,b2d953e5-1b32-4837-be45-864d90c5b99a,2144371c-c4d3-4381-954f-deb789d18d10,87c5e533-47d9-4d56-b36c-d08920b34513;60172139-69ac-4e59-b947-0ca92b438f9b;6dc7f7ed-6e1c-485f-ace0-6547ecb1abd2;60172139-69ac-4e59-b947-0ca92b438f9b;60172139-69ac-4e59-b947-0ca92b438f9b,fbb6a354-e67f-4dd6-a835-5e97e6f54411,cb6dfb60-ec14-471c-8f35-c0aeac35fce0,84d6189d-8cf6-4edb-bd61-22918b5b1f90,3ccd994b-1921-44ee-b054-c31a0b680126,58be379e-4d1c-429f-87a4-4a043ce10062,606609cb-6e94-42f7-8bae-fdc336dacb89,2b88771d-0fef-471a-8481-968cbc3f3d75,0e6b1bd5-220d-4d90-b307-141be4ba47e8,c1a9a4f3-92bd-428f-aacc-438840f97e2f,4680a2cb-6553-4a1f-a707-ba2340243f79,c8562c9e-af42-4180-bf9b-82e73b0ddcc3;9604f6d7-a184-454b-b49d-70daadfbab8e,40a6ab76-9c49-4bc8-b762-1b34239ee4ce,85b0c869-66fc-4018-ae24-cc9f833e9a2c,f4f1db52-1871-4321-b45a-7581c83d2386,b1a983f1-2d42-452a-a3e3-6a974071bc0b,3644f5d3-cf09-4cbf-8f69-52812d61ba82,e6f38aea-25b1-46a5-88a8-a9b576423d9a,2df2a808-9006-442c-9f82-017bfad83a72,4d8873dd-e520-4755-a653-be7d59e38a1c,3611e415-e632-49c1-a4db-8e15f4a17f8b;51d9043b-068a-4a31-a0fb-74719a5a6a11;;118;30000000;;;/film/Anna-2019-810602;;0;0;0;0;0;0;0;0;0;0;0;0;0;0;0;0;0;0;0;0;0;0;0;0;0;0;0;0;0;0;0;0;0;0;0;0;0;0;0;0;0
106;31b2c4bd-685d-4741-b376-62b5d8a7b014;2014-10-03;2014-10-03;Annabelle;d31939d6-e42e-40f4-8e25-f18e47a1e035;15,107;0200ae1c-1a4a-4a87-bbf4-3fb1b6a190f8,3afbf314-369f-4175-9dff-e8d536e5fc0f,c38df6cb-0e3c-487d-b5c9-4689314e098e,1486cb13-bffc-4e2a-a896-1bc89ff1f39c,4c1908bf-517a-4cc7-beda-687a035e7fab,5d03dae9-3ae8-4dd5-8b9d-ab5a07954b9e,50bfa350-0c76-4bd8-b919-653733af8446,97d8ed60-de88-4fda-9c40-96af5229546f;4749918a-25f4-44ec-a5d6-ee31b53c27ae;3a6ff2c0-9128-4bd5-a9db-42c78324f0d0;483d33ab-e693-40d9-9e8e-3f1c387f1732;c07ef46c-6c91-4ffd-8853-f5029000bc05,c5176988-34ae-42e4-8c0a-5764f459727f,206a5138-10c0-41c7-acd0-b833b98b8731,a276e224-3c6a-4b36-b702-34829984d2ae,043a8521-7a36-4baa-b647-3b2a88882c7f,cded1050-b50c-4aa2-8ad5-3e79f2ead323,f087e63b-e2d4-47f8-a6a0-c7f7392b0a84,730ad08b-1101-489e-9bb8-8f036a6aebf9,c506a89f-bd3d-4e6b-9583-07bd84afd744,6c9c7c62-d157-446c-b430-a6aaf3a71f9d;4c5a3153-29fd-4c94-abe2-2e0756ba6122,50f115d5-42bb-4b46-a0a2-da9ad1996ae5,aebad02a-d97e-4209-9537-cf8ef012c325,6fa34ce8-e9db-41b3-9876-9a9ff05e7076,fffc4228-1dd8-43bb-b909-a895d2c7e3c3;dcbf781d-54a3-4734-9b69-a7e119d59fa5;;98;6500000;;;/film/Annabelle-2014-700711;tt3322940;0;0;0;0;0;75424;69454;33734;17613;27207;1690;0;0;0;0;0;0;0;0;0;0;0;0;0;0;48327;41898;23603;12185;10619;1104;0;0;0;0;0;0;0;0;0;225122
107;12b82ecb-17b8-4b86-81f9-9f48c705a70f;2019-07-12;2019-06-25;Annabelle wraca do domu;d31939d6-e42e-40f4-8e25-f18e47a1e035;15,107;1116c411-ff6f-4fe1-a9c6-d41fcd305eed,41e52828-54ee-4287-be99-5894a7c4b279,f4ece869-c7af-4ae5-9da3-ee11371a25e7,44403ec2-97a9-4740-a906-68e8a6995e8f,482db3db-a55b-4baa-aa9e-73d11849bb3b,892799ef-6da8-4067-aaa2-87d0bef46bbd,65c68a64-d3d6-4b5a-8772-1a1caab057bc,6f5fc778-dd07-49cc-851a-4fffd07892b5,befab204-631b-4d56-9d7f-df57beeed11c,6be0e502-0772-4520-805c-be2a249c85a3,03f62f7a-d8dc-4d3b-a471-6de5cd44f641,4ddbe2a5-15e4-465f-bc25-7dd06cb09392,ed59350a-45bd-4c8d-9137-3a6bc0313b17,3f0f7dd4-851e-4287-9014-068c304df721,c8098926-5fe2-4854-9cac-b8068f6df2cc,6257216d-a71d-4014-bcd9-c02e7d8fedee,4abe880c-d9ca-4b29-92eb-eb3fb53cd5f2,6e57b2b6-6158-404c-8385-64e6059da60c;483d33ab-e693-40d9-9e8e-3f1c387f1732;3a6ff2c0-9128-4bd5-a9db-42c78324f0d0;483d33ab-e693-40d9-9e8e-3f1c387f1732;206a5138-10c0-41c7-acd0-b833b98b8731,a276e224-3c6a-4b36-b702-34829984d2ae,043a8521-7a36-4baa-b647-3b2a88882c7f,730ad08b-1101-489e-9bb8-8f036a6aebf9,d7c20755-1b40-4afb-a481-b741396a5e05,e19e607b-0b9e-425d-8916-6019584a04f2,4d511c7c-cba6-44ce-948c-618d9fef3cef,9d5860e2-24c5-4804-8fdc-6962eb97f68a;50f115d5-42bb-4b46-a0a2-da9ad1996ae5,4c5a3153-29fd-4c94-abe2-2e0756ba6122,fffc4228-1dd8-43bb-b909-a895d2c7e3c3;dcbf781d-54a3-4734-9b69-a7e119d59fa5;en;106;32000000;;;/film/Annabelle+wraca+do+domu-2019-827355;tt8350360;0;0;0;0;0;216900;97025;59335;42838;24949;6249;0;0;0;0;0;0;0;0;0;0;0;0;0;0;129929;47024;26330;20118;12084;4140;0;0;0;0;0;0;0;0;0;447296
108;8f0af226-9bdf-49ab-b0e1-9ef78f243f33;2014-12-25;2014-12-07;Annie;f0506edd-d123-41d3-ad36-1d31a8bb23b8,57366ac3-c349-4e55-ad5d-6f8061179e88,cc52ba6b-afe8-4521-b7c0-616ddb3a023d;;cc77b0dd-28ea-4102-96c8-b6b5db93a3ac,b4530223-dbda-4baf-9ad6-370207a0f167,d748dd0f-a1e4-4bb1-ae32-237744a8d3b5,8c322677-2835-4baf-bfa1-28aa922db828,06bdbac9-0bd4-4cb8-8fc4-ae1f389e9c37,12e99917-e26b-4daf-b236-d6f081622133,80755b84-0fb3-4c8d-8bce-6e6119a2487d,f90249e9-b2a1-409b-bf0d-6121c54e248b,28461da5-a785-4008-8902-d1e3f5a1b5d4,d8fcb2d6-eddf-479f-91ce-2bb040859dc0,eccd488c-1531-439c-aa9a-95c178fc4129,4736a3ed-93f4-4253-85e8-79f9486cdeae,012d4c1b-b34f-4134-a520-6f3a9cd9d70e,62a0c530-8a2d-42b3-b0e6-44803866c2e6,bf0142ba-f858-43df-95b4-240224bfdd7f,065895d3-96bd-4ec6-9371-7b54701bbb26,a5e954ad-b472-401f-bbf1-b333da346651,54b68c34-dd0c-4e0d-ac1c-ceeb526a4e9c;90def0f8-5ea7-4f47-a22e-475f40e7d030;f44346b1-d6b2-41b4-876f-1b6682aad3ab;e0d7502b-dd33-4e94-a7f1-74eed97a2ba7,90def0f8-5ea7-4f47-a22e-475f40e7d030;3555b0c6-b7a2-45a4-851a-8ffe675a5e87,a58e5800-66e6-45cb-91f0-72ba1cfdbdeb,4e752742-c096-4b0a-9b31-afeab38b1d2d,bd9f197c-545f-47ff-af86-dc3917b406d3,90def0f8-5ea7-4f47-a22e-475f40e7d030,6c4dcb88-5812-4e16-84e8-987664881a54,9fd32dde-8cb1-42b3-8111-9b7733c5e3b2,8b799bf7-4403-4ffe-9d92-68fb97761bf7,17fbefc7-02af-467c-bc8c-488533064db1,3820be85-1278-455b-aa6d-8d1f5f4cbdde,eb399339-d66c-461a-929a-b625662958b3;7ac73e5c-ee05-418d-9a79-64296a517e9b,5b47d920-a3e7-40c3-aa8d-8d4fcc13d272,68decbc5-506c-4bbf-94bc-35e4aff22007,104f79c5-160d-4a95-9811-ffd8aa341fed,b584f402-7c91-447f-b035-b3e28cc983e7;dcbf781d-54a3-4734-9b69-a7e119d59fa5;en;118;65000000;;;/film/Annie-2014-630988;tt1823664;0;0;0;0;0;0;0;0;0;0;0;0;0;0;0;0;0;0;0;0;0;0;0;0;0;0;0;0;0;0;0;0;0;0;0;0;0;0;0;0;0
109;7bc44076-6199-4f36-b0b6-82778464ba6f;2011-11-10;2011-09-11;Anonimus;1db1ac18-a83d-4645-9cb7-3c60a03012ba,69ae5733-b41f-4d3b-a184-285082860dc3;;6c582bb8-701a-482d-8402-643416b4188c,ab4e6f0e-b675-4fca-9128-e1095cc9ed43,01faff22-24c9-4733-8246-47cf2d59457c,3e4c07c0-703d-4011-8608-c6e84406ca84,f110d7ed-17c0-403e-923e-aabbffc46495,662fa3e1-459a-40c3-8f93-2295cd356fe2,49f06e2f-c754-4736-a6ee-9286e33fb5e7,f7ddb118-5b70-4aae-9e25-1a0332b6c6e8;5752f599-fa7f-431e-93a9-10bcba9da67c;f44346b1-d6b2-41b4-876f-1b6682aad3ab;ceb2389b-40ac-4279-a292-93920b1f0bf8;5752f599-fa7f-431e-93a9-10bcba9da67c,ceb2389b-40ac-4279-a292-93920b1f0bf8,930f36e4-2861-44ed-8568-00f691e7e9c8,ee591149-e993-4a4a-b695-e24a58103c46,ef1f1e66-ae15-4063-bbb6-26fe99210bbb,773bd008-a3ea-476a-9d8d-0c6534fb6a25,7ffca761-d5fd-401f-867a-99d46447938f,d9cf3c58-2d27-434d-a412-c476f367875f,f7f0d10a-4f8c-4ea7-93d6-ac1f266032e3,c4c9855f-738b-4fb7-99ea-3c6c933ee550,c2d4e3da-8925-4594-b990-1685d74cf2f7;226bcf6d-8cdd-4700-b0c4-d629c8ebf5ba,2a99e0a3-56bc-40fd-9c66-d2fa3a0e4fd0,85dd71c4-ad49-4a05-8a8e-411aecdf492c,691e099c-6752-468d-897d-cf0883d73cdc,2378206c-5e13-43e5-9f03-48370d9d5ed1,a941c46d-3ed5-4da7-8f28-1df29974c31e,c4e84d98-4fa2-4e88-8f7c-005f643ad82d,a8c4d1c0-8eed-4dd7-b642-641c79b7b2ba;6614b794-9b07-4de2-837e-3aba6098ec7a,dcbf781d-54a3-4734-9b69-a7e119d59fa5;;130;30000000;;;/film/Anonimus-2011-556990;;0;0;0;0;0;16643;6983;1945;166;165;166;0;0;0;0;0;0;0;0;0;0;0;0;0;0;13380;3965;1086;83;83;83;0;0;0;0;0;0;0;0;0;26068
110;f3ffdabf-e71c-4760-949f-c9b87d78f340;2015-07-17;2015-07-17;Ant-Man;d34b4e2c-74ce-42ab-b438-86fbbdcaee15,6a5af1f4-128c-4ca8-960d-3f0f36d29764;3,4,98;4c70bf37-396f-4c15-8266-b12ad2996e50,fbc63fe7-03f1-4940-82d5-de3ff9effadf,0b91e60e-db73-4143-b75f-e88b116e24f0,720eef29-a030-4c4d-a24d-af86703d6316,8c322677-2835-4baf-bfa1-28aa922db828,df85f3da-2012-4fec-bb4a-8185158e0a27,a50da12b-f780-46e6-ac54-28d86fd4bb34,a0516290-73ca-4981-a65c-8b6d0a9947d7,bc1b4d94-26ac-46ae-bbd4-ed42a343b69a,3599ed07-9199-492c-8139-1d424af5b24a,b56c614b-4ef4-4eee-aa2a-f780ced820e0,0f745f2b-a6d8-4b78-aa39-853b6e020def,b3341828-efa9-4d02-bee0-55e735e69fb9,532748e9-7386-4c06-9f53-f0a2950a06ba,78e46285-8e5d-4d57-8d74-aef15694bdb6,f82b817e-8356-43f5-8b69-257c680fc539,bd0fb7eb-efa9-43be-a1c2-c21659c7f7e2,f596d903-15c6-4557-b881-b3f1b126c5d6;2f1d1868-a972-41d6-91dc-61d208af413d;91706a73-a86c-42f4-814a-c5586e41903f;7a86f154-4603-4888-8c87-41ae842fb321,4c70bf37-396f-4c15-8266-b12ad2996e50,d14ae4e1-bab9-49ac-9b22-68539b061ecb,d9d1eb8e-d22a-4cb5-ad13-57223c757be1;b26ef2bb-4959-4195-bb51-2726aa2315e7,7f1737bd-e943-4cc6-bc26-2aa75618c592,690c8d35-df49-4344-94c6-208983b30a59,d14ae4e1-bab9-49ac-9b22-68539b061ecb,84237554-a4b2-4ffc-b2c0-f5228ea03c48,24114446-9433-4ecb-8193-c359caecc25c,a2567ab0-0619-42a9-96c7-237f72b36453,9e511223-604f-4fbf-ba5c-d2849b3a529f,7c9766a3-57d1-4e8e-8153-fc2b45ea331c,4811e9f7-ec3a-4a94-941d-9ec5657ce21a,6de41749-1ca5-4aa0-9d1a-3dbe725cc919;e1808162-a98d-433a-bfe6-df725d3f406c,d05ed235-8f5d-472c-a840-ae3df380baf6,8cbc7d22-78f8-4ccd-8bab-dddbba144ece,9cd313f2-c5a1-4025-89ee-3dca68dc6c36;dcbf781d-54a3-4734-9b69-a7e119d59fa5;en;117;130000000;;;/film/Ant+Man-2015-257691;tt0478970;0;0;0;0;0;99287;71757;39669;18582;10933;6029;0;0;0;0;0;0;0;0;0;0;0;0;0;0;44358;30460;17809;7857;4889;2630;0;0;0;0;0;0;0;0;0;246257
111;2bd057e5-c4b8-40f6-8f99-981a497fbb82;2018-08-03;2018-06-25;Ant-Man i Osa;d34b4e2c-74ce-42ab-b438-86fbbdcaee15,6a5af1f4-128c-4ca8-960d-3f0f36d29764;3,98;4c70bf37-396f-4c15-8266-b12ad2996e50,0b91e60e-db73-4143-b75f-e88b116e24f0,fbc63fe7-03f1-4940-82d5-de3ff9effadf,e3dd689c-e92a-493b-966c-6efe19d4f250,ecfcba4c-e2c6-4515-802f-d8cdda4ac9e9,a0516290-73ca-4981-a65c-8b6d0a9947d7,61896394-9d2a-4af6-b621-4d430900819d,8c322677-2835-4baf-bfa1-28aa922db828,df85f3da-2012-4fec-bb4a-8185158e0a27,bc1b4d94-26ac-46ae-bbd4-ed42a343b69a,a6592b25-5663-43a7-97ff-f2fef4b8f2f2,a50da12b-f780-46e6-ac54-28d86fd4bb34,2bf1f503-f5ec-4820-b6ca-4f0e50620768,4fef82f7-450c-4875-a012-37cd4d15f080,ca918232-8e86-4d92-9e6f-a491a9a96774,22cbca80-e265-4875-8f38-573db7564a0d;2f1d1868-a972-41d6-91dc-61d208af413d;91706a73-a86c-42f4-814a-c5586e41903f;f5c7d96a-0a39-406e-86f9-e168939e3d0f,04b94576-833b-41a7-90cf-861d1f881f13,2e4ea60e-6b6c-46be-9820-2a9912f54979,f6b9b43e-5abe-481d-8b43-49deadc2879a,4c70bf37-396f-4c15-8266-b12ad2996e50;551f2ff8-bbfc-43ad-ac13-4bff5e082fc0,7f1737bd-e943-4cc6-bc26-2aa75618c592,690c8d35-df49-4344-94c6-208983b30a59,84237554-a4b2-4ffc-b2c0-f5228ea03c48,a782536e-e6f1-4657-a0a0-60ef4f8e3994,24114446-9433-4ecb-8193-c359caecc25c,129b71c6-f5f0-42e0-a54a-740c28ceca44,a2567ab0-0619-42a9-96c7-237f72b36453,e73d2ea9-6fd0-4db8-9aef-add801cf9e90,88ef2cf9-1a76-4ec5-84af-ce3492440e4e,fc601cc3-8c21-4267-a30e-5ecb27158bbf,366a3db3-2c22-4d89-a07f-d9810fd78e5a,c59e1b72-eb4b-4bf4-89ed-1e5c5703b218;8cbc7d22-78f8-4ccd-8bab-dddbba144ece;dcbf781d-54a3-4734-9b69-a7e119d59fa5;en,es,fr;118;150000000;;;/film/Ant+Man+i+Osa-2018-755620;tt5095030;0;0;0;0;0;198912;121590;57777;40388;15416;6750;0;0;0;0;0;0;0;0;0;0;0;0;0;0;102674;57444;25646;20393;10797;4848;0;0;0;0;0;0;0;0;0;440833
112;5302e8f2-67a5-4d41-8835-b314e09ff353;2019-08-16;2019-02-11;Antologia duchów miasta;f0506edd-d123-41d3-ad36-1d31a8bb23b8,45434b4d-8a1e-4d0b-8fce-cd849ae707e0,57366ac3-c349-4e55-ad5d-6f8061179e88;53;80d74003-e80e-4406-be40-76f0463826cc,944e6f5b-67e1-4680-9492-34225cddac3f,65d603de-8914-4002-bec7-6c27c2a86916,8e5775df-e933-46cf-9ae6-1e801e6ec590,3a9fd5a8-769f-4c0d-9c4e-06de9d690403,ad4c34c3-3248-46a7-a8e8-5a61912f2b39,dec0faf0-b451-4834-ac77-5bc27c339afa,bc07a0c0-3527-4eaa-bdae-16f2738ddc66,a1407379-7267-49b3-818a-46c0370af592,7d3f9537-d452-43fe-9e59-f84070e8f0d4,dcfd4cde-857d-4e8f-8951-77a4105a6599,d90770d4-c0bc-4bb6-9edd-bae3189740fd,5a48a944-0088-4938-977e-29ca8bee781c,b0c544e8-7539-41bc-b85d-08f693cdfbd6,3a60276f-b2f4-4869-9bbe-c77772ec395d,5edc4d8b-52dc-4419-936b-476226ba63af,fb6ecc00-9090-4c1a-8fce-156ea7bf5145,c5fbbb87-d900-4898-8de7-f22693fa2dc2;712fb184-c40d-443c-ad4d-6a73a5e564c9;1886bb61-6185-44b0-849b-ed26b23b5074;712fb184-c40d-443c-ad4d-6a73a5e564c9;f24fb792-83f2-4113-83b7-491180ab2fbd;;;fr;97;3000000;;;/film/Antologia+duch%C3%B3w+miasta-2019-817934;tt9068100;0;0;0;0;557;408;138;43;67;111;111;0;0;0;0;0;0;0;0;0;0;0;0;0;0;172;57;10;6;56;55;0;0;0;0;0;0;0;0;0;1435
113;14ee3951-bc1f-418c-8916-c0e17c3e3a6c;2015-05-15;2015-05-15;Apartament;2c2fd51f-d2b8-4fb5-aec2-faf911088642;;2976b185-1fe9-4ce3-9926-5e55ae4d85b6,5a824421-37a1-488f-82d8-ab2b2028af76,ef43967d-2447-4bcd-bfac-9fdb82347163,6ea315ab-9cc6-42eb-b74a-b07f14445b80,5cfe81eb-3cb3-4a6a-a717-6718883265cf,8c1c091c-7be2-4102-9ab1-47988672013c;36138d4f-95c0-49d3-b7a3-06a846d14d62,2ba916b1-c239-48a2-a9ae-f1c372deb21b;e71270d1-d648-42e8-b1cd-58315299e461;2ba916b1-c239-48a2-a9ae-f1c372deb21b,6284dfd8-5041-4160-a062-f68fa3d1e2fd,e4661c8c-74be-4db0-be3d-3b6077ffd16a,36138d4f-95c0-49d3-b7a3-06a846d14d62,8c1c091c-7be2-4102-9ab1-47988672013c;2ba916b1-c239-48a2-a9ae-f1c372deb21b,e4661c8c-74be-4db0-be3d-3b6077ffd16a,b13f748b-3aaf-4f36-8e84-2a893f9a7529,19ed2224-d3f1-4115-841b-77d6f7582600,8b7c4081-02df-490b-9c98-9bdb13afbf0c,a6d3075e-6fb1-4a37-bd1c-6db70525188a,2ab9ad47-8222-408d-b1c9-726af624c552;e1af1cdc-6dcf-4298-8b1d-b21c2d096f72,3a0d04e3-6372-467e-9896-87056e966925;c29315d3-7743-480d-ba69-783e11af73bf;;73;1000000;;;/film/Apartament-2015-740119;;0;0;0;0;0;46108;45830;16718;11326;5011;4934;0;0;0;0;0;0;0;0;0;0;0;0;0;0;21255;17626;8657;5540;2036;2353;0;0;0;0;0;0;0;0;0;129927
114;6ccee635-5640-4127-b36d-6107b93cff32;2016-12-30;2016-10-22;Aplik@cja;d31939d6-e42e-40f4-8e25-f18e47a1e035;;d0f003b7-6f7c-4af1-82a5-6af40a23e59c,0e2912d5-ffa1-47f0-9ccf-8f8613579b57,94a91f25-c6e0-415f-95da-56508849a6a7,02801bc8-49f1-48cc-95f3-12ba241c2b0e,35624537-c7e5-454c-a29e-606579f69f9a,8dfecddf-6e24-4ec0-8ca4-e26d06ce8b6c,4a96700a-2ca4-43a9-ad29-c3185731e2a0,504c869c-9b46-41d3-953b-4b59f2b0aeb5,d146f8b8-7ec9-4dbb-9c1b-5378826e58de,a212fabf-868c-48a6-b33b-c3632b20cf1c,47aa44f3-a5d0-4710-9254-d5d83e4ebf3c,26d8bc88-c471-454d-ae0c-693b8afb8952,bfc7cab5-4210-4216-b0d7-fca5a9af3796,2dcbb633-3e0a-4f46-ac91-21813c492d56,1877c44d-a3a0-46dd-9cf9-b59c47286b01,8e6a7cdd-9318-4e99-a91c-74b66a9c7172,f4543166-00e4-4d0a-aedd-edbf09a99e25;a39b0251-be3d-4e2d-b322-a7f5f68d8959,26b627bf-d109-43f6-b13c-186d141db790;e71270d1-d648-42e8-b1cd-58315299e461;a39b0251-be3d-4e2d-b322-a7f5f68d8959,26b627bf-d109-43f6-b13c-186d141db790;3e8566a8-0a9a-44fb-8486-2ebf8846064c,ddba84db-471f-4955-bef1-6607b9615686,2eb6ecc4-d04c-4488-8e7b-13cb6df150e1,a39b0251-be3d-4e2d-b322-a7f5f68d8959,417addda-8440-40c1-b55b-7f343952b647,b68b8ff9-95d3-4b6d-9e6f-334310038c9f,26b627bf-d109-43f6-b13c-186d141db790,6c91baa1-9680-4198-a1d2-5d53f76b41bd,6fbe4e68-01c4-45e0-9ac1-834267fe132a,d92abe78-dc91-4822-a6c6-31f6fa43782c;1e00a5d4-74ce-446d-9c9a-2aeb2cad29a0;dcbf781d-54a3-4734-9b69-a7e119d59fa5;en;91;1000000;;;/film/Aplik%40cja-2016-772939;tt4998772;0;0;0;0;0;15050;9442;3404;500;499;337;0;0;0;0;0;0;0;0;0;0;0;0;0;0;6605;6504;3314;250;250;169;0;0;0;0;0;0;0;0;0;29232
115;aff50498-f96e-4c7f-b7b8-02919c428dae;2017-06-30;2016-05-17;Aquarius;f0506edd-d123-41d3-ad36-1d31a8bb23b8;53;3b2c09b9-df30-4dfb-ab81-5d204ae595a2,c8e0bcf0-d81a-4005-a764-7a92c4e17b3c,37924308-c5c6-4bd5-997f-3f56f1a8a7cc,aa98f928-bd14-4fdc-8b73-914703494a81,ef6cb470-838b-438b-ad97-488e18019160,671f7f8c-4e85-45a2-a606-54c3bc0c3218,7a6e1485-2d92-4014-aff8-faff5841d969,97866711-bc52-44a1-a83d-b42a4a27d465;c489d8b4-9350-4783-85c4-13190ed5242f;1886bb61-6185-44b0-849b-ed26b23b5074;c489d8b4-9350-4783-85c4-13190ed5242f;77ad9775-1c1e-49eb-919a-8cdd5bf18d85,0b423162-5663-45ce-b60a-42939c48ebf8,4ea74a8a-774f-46a3-a1a7-96d4a922d0f4,ba131ddc-51dd-4407-b908-7b50f136d2d2,0194eb16-9294-46a5-b082-7e897a9fc83e,69436f26-cadd-42a8-a49b-5e73ca6e4e3f,4d8c0f92-1389-41ed-a236-f5b053409fe6,69ea03bf-4f42-45b2-bb73-3a895989201d;79902ce5-d9c1-49a1-a1bf-8d0dc2b193c6,32e6c97b-c9ec-458a-b6db-66788dbbabd1,7219bdc7-8b37-401b-8706-9f33512bb12d,534b55e3-82d5-45bc-9842-1582a2f67daf,54732825-217f-4d1d-89c0-edf822028a03,e868f7bd-da22-49d6-8c43-8c374f550629;244d82ee-fac6-439f-b523-145e08dfcfec,51d9043b-068a-4a31-a0fb-74719a5a6a11;;142;2000000;;;/film/Aquarius-2016-763051;;0;0;0;0;4539;3955;2157;1187;294;242;331;0;0;0;0;0;0;0;0;0;0;0;0;0;0;1885;1045;550;123;121;166;0;0;0;0;0;0;0;0;0;12705
116;c9eea666-313f-4f0c-b999-8be5a84fbbc5;2018-12-19;2018-11-26;Aquaman;d34b4e2c-74ce-42ab-b438-86fbbdcaee15,6a5af1f4-128c-4ca8-960d-3f0f36d29764;4,5,91,126;b6ce10d5-8629-476e-84a3-57187aa7250c,b323e8ce-50e0-43b4-a034-18325d57196b,ec0abd9c-98ca-4a07-b5b7-2c229bc9bcbc,41e52828-54ee-4287-be99-5894a7c4b279,aa1d1463-0913-487f-9c60-ebd9ed6ce24e,beeb4121-3b8b-4886-9f8e-a3416e7b337a,c238a67e-912f-4d4a-9e31-2a9aec6493a9,b3066ba5-e4b6-4475-a575-fe0703cad238,8d14e97b-bb0d-4dd6-bdbf-759447a973d4,82b8c4cc-1ec2-4826-a270-7b4baea11d8a,2bf1f503-f5ec-4820-b6ca-4f0e50620768,968e7e18-832a-40d5-87a3-b9f7f55379c3,c451be57-664a-4477-a738-19ee1bbf4059,3c3feee6-d26e-4b46-9c82-406439c9f7f6,65f762ab-7f36-4200-96a4-345cc80e8011,0eb5b799-3619-4a88-a36d-b3b7c4e484fc,41b22077-2eab-4d79-971f-bcecd1d53349,be3d1656-a3aa-4ea3-b3ff-bdcca97eacd2;043a8521-7a36-4baa-b647-3b2a88882c7f;3a6ff2c0-9128-4bd5-a9db-42c78324f0d0;96917466-9e7d-4ce5-a19b-fc61b64f1add,f80c5a08-c85f-4526-ae3f-56daf96643ce;af28e47d-b077-401d-a42e-2f36388d3c57,83796538-2ff8-4a4d-a455-f7f645e868a6,206a5138-10c0-41c7-acd0-b833b98b8731,a30e102c-0768-4d40-900e-0db0f2dc783e,f087e63b-e2d4-47f8-a6a0-c7f7392b0a84,9667430f-1482-4bde-b7b2-c99831478f58,a8e56965-0738-4577-8d7e-6b4a343ef621,7d59b21e-e920-4077-9c38-9510e315f4d6,f685ddcf-d4d7-4cce-a97d-a3f636e38011,0419f1e3-f7e6-477a-a6c7-d27bad09f949,6738a99f-614e-49a9-bb30-d0797e666395,266ab3dd-f684-40aa-a8c1-b1d0f98a0564,6ff7cfd0-9649-4ff1-9a45-8e13bdac313d;0d7c0e54-850e-428d-b88d-da411583b02f,db022fe7-a29d-423b-b3c9-ebd4949b0ba0,23b85674-94f1-4f65-bbd0-3abab2062713,2881301f-2275-452c-93c2-cc2548423ceb;dcbf781d-54a3-4734-9b69-a7e119d59fa5,7bc66e23-af7a-4d1d-a72b-b745f9c430d4;en,ru,mi,it;143;160000000;;;/film/Aquaman-2018-549085;tt1477834;0;0;0;0;42864;236562;241741;105161;66096;32829;19000;0;0;0;0;0;0;0;0;0;0;0;0;0;0;110174;169092;65701;39036;18360;11201;0;0;0;0;0;0;0;0;0;744253
117;189161fc-03d6-4626-aad7-67a9e58e4f97;2020-08-14;2019-09-02;Arab Blues;516495a0-f121-4086-9b59-41a2d17bd118;53;b5827f75-a31c-48f6-98dc-eb3d7ddc5098,02afaa7f-16c6-4200-baf3-7e5d0ff4c6ae,1747bf50-7369-4591-ad1c-9e7294d76adb,68df5805-832b-4faa-9e68-2c64121496a4,59f465a9-c70c-47a0-a797-db6a71e5093e,7d213c7c-5396-435d-a47d-12ad00c0bf87,ec4c561d-1d7f-4375-b017-5c25b9b96481,e09933eb-5e15-4bd8-ba24-2db8655c6a07,5dfab71d-814c-4ca2-90e5-f251bdbb1b16,9d9820cd-0453-46b4-a212-6da9ce0d8716,5711d9eb-1c4c-4a56-a6a2-0e19f122859c,cb5cf3a2-96e9-45f4-9392-e5c4a58a1bb2,9bc0da72-6574-4204-a47a-86390b23e77c,cf8a69bb-66d9-4506-896e-8fdbebb14772,fc210a14-58a6-4977-811d-9117c2e0e3e0;1cf47ab2-1a31-4370-bad9-f7e1c874fb85;a4abfcce-d2ce-4ab3-becd-258c33b13102;1cf47ab2-1a31-4370-bad9-f7e1c874fb85;7457dc34-74bb-4728-bec1-dde509ca3ab0,c0f3e34d-3622-4539-805d-228c34fe1cc0,219ca57d-df3c-4a76-8bbc-952a8fa45906,907f5bc2-3ab4-433f-b980-0f106c3c30d9,c16b6030-3e51-4fa2-8119-82cd437d412f;2fcb5aef-9720-4939-8372-83a75ff68e14,d02acb34-39ba-4180-ad04-2f88f2ea8f14,40a6ab76-9c49-4bc8-b762-1b34239ee4ce,fe14cde3-e5bd-4333-a881-75c6431d0f45,5105f3d3-3f92-43a4-b0f7-06791457498e,0508fcd2-e89f-47b7-993f-abcb7f99d08e;51d9043b-068a-4a31-a0fb-74719a5a6a11,50a054db-53b0-46af-ab20-122b7fa54a2d;fr,ar;88;1000000;;;/film/Arab+Blues-2019-851849;tt9648886;0;0;0;0;3255;6278;4811;2456;1463;1268;1142;0;0;0;0;0;0;0;0;0;0;0;0;0;0;2703;2069;1243;736;416;466;0;0;0;0;0;0;0;0;0;20673
118;68b89d5c-4ea9-4dbd-b0ac-7c02a5ee406f;2016-02-05;2015-09-14;Ardeny;f0506edd-d123-41d3-ad36-1d31a8bb23b8;;c7657ad8-f280-476f-803c-6e0190c2af02,7f6cfe2b-c59a-4fa8-bbca-6878299ae99e,8ce92fe9-95b8-492d-ab19-acd938e883e6,8b293133-8637-4d02-9ecf-e47e0b8ffe77,757afe6a-25ba-400a-b6fb-122e06bb1e6c,b28f6273-59c7-4665-ad9b-f4f690afa28d,c2dda632-3ea1-4a57-b533-b580c6ac6399,09e9ccc8-d6ec-4653-bc87-0292ae696a89,7d941f56-71c1-4fe5-b8f6-ec3ee5ba5f3a,5a222890-897d-41df-b060-8cfe3232660f,53f69f58-3efe-4661-b518-5eabb65e891c,715d9945-09fa-40cc-9252-f9c63be9a193,ea7f2b49-1a5d-4f95-8992-9d55902b859e,dcc08309-677a-431d-acda-87a94ce3ff6f,8e592b6f-cf9a-4a70-beaa-aefdea3e631c,a4718516-8fc4-4bce-87f4-06e8e6b0b5b0,28c33c2c-7eb1-48e3-a5ef-4c5472dd0fa9,4ff3f268-81d9-49f4-8181-1503de57670b;bc9d6cc5-d899-4008-8d9a-2b0b914d51d1;7f07221b-f889-47af-920d-268ebc30f082;c7657ad8-f280-476f-803c-6e0190c2af02,bc9d6cc5-d899-4008-8d9a-2b0b914d51d1;8435e6e4-2409-4cfc-93dd-592c9e3a5148,342c0afc-f3a5-49ad-a754-6c923fc699d2,4b3ca348-026d-48c0-ab69-696bbb75740a,9e30c2e2-1e4c-4845-b485-36e9f41195dc,84b5264b-cdb8-4973-bb64-4f743023c64d,b696e565-7d9a-4eab-a22b-0ba1be14f905;c7aee115-343e-4fee-8b8a-3e30c165d29b;;qbn,fr,nl;93;1000000;;;/film/Ardeny-2015-751602;tt2586118;0;0;0;0;62;568;470;0;0;66;65;0;0;0;0;0;0;0;0;0;0;0;0;0;0;332;235;0;0;33;32;0;0;0;0;0;0;0;0;0;1231
119;fd31f226-dd22-431d-8cf5-0f6b653aad9c;2016-09-30;2016-09-30;Argentyna, Argentyna;2c2fd51f-d2b8-4fb5-aec2-faf911088642,c411b135-0438-40c3-aa2b-88f7c4192e16;;477f245b-ef64-43ad-9c22-9fb088264fb2,81b2d422-632e-425c-8b28-af910e767805,79542e73-a107-4218-9ca1-c8fa79e23c70,56b90a37-1a89-4dbe-8210-6b92d2e2a428,6b43cdae-1609-41b4-babf-69194ceb8efa,91e03c67-2ac7-4567-b430-d11e6b3eb8ab,2be49b02-a70a-4369-a906-6e2b75001603,ed19cdd1-31cc-4628-ac54-6c015f2dd948,1f663ea3-72ce-4b6a-b20c-ccb9474ccb9b,44e93a54-2853-47b6-960f-7608f9140ffb,c944f7d2-9a74-4ddc-9263-299569f21d3a;96509c0d-76be-4d6f-a5ff-081ad9b03f4a;1886bb61-6185-44b0-849b-ed26b23b5074;96509c0d-76be-4d6f-a5ff-081ad9b03f4a;2b8424ca-12b2-4b30-b8b0-45a886bcf916,e588358d-ed03-48f4-8a8f-d5c57f76035c,e5f2727b-4c07-4a7b-8478-0980da9fd915,c8d39578-d50b-4c13-8a27-a4fff5358244,e6af0cd4-91ce-4aae-89ce-b830180b1326,ea4222e2-c576-40a1-8f3c-575618e6dd55,1ba9be08-fa5a-4f81-bf12-608e3c033861,0532cfa5-2b26-4329-ac1c-a7eedbff85f0,a70a3b7c-dff1-475c-b7a0-87ce3193acc2;26566fcb-0e04-4295-a056-5011a7935e21,1489d61a-3062-4491-a22e-e72d5a4cd4f4;51d9043b-068a-4a31-a0fb-74719a5a6a11;es;85;3000000;;;/film/Argentyna%2C+Argentyna-2015-743697;tt4483460;0;0;0;0;1198;1514;813;390;146;264;71;0;0;0;0;0;0;0;0;0;0;0;0;0;0;600;410;230;61;47;36;0;0;0;0;0;0;0;0;0;4396
120;b3ddf5ca-c5d6-4f59-8c3d-a1c0427eb5c6;2010-12-03;2010-08-22;Artur i Minimki 3. Dwa światy;4fc66943-7c2c-4e0c-a93f-8f7abb752c8c,15c0b1ce-34ec-4d67-ba14-0138c61d5b54,45434b4d-8a1e-4d0b-8fce-cd849ae707e0;155,174;f1e16b3c-59c5-4ad6-996e-57507e41327d,a551ff92-fc2a-4d89-be0a-29395ad906f3,2a951dc9-1914-48b5-b97a-2c8b1968b459,9d441f50-7497-4375-8df7-e8a2b9b4cc62,57b10a83-a1c9-4d75-ae4f-192df76f6068,08b1ac18-eb73-4080-95a0-2aec82842a7d,bbc9da88-2494-4aa2-80dd-e490f68914f5,ad879629-3fcf-451c-9596-ec2816e64796;60172139-69ac-4e59-b947-0ca92b438f9b;6dc7f7ed-6e1c-485f-ace0-6547ecb1abd2;60172139-69ac-4e59-b947-0ca92b438f9b,301b85d5-dd21-49a1-9c09-e7832e296abb;696298ac-5b04-4ba7-84d9-5d5655bee6a4,60172139-69ac-4e59-b947-0ca92b438f9b,148781ea-f8b5-4c10-bda0-7effd435734c;28235415-84b9-4358-9f22-57cd2a8ebee4,e44a58ad-de98-40c8-b983-938efcac4788,b1a983f1-2d42-452a-a3e3-6a974071bc0b;51d9043b-068a-4a31-a0fb-74719a5a6a11;;101;65000000;;;/film/Artur+i+Minimki+3.+Dwa+%C5%9Bwiaty-2010-399298;;0;0;0;0;0;22913;13652;9987;6828;4735;2742;0;0;0;0;0;0;0;0;0;0;0;0;0;0;10575;10462;6281;520;3079;2191;0;0;0;0;0;0;0;0;0;60857
121;75166ce5-04d3-4026-9b2c-d64cc1211116;2011-11-25;2011-11-11;Artur ratuje Gwiazdkę;4fc66943-7c2c-4e0c-a93f-8f7abb752c8c,15c0b1ce-34ec-4d67-ba14-0138c61d5b54,57366ac3-c349-4e55-ad5d-6f8061179e88,73cf83a5-6b71-4792-8b19-211604a46f59;155,174;c4355a99-2f67-4744-ba6d-18a8ba0322b3,a4958df8-5bf0-4953-9aeb-06343aba19f0,ca42f2ff-6769-47c9-95cb-ccc0d14f5121,9a2dd245-3c3e-481c-ac4c-e6735f7b7605,add4e8d3-e23f-4241-9402-25db93e4c10c,1bb08ef2-272a-402f-868b-aa3fe6827240,37f81ec5-d469-41c3-86ed-931543afe8dd,77006a5d-a8a9-4256-8314-2c83785d34a8,b286e291-792d-4c88-9ca9-c1ef1eb2135e,56bf85ec-8b52-41d3-b9b6-dacf79a755a9,2d8efdd0-8afe-4070-baeb-84a012de4bca,853e56f5-10b0-4fe0-9ba1-897fd46aeffd,aba840f6-8561-4f1b-ac15-a9cec7674425,cebd4c16-f7e9-463f-a1a9-7f6cb284350e,2b1a6e79-340c-4176-962d-e0310be1be28,09004fb7-023c-45f1-a44a-c8d6e1016de1,2cbafd16-25b8-4f82-b315-7650c59d265c,33a1f6aa-492e-48cd-89eb-b607a734f293;eb533118-7442-438e-870c-3dc7f9ddee17;f44346b1-d6b2-41b4-876f-1b6682aad3ab;5f1b4845-dd15-4d91-87c8-1d8e717178db,eb533118-7442-438e-870c-3dc7f9ddee17;8484eb42-c50b-4845-a07a-d813906526c9,d53fcb25-a3c0-4439-befd-47e3667098af,886aa44d-c2ba-4654-aa27-022101270a1b,5f1b4845-dd15-4d91-87c8-1d8e717178db,16d6c544-3096-4c8c-acdf-9b87142c8905,ff986b6c-c99f-41b1-9aff-d1ab254a8643,7c0f7da4-88ab-4c3b-b3e4-eb41f106dc20;0ab1ee3e-4d4a-45d3-b3e9-8882bace6e06,fb6ae282-b05d-41d6-9eff-06c8f3bf4841;dcbf781d-54a3-4734-9b69-a7e119d59fa5;en;97;100000000;;;/film/Artur+ratuje+Gwiazdk%C4%99-2011-531590;tt1430607;0;0;0;0;0;70116;154275;69310;42406;28400;11313;0;0;0;0;0;0;0;0;0;0;0;0;0;0;53257;50806;45216;25746;3010;9044;0;0;0;0;0;0;0;0;0;375820
122;6ee3043e-431b-4acb-b131-0af340493235;2012-02-10;2011-05-15;Artysta;f0506edd-d123-41d3-ad36-1d31a8bb23b8,57366ac3-c349-4e55-ad5d-6f8061179e88,8ec4b60e-c873-4767-9684-2d4031d99871;;9e8c1ec8-7799-48dc-81bf-b10f511d0d6a,7748f117-db95-4b7c-98a8-10d1d0a1afcb,c283fb35-36ce-4e00-9896-714e1e21b78e,638756db-2c86-4fa5-9326-07a0b08740d4,f5de6cd4-854f-4c43-86a2-4db05f218971,fc10756a-410b-485d-a3a6-f60ed177f238,0fff1b8f-098b-4b47-b4ab-5efc40d1aefb,1b19d694-aa4c-420a-9d40-3cf9eae547f1;ef7fb5e3-b327-416c-8daf-4ed34f209239;34b67685-59b6-4f6e-b120-d5a4616fbe1c;ef7fb5e3-b327-416c-8daf-4ed34f209239;6881091a-410d-4151-84b1-09af38a8d688,69a80de8-2a14-4973-ba48-7dcbd53de9fc,30e9dc6b-a3e1-4477-b843-99fe546ea719,336f84d5-b2aa-4092-a86d-fe18f6d38c2d,c75ef767-f2c3-4112-bba7-80611a26d08a,db725317-9e38-4bbb-b743-1179a9cdd9e6,e52a504a-82a5-4171-bbca-a37191c52309,03a61985-ef1d-4fe6-910f-6749a200c5c1,35c28fdc-3cb7-4553-b50e-9cd0aaa2c3a4,efe93d3c-a7ee-43d4-b95c-d4fd4b38ec4e;40a6ab76-9c49-4bc8-b762-1b34239ee4ce,e6865375-e967-41de-9f61-28c663fdf4f3,131e4050-12f7-4aa9-98f4-cc0deec1eb25,fbba907c-36f4-49a4-85a8-8571ec03df45,44078895-ace9-4650-8494-5d7c2111b93b,45ae87c3-f5f6-44e2-8875-d719b6f8bb9d,7801b9cf-4631-43f1-9715-e7ef66f43124,18ba6f63-ce0b-47c7-98a4-5c60f3271236,55191a4e-f182-43d0-ade5-75bd9bd052d5,5d9b0fb3-39e0-4860-b88b-d4f3b2db3501,bc5ec647-aa87-45ed-84e8-aa4e7ad24113,91258090-9786-4c2f-a219-c8cf6d620883;51d9043b-068a-4a31-a0fb-74719a5a6a11,dcbf781d-54a3-4734-9b69-a7e119d59fa5;;100;15000000;;;/film/Artysta-2011-589952;;0;0;0;0;0;7287;9729;29681;20130;10059;3147;0;0;0;0;0;0;0;0;0;0;0;0;0;0;3221;5053;17646;11926;5704;1411;0;0;0;0;0;0;0;0;0;80033
123;0fc695e8-e9b5-4898-8d67-69ad0e41d51c;2018-11-23;2018-01-21;Assassination Nation;1db1ac18-a83d-4645-9cb7-3c60a03012ba;54;bcbc730f-dc2a-496d-adb2-bba23c8d3763,b82b52fa-6f6f-4786-bc2e-6c329615f5da,1b17346d-7748-41ec-b85d-0cea102f8e82,696b8e1a-1d94-45cd-94ec-e951d2145b8c,b1a203ba-8c73-4354-bd84-bf0e98d102e2,2d819187-9786-44e0-bed8-b85a46f78d3d,4cef5d49-7a36-4beb-aaaa-ef901be04a96,e5be8df8-3b45-40ba-8feb-3be606b44835,f9e2730d-b06f-437e-aa45-47445c4483ef,85b84b07-4c16-4c17-888a-b87f13141177,b410e5a9-6f7a-49e0-a190-a8e76d6d1cfa,e5083b66-a21d-43c7-9cfd-e5469adeea8c,5271090c-a660-4fed-953b-704d060e5fb2,d7e3c03a-2e69-45d2-938e-e40efa554e4f,c402f68f-3354-4964-b8c2-73eee4567392,f15bba33-810f-40c9-8425-b16df63f0ff2,7ae99f4b-74d7-42e3-937e-687ab1309c21,4ae5b8c2-49fd-48b0-8cd1-6bc57a57aaf8;a09fb6ed-e167-4ab2-83c1-4d50bc18436c;f44346b1-d6b2-41b4-876f-1b6682aad3ab;a09fb6ed-e167-4ab2-83c1-4d50bc18436c;4bace99e-50f8-4e75-ae62-621cf1df043b,2d226150-450f-4261-835b-27658c77ca61,92555036-f9df-45f8-8946-78e9a234f4cf,3ef7b938-6b25-4b55-a058-d9d510ba29f9,328e436c-6c78-4946-82a6-486f240c4a4d,43e32eed-c0c8-42f5-a1bf-0e2174b01351,56d491c6-46b9-404e-90fe-bf8c9bb6eb77,656f6544-d75b-42a6-a16b-84097f092f90,63f85ef9-a4b3-41ec-b6c2-f9e4c1583d1f,7521bedc-d475-4a26-b628-715cbe285b6a,35e75ce0-a39a-4c24-bac3-e68a584d22ee,0e6b1bd5-220d-4d90-b307-141be4ba47e8,0c104c09-224a-4541-9450-bb5e22c0d7b4,542456cb-bd5d-4668-bf3a-9c78fd0b29de,ae05a404-f55a-4fc8-b460-12858359175e,256160ac-be93-4532-92f4-0076e7586dbd,24577af7-96dd-4d69-842f-83be3d918d30,7db9f399-c67b-438c-ade4-d81bae904f32,5e9bd9e2-2491-4c4c-a691-0bf41e5077e9,4c6a6b90-5710-4cf5-89f3-8e4e0b53e7c8,d4647efc-a784-4ff6-970f-23c69dcf1ce7,0bf4474d-8dae-4162-b550-3156b25a9b18,c34b5173-8602-4740-a8d8-01ebbe91850a,0ae8e490-a15a-4347-bafa-d987bf6f45c9,1165a3cd-21cc-4ab9-9c5c-a5bc6e09eec9;5931ad8e-8518-45b3-9824-d1e3e926f792,2222e9a1-d77b-49c4-baf6-6c4f669808ef;dcbf781d-54a3-4734-9b69-a7e119d59fa5;en,it;108;7000000;;;/film/Assassination+Nation-2018-809769;tt6205872;0;0;0;0;0;1158;475;27;27;27;26;0;0;0;0;0;0;0;0;0;0;0;0;0;0;640;255;14;14;13;13;0;0;0;0;0;0;0;0;0;1740
124;b70bc182-c548-4ef3-bd81-5a6a0c14f046;2017-01-06;2016-12-13;Assassin's Creed;9a150cd3-6c32-4b58-b1a4-aea6992c564c;14;9d5d5884-5109-4dfa-943a-cb8da1dee506,f9f0ef43-c5a8-476d-9e5c-5db2b10cc14f,0a0f5b5a-42ce-42ca-bdc8-7d2419492dc5,ed835645-9523-4199-bc80-664b65e2bc91,7142ffd3-2895-48b8-aff4-f74e3b600385,2c34de8f-6614-4026-a554-eebf4a40c4fe,1d323445-a224-421e-ae95-fd8a26784ecd,bf414259-af71-4d40-83cd-bfc1ad6cb258,97445178-4e1f-46b3-8e8c-47c05798a0bf,1d8f7968-ab51-453b-a43e-720ec69d8207,7b9f89cf-fc2f-4de7-a12c-312feabca84b,610fb52f-bf66-44d2-847b-d6936368b77d,e236a499-c232-47d7-9069-480bea85f2c6,7e697c02-c25e-4b41-8758-f71f3803c79d,ed4bf1ce-695d-4990-9c6f-886aa5628b18,53b2d21a-21fa-4b08-a4e4-c565bd8389dc,ec7d8348-9753-4bbc-ac13-635bb281a67d,a13df8bb-ddb7-4eb9-bcd9-b7ed7d688035;d22918ec-6e00-4e16-bd20-990b3be71d8d;f8c298fc-ffb3-4397-9e1b-d709aee89d2a;fa4dc5ec-5336-4e52-adf1-46a3142ef36c,147aad49-6a17-4eaf-9a6e-c75869d5e12d,6b8af188-9ab2-473c-ae4c-2e90248cf64d;1242a5b8-bf40-4a79-916f-8796f45cdfd9,9899396b-206d-4275-be9d-978e77f6e3c4,d6270712-2e1a-429e-8498-ace1ea45b03b,9d5d5884-5109-4dfa-943a-cb8da1dee506,b918900e-14dd-462e-acf1-790d801acba7,60117bb4-429e-48da-8548-9c000e88e2ba,7b47618e-e5f5-4319-bf6b-cf7a39fee593,87212b35-c3d7-4551-8f20-54967b563a1e,68e2b2ed-5c00-4ca6-99b4-70bca59dc65c,cd3641d9-87da-49b4-9591-2075dfa0c4b1,4f2ee920-c6eb-4bf0-830e-0f018b2b68ef,8157405e-a59d-4133-8840-f02e113503b1,9f9ae9f8-bda5-479b-b814-d0152b687c9b,76fa3c1f-14c9-4696-a3e4-a1d7d3bf7935,4cf408ca-42ae-4213-a9a1-cf6918489fdb,4ead4993-163f-4f8b-9aba-199037656a55;20e620cc-11f9-46e9-b18f-f07cdf550544,2a5bfa01-6dc4-4562-be17-4bbf0237677c,2305cf08-7151-43d0-81d5-6d95aba27b09,190b2cf6-b2b9-4a85-81ae-bce13a7e457d,1feda3b8-99d8-4c78-8e4d-9d92ee674083,7d85ad58-c80f-40df-a489-d71cdaf9cc4f,0899f280-d553-48f7-a8f5-50f3aa4c0831,880b54c5-192c-4d51-af79-3cace38a4d45,2117ad3a-8d54-41df-aca8-aeef35588653,39ed37b6-2569-47ea-8d79-7322170034e6,6fa34ce8-e9db-41b3-9876-9a9ff05e7076,4f326f79-0d39-4152-912f-7a8dcc0b5780,2fbe1422-1078-4e47-b64f-e5198ee9b3b1,d3297ad1-7ba3-4188-a214-9b835f84c98d;dcbf781d-54a3-4734-9b69-a7e119d59fa5,51d9043b-068a-4a31-a0fb-74719a5a6a11,cc0ac9b5-2547-4e64-8ecf-8cb7f3ba878e,380f767c-1de0-4266-809f-666a5f2e3c47,2db65204-28f6-45f1-b92b-ad2bd7374953;en,es,ar;115;125000000;;;/film/Assassin%27s+Creed-2016-659803;tt2094766;0;0;0;0;6185;166503;74508;35003;15699;9122;1909;0;0;0;0;0;0;0;0;0;0;0;0;0;0;117770;43934;18577;8916;5219;1024;0;0;0;0;0;0;0;0;0;308929
125;b1462290-885b-4fec-a4a0-0bbbda3b789c;2019-01-18;2018-12-05;Asteriks i Obeliks. Tajemnica magicznego wywaru;4fc66943-7c2c-4e0c-a93f-8f7abb752c8c,15c0b1ce-34ec-4d67-ba14-0138c61d5b54;6;9a85aee2-ec62-485d-a956-04c7cbfce04c,38a0c49c-5d63-4903-91cd-eb453455025d,1171e64d-517d-4674-9fc6-19e446a5c10a,beeb5291-7deb-409f-8b6f-d633b851f3a9,d7b9a214-5e51-404b-abfa-3835e5d2eab8,532bdf12-5872-4451-9829-c8de734da304,32516eaf-c1ab-4833-9ebf-8d31706f23d0,1fcafd53-726f-41bd-a036-c0b1e0e3934a;ff3f1b36-a84b-48b6-8da2-d50281b8cce4,beeb5291-7deb-409f-8b6f-d633b851f3a9;e71270d1-d648-42e8-b1cd-58315299e461;beeb5291-7deb-409f-8b6f-d633b851f3a9;a42b6fc0-209f-47a9-95c3-b1ff6146d3dd;3a9bbbc9-04a6-4f0f-bae4-0a2fd1844870,7a9890ad-6ce9-4cc3-aaaf-7bad93bdab42,4966941c-ae70-4b02-b3f5-d88851568950,08dca5da-1820-4128-a301-87b4f6a9b9e8,a5d26169-387c-41c5-abb7-45eef813e396,06f4f8ed-ad3b-4141-9114-cbece49a1a51,237c9fbb-8597-496d-9861-00a2d30335a3,4847adb2-ec5d-4c7b-a8a7-e3fb8a62b5d0,a287b21c-b6e2-41a7-b81d-b2a3134dc302;51d9043b-068a-4a31-a0fb-74719a5a6a11;;85;10000000;;;/film/Asteriks+i+Obeliks.+Tajemnica+magicznego+wywaru-2018-810195;;0;0;0;0;0;121960;103575;77120;46539;16048;6761;0;0;0;0;0;0;0;0;0;0;0;0;0;0;63889;57698;42985;24966;8928;5246;0;0;0;0;0;0;0;0;0;372003
126;dc770ea2-5d08-44c4-9bfe-3bd8f93c72a9;2012-11-02;2012-10-06;Asterix i Obelix: W służbie Jej Królewskiej Mości;15c0b1ce-34ec-4d67-ba14-0138c61d5b54,57366ac3-c349-4e55-ad5d-6f8061179e88,9a150cd3-6c32-4b58-b1a4-aea6992c564c;;a4f91145-c745-44b1-a13f-b8a3bb6ce350,ceb5151f-4d06-4397-921e-9128a5757bda,9f7b3c82-76b5-4d44-88d9-ecb33f9add4c,48082ef9-9840-4267-8f53-f95d11c0d4f2,62be3843-9cc0-4dd9-b051-3ff74bd47632,4faaf1ac-87c6-4f11-b765-69c8ee5199e0,5622f182-b9f5-4622-9013-7148815c732f,5e6be7c1-b48b-464c-bf67-2bcb1d8aaab5,760cb27e-65c9-4f96-b7d7-c94dc6175c23,9fd6c915-ebb7-4410-8f3b-4de131a679a6,a4989256-9356-42fc-b2b0-bc353600e6b9,30f07900-db5f-43de-8bd3-eacdda0322b8,2b6be7da-ccff-4976-8d50-c7dcd6de88ca,56448395-d14e-4279-bb5b-ec7489147d5a,fdf919bd-5a01-4e60-93f3-c71a908e528d,8f93115a-ed27-4214-9730-739dd3683287,d7b77746-7e45-43e7-8912-e005c0e2bfd3,6e97eec2-de13-4aae-92ee-95c32f7c6283;26f1a5f9-6fe6-4f1b-ae95-3c3a52db3fd3;e71270d1-d648-42e8-b1cd-58315299e461;26f1a5f9-6fe6-4f1b-ae95-3c3a52db3fd3,de080e54-74e4-4f97-b1a9-624030af5299;2a5f6489-90c8-45ba-9155-c97d80ce2aab,c1320f66-e374-4743-8ed9-87fa5fa4cb04,5e971222-565b-4caa-a487-cd318d04847a,b17bb919-77f7-47c2-9c01-c5da2c7115f9,f9d08dea-d641-4fa5-a5c7-c03af18822a5,e16ab89a-f941-4119-8258-96f566950510,3344cfa2-a161-4e4a-8687-9a707010bbb3;110934c1-fbc9-4abf-8eb2-15a35877b77f,14deaab5-b99a-4397-98a0-b736e9e25735,0174e38b-f468-4716-b1a4-474d3af2df93,6a0708eb-e834-48bb-85a5-82a36490c4b6,131e4050-12f7-4aa9-98f4-cc0deec1eb25,fbba907c-36f4-49a4-85a8-8571ec03df45,4966941c-ae70-4b02-b3f5-d88851568950,2c4358c4-4d96-47f8-8ef9-7d95075a8e77,3f72b9aa-14f4-43d6-b813-38338a103274,5b34ef9d-741f-4488-8eac-1708c3a3acd0,3644f5d3-cf09-4cbf-8f69-52812d61ba82,2fc0be53-f70b-4d04-a0a3-8e7eeef9b114,4d307182-8ad6-4ea4-9be0-1a597dcd5afe,cb057b3b-1d00-445f-81f5-64747d85614c,6a7c4f65-3a30-4076-9b7f-77f65caec057;51d9043b-068a-4a31-a0fb-74719a5a6a11,40b32eec-a75c-4549-b8b7-0d3b90e2ef32;fr;110;78000000;;;/film/Asterix+i+Obelix%3A+W+s%C5%82u%C5%BCbie+Jej+Kr%C3%B3lewskiej+Mo%C5%9Bci-2012-562600;tt1597522;0;0;0;0;0;140449;121670;60878;34053;65908;37638;0;0;0;0;0;0;0;0;0;0;0;0;0;0;109590;87735;42870;22881;16191;21419;0;0;0;0;0;0;0;0;0;460596
127;c3819eb8-4454-45ca-938a-da284b7966da;2016-10-21;2016-09-29;Asy bez kasy;d34b4e2c-74ce-42ab-b438-86fbbdcaee15,3c7e1786-5ed8-418e-a681-be5f4474850b;;11f87736-c43e-4184-b1ca-fa003bc05e66,95058f9f-6ee5-4eba-aacb-08fbfe4bb027,08dc722b-34ca-4267-8251-5b1d556e95f1,3b9431fe-8b2e-4fd9-8b01-c15cb7471d99,8d4f2f2c-51c3-4e0b-8693-1482673f0a17,f8fbd087-1d07-4166-a41f-526d5567d4a6,7550a385-e090-4179-8088-14f9eb7277aa,ef03c95a-374b-47a0-a436-5b5d8e5b72f6;1aaea82a-73b0-4230-9c35-c5317b2f3615;34b67685-59b6-4f6e-b120-d5a4616fbe1c;6f0a13e9-6602-4a34-a487-8d2c6a54fb1e,90a16904-d6a4-4123-9f2f-d480b9e8f71c,81207ba6-3549-4830-9d37-56f07f6c5d1c;2de78236-7381-45ef-b2ed-2ab852abef9c,5f167c4f-2406-4a75-be1d-162c2b626f39,3019f65d-a953-41f5-b63f-af978a68ff0a,59620cae-57d1-483f-9a1e-744b5ffa0498,1f5bb108-0135-4069-a5ac-63dfb587fb84,1c0e31ba-7de3-4221-a114-ba8eba2c9219,8842c376-b468-428e-90f9-c2a4b5db2809,9822ad8b-a4c6-4d43-a590-f298d51d7d08,70e951ae-3fbc-41cd-9fb9-db8d491f6c11,a93077f3-a4ef-468c-a7fc-3d67aff98dc7,c7e63cd5-7cc7-44c1-bcdf-d1100887a238,5e102645-e93b-40d6-ae01-b563895adda2,2884b7ec-369a-4a6c-a775-ec2d2e4f42aa,fe4f7131-a19d-4442-a5fd-4a83768ad21b,157ffb1e-6ce9-4c67-9183-195500415aab,f026e828-c423-4532-a06f-710939a2e3d5,5344debc-79d6-46aa-a830-d5615ccc0546,f6a64dac-beae-4f4a-b16a-b935b42da334,d1f67e37-1db9-4e17-9354-1fd835c9f71d,c74632e9-b37a-4f90-b46f-078f82e4bc3e,3334d22f-2ba5-4bfe-9923-c2cad72cc7e0,1d67cc94-27d8-471b-8e4e-20333d1bdba6;dfe6e90a-97b1-4981-8c7c-ea5bfa0a3b20,2378206c-5e13-43e5-9f03-48370d9d5ed1,5beb360f-5d73-46c3-9141-685db07f3af4;dcbf781d-54a3-4734-9b69-a7e119d59fa5;;94;25000000;;;/film/Asy+bez+kasy-2015-669147;;0;0;0;0;0;31521;18882;6849;1888;203;202;0;0;0;0;0;0;0;0;0;0;0;0;0;0;21070;12028;4936;944;102;101;0;0;0;0;0;0;0;0;0;59545
128;754c29d9-1a59-417d-aaec-7704a99a1bff;2012-11-23;2012-09-08;Atlas chmur;f0506edd-d123-41d3-ad36-1d31a8bb23b8,6a5af1f4-128c-4ca8-960d-3f0f36d29764;;53e8b41b-108c-437e-804b-b22096a37ec6,7265e103-df40-47c9-a038-cd1a40a81ec6,9a2dd245-3c3e-481c-ac4c-e6735f7b7605,58e9ab0f-fe6a-43c9-ae18-793ce0f42fd4,f8efdd08-c1b0-4099-b9c2-c42c07656c48,a4dce30c-8de2-4c56-8e36-425d84252be9,85142f1b-49b7-48b9-95cb-9da049b4d3f1,c763ccdc-72c1-408c-9cd1-36fdd792ac33,ea264524-647c-4dd7-b808-14c5e59b2b83,b9296582-971a-45c7-b51d-212b8f1a985e,54d16ff1-9e8b-4bca-9acb-37404834d06f,a883fd05-6b82-4c90-b21e-526ef13f1442,ad42b1c3-3cb4-4bdb-828e-06e67f7ae07b,aa26a4f5-2628-42ab-ad57-373350cefe82,7edec928-aecc-4e03-86a7-c038ee838cae,bc3657e6-5a29-4b02-8b93-1b7c9924bbfe;39513cdc-266d-4a33-9eb1-517ab9ac9b7f,7a230a18-d055-427d-acf1-0b5bf4159638,8ea7950e-b736-4e04-8b7e-4f4ddc7a220e;e71270d1-d648-42e8-b1cd-58315299e461;39513cdc-266d-4a33-9eb1-517ab9ac9b7f,8ea7950e-b736-4e04-8b7e-4f4ddc7a220e,7a230a18-d055-427d-acf1-0b5bf4159638;8ea7950e-b736-4e04-8b7e-4f4ddc7a220e,7a230a18-d055-427d-acf1-0b5bf4159638,39513cdc-266d-4a33-9eb1-517ab9ac9b7f,0a61e680-8fad-4cea-978e-5bc202b37474,e150de3c-18a2-4845-8424-e9db3ec0809e,9fa45cc0-85de-480c-95b8-10c3c6696315,bc5cdaa9-9cd6-4f53-ad6d-5e485ef494a7,67c3ea5b-b62f-42a4-b2c7-421d1038fd80,b918900e-14dd-462e-acf1-790d801acba7,02e3bfcd-6725-4ba4-9ae5-bb08d5089d40,017247a0-6c88-4c1d-9d43-86fe61ace881,1c01bae5-cfbf-4ed7-9e7a-f7c192c42446,11027f05-3667-4c2f-a656-e026d7c3a2b8,b257e5c6-25b4-4ced-a316-4501c606062b,05457a92-96c8-4de7-ae2d-216607b70419,1435e25d-6b4c-4dfe-b9a4-3cfcc5644d67,8191d6e9-271f-4721-a6a2-c3cc1280846b,c2d4e3da-8925-4594-b990-1685d74cf2f7,372fe156-4cfb-4dc9-b006-99716511af0b,f84bd3b5-ff37-40e9-b9ad-e1ff780b4f27,01508c5e-f16d-4cde-94fe-ebc5402b6815,72b48406-0097-4cf6-93de-6e4dfc3c8d66,6f88015c-eb87-45f4-903c-55caf2c39202,b8d3af96-5f8d-45ce-8c4c-291ee56e3cc7,94943e4a-84d6-4fa3-a297-0d131f9e7601,451d3151-331b-4df3-884c-e30a21ef6a69,c63c5842-aa14-4644-ae6a-2ae18e3c6d55,ca033e59-2246-42fe-9c38-dee68f1093cb;1472ce96-baa0-46ec-8ced-383fb88607c7,548aae39-10c0-41a9-a543-fa1720ea8bc5,59833a0f-a73c-4f62-97aa-4cff873f947e,fbb030bf-004f-4a53-bf58-d287b754c9ba,3a384746-6579-4600-a7a4-6d83392a8494,2124d96d-ad1b-4a15-afca-9b59eec8e12c,86ae7f8c-3f38-423b-8810-aeaeec88332e,72d20e45-0701-4aec-b418-4d3e1263f619,8d944fb6-f507-4d75-b9f0-6ebe50f44f80;dcbf781d-54a3-4734-9b69-a7e119d59fa5,6614b794-9b07-4de2-837e-3aba6098ec7a,380f767c-1de0-4266-809f-666a5f2e3c47;en,es,uk,ko;172;102000000;;;/film/Atlas+chmur-2012-580801;tt1371111;0;0;0;0;11133;154967;127044;76638;73923;32553;34236;0;0;0;0;0;0;0;0;0;0;0;0;0;0;91890;72177;47526;50701;18332;22341;0;0;0;0;0;0;0;0;0;510494
129;6a536852-833d-4331-bf2d-c6dd311f41ee;2017-07-28;2017-03-12;Atomic Blonde;1db1ac18-a83d-4645-9cb7-3c60a03012ba,d34b4e2c-74ce-42ab-b438-86fbbdcaee15;54;1df8da62-596e-4aa0-9412-4c261afe1d5e,c4355a99-2f67-4744-ba6d-18a8ba0322b3,c283fb35-36ce-4e00-9896-714e1e21b78e,b7434449-4ecb-4732-9f51-2a61e51f41c8,a680f5cd-2bc3-4e28-b1f9-f0c52dfd75ad,3f4a6ea2-9a9a-4bfa-95c4-48247317a721,d115945e-8ae2-401f-93ea-7ea80dfac714,2d819187-9786-44e0-bed8-b85a46f78d3d,cc397802-7cc6-44ae-a5ec-88dd8624db51,9a3dd11f-fbfc-495f-9188-05ba1c5f873e,2451b82f-4518-4d99-ab05-ceacabc876e5,e4a57c4d-23e1-415b-88af-fd44c589a523,8b5f4334-9fc8-417e-93c1-bfdd34d19b19,e51fcf73-a8b2-4603-a179-c48443e407b2,4cc442c3-47d8-4422-8195-29a884496a13,aa2aacca-20e9-43a1-a8ef-18108d01a630,be649bf8-ea3a-4e74-ba7b-9723c836525f,6f2bb8a3-3f3e-4669-83c5-b27a0abe745c;33ac9642-b583-4e98-93c0-a55cc8cb6115;6dc7f7ed-6e1c-485f-ace0-6547ecb1abd2;2e4263a9-11d0-4898-bd5e-3f65151e12d4;1df8da62-596e-4aa0-9412-4c261afe1d5e,b28040ec-affa-4641-92e5-f3734d59e1e8,033e3996-785a-4f4d-b9ec-672630b1f225,2e4263a9-11d0-4898-bd5e-3f65151e12d4,8f8f4def-5a09-4668-8a91-56b23b0d4876,0a7a0630-16cb-4f81-aae9-3a1e2a4b2bea,b8334c97-eb4d-437e-90a5-35f6f34b3146,2fff3279-e5fe-42d8-ba5f-718a9cf6bf09,fb1d421d-bdf8-4b09-a04c-3afa92227d38,cfe8e53b-a25f-4ae8-89a8-8d2f89b8557e,73197fc7-7a56-44e1-b777-6b83525c6260,64820009-e3b9-477c-b3bc-b0d944408bbd,5adf674b-e79f-435c-bae9-74eb9e7f5669,6ba142ad-4e0f-4135-bed9-551ddba13aba,a9a0297f-d8e3-4b43-a256-2531ab533c48,f3a7625b-47fe-43f0-8b64-4d1a421e1abe,5ad76ed6-1dcc-4ff0-abf8-e1fdf4ca9162,5963ea2d-ca79-400f-a43e-74b9a5c7aee7,f190757c-6a5b-4a44-a593-17116d7167cf,21c6746a-f2e8-4288-9828-dc2874a925d5,9a4fa981-94cf-4761-9fa0-e56c17b1ef92;45697061-fba3-4d46-b275-2bd38d5fb423,b9a8407d-5507-413c-864d-8ec80d05aec7,ac462798-6465-4a75-b4dc-d6b1640e90b2,972ce11d-3c42-4c2a-9db0-978776c5b3b2,267e541e-d3a5-4120-894a-3fcaec8e8653;dcbf781d-54a3-4734-9b69-a7e119d59fa5,6614b794-9b07-4de2-837e-3aba6098ec7a;en,de,ru,sv;115;30000000;;;/film/Atomic+Blonde-2017-755384;tt2406566;0;0;0;0;0;79295;36503;25020;10627;5329;1599;0;0;0;0;0;0;0;0;0;0;0;0;0;0;39964;18246;12788;5672;2335;900;0;0;0;0;0;0;0;0;0;158373
130;5b1a3273-15b9-46ee-a066-378379af6c8a;2016-01-15;2014-10-05;Aurora;f0506edd-d123-41d3-ad36-1d31a8bb23b8;;eb63d14e-fef4-486d-9075-e417c7437cc2,2f574cd3-5589-4cbe-be6c-8131575c3e7b,cfcf4f65-cd37-4298-bf79-27846349a947,7e94f6b3-33bc-4c8d-968d-a0b10ab7112e,5e0dc812-19b0-48f5-b05a-3514e096be30,e18d6d85-430d-4c19-8e06-e37983a1ba2d,48387817-68b9-4279-8fb6-872a641eb80f,93036411-1077-41a2-8d92-5f0b2e989995;a0b11b56-3bd2-46b9-8725-9b9fbf1ce7ae;d8edaed4-aa2b-4b31-8916-c373eaa4ad97;a0b11b56-3bd2-46b9-8725-9b9fbf1ce7ae;39059534-cddb-41de-bfcf-56b4b0334d93,a0b11b56-3bd2-46b9-8725-9b9fbf1ce7ae,55a1d7cc-b080-41f0-b109-2919a430d61e,a803a436-b655-4473-97c1-f1a20bd2f401,53f4be7d-ff71-463d-914a-0e13847c0d4c;cc8c03c3-af9f-424b-a091-29991ae3223b;c8dfffd6-8499-489f-9285-9828ba14c802;;83;1000000;;;/film/Aurora-2014-746405;;0;0;0;0;0;0;0;0;0;0;0;0;0;0;0;0;0;0;0;0;0;0;0;0;0;0;0;0;0;0;0;0;0;0;0;0;0;0;0;0;0
131;7a84f442-c7bc-4f39-bdda-5752dafe6dc3;2011-01-14;2008-10-31;Aurora i archanioł;f0506edd-d123-41d3-ad36-1d31a8bb23b8,c8692873-ebae-4261-a833-4378ab4e126b;;a124f916-24cf-437c-8909-79698b268f41,b8108ea8-9a6f-4220-8a5f-563e02efaa91,5cfc08f6-7ae7-470e-8bd1-96765ceef4a2,c25d32d8-8747-4126-8ae2-15b172defa13,3880c247-9347-4e3e-a188-07162534e4c7,99638a97-c648-4619-b55f-05977386d9a8,1c1ce4e1-d9d6-486b-913d-1221ba8c2b9f,3b9431d1-aaaa-43d6-b5df-6a2f535f59f0;0d822dbc-b759-41f5-ae44-6472298571ca;f4b55c4c-9fd2-4c03-94c8-94c595093805;0d822dbc-b759-41f5-ae44-6472298571ca;34a12aa9-54a5-4f76-8887-4dcf2ec00117,e99c4904-6d1d-4845-9e9c-082ea02ab4d4,117c8afb-ba4d-4ae8-8278-d1a3f8c85792,2c8b0874-0927-425c-a349-0358fa8741a9,cd90eba2-8907-49c9-8ee9-2aafd32ef1e4,b910721e-e6d2-49a4-931f-7820030e5d99,a124f916-24cf-437c-8909-79698b268f41,c3745e68-4aa8-4bb3-b568-4f51152a827b,84614347-6796-472a-ad65-99a6072db88d,e913f700-3609-41e4-8a08-f51d25fcbd22;ef97c2c2-34ef-4f53-b3c8-671d8d8195a3,bbe291ff-dbde-4525-a528-0c066316356b,3f2746bc-cd0a-447c-96c9-39f779dbc709,e0d45b0f-72c9-4e3c-b22d-b9df108edf2b,2c55967f-50af-4a8b-a106-f6f1c7da8a54,16d15e76-e7f7-4554-a40e-ac2c4eb03377,1302fb78-f507-484d-87a2-268218c2a252,fabf9fcb-f2be-4b59-914a-6b5c582dcc42;7c3c6900-cff1-44d1-8e05-b71f752b95d4;;129;500000;;;/film/Aurora+i+archanio%C5%82-2008-454149;;0;0;0;0;0;2463;276;235;125;0;122;0;0;0;0;0;0;0;0;0;0;0;0;0;0;2126;142;113;80;0;38;0;0;0;0;0;0;0;0;0;3221
132;0f7ff649-b75b-4f45-87cf-114e9f2546cd;2011-06-29;2011-06-18;Auta 2;4fc66943-7c2c-4e0c-a93f-8f7abb752c8c,57366ac3-c349-4e55-ad5d-6f8061179e88;31,155,175;95058f9f-6ee5-4eba-aacb-08fbfe4bb027,816e4565-b3e0-41f4-9bb2-59cdac4b05b5,45bc0a2c-8b1a-45ca-b92e-b86f7baf8d3b,a5b96497-d1fa-429a-8a2f-b42adb18735e,0dc33762-f295-43eb-b4f5-5ae06d3139a9,e5bf341b-a079-492c-a2f4-87105cf432b4,8b3b5ccd-bda2-4b20-816b-91f6a2301310,711da785-5315-4a5e-a328-e4902bb65780,15702e4a-a565-453f-9f75-a8a25130b66b,e7883bd4-bae0-4884-a09d-6d241c022bc6,b5118c97-2ca8-4bac-be47-5515498a1753,03170188-8d55-4c80-bbd1-a3b23ebdd4da,360a691f-364d-4a20-b704-accce55a7b93,143bb195-3b32-4ab8-bd75-e37ec14eba9f,e6d44c10-22ca-483c-b31e-acf60ee56c08,1824bb0e-b558-477f-a4ac-60de7c10fc51,d32e4bc1-8df4-468d-868f-fb26c768cf5d;72c3c3b3-a8ef-4a02-99c0-c4b786c9af9b,35de97ba-48e1-44af-bebf-ec744d88b2fd;34b67685-59b6-4f6e-b120-d5a4616fbe1c;a953cfaf-24b6-45c3-96e3-36b8784eda8a;730e07f3-62e0-4f2f-ae53-a05d8358c6f6;3c3fee43-f828-4c35-81d6-5bf009be4ca1,3fcd2651-f0ef-4b99-8889-6e95ee68ee05;dcbf781d-54a3-4734-9b69-a7e119d59fa5;en,ja,it,fr,ru;106;200000000;;;/film/Auta+2-2011-478475;tt1216475;0;0;0;0;115705;382071;159244;99914;87166;56228;34101;0;0;0;0;0;0;0;0;0;0;0;0;0;0;246309;80547;45384;46357;34112;14994;0;0;0;0;0;0;0;0;0;934429
133;9804e6b8-f750-4916-a9b2-779d9bc58571;2017-06-15;2017-06-10;Auta 3;4fc66943-7c2c-4e0c-a93f-8f7abb752c8c,57366ac3-c349-4e55-ad5d-6f8061179e88;31,155,175;95058f9f-6ee5-4eba-aacb-08fbfe4bb027,f3a4b654-b754-439e-a631-214c5f03464c,e28243d9-8533-4b48-94e1-b317a7ab3ed7,a1a0d263-5992-4de8-b564-e9ba37005313,6a319fed-e4ea-4a02-87fe-c37a56286927,457f936e-5d4c-431f-b2a2-3a6ce2c29118,e6d44c10-22ca-483c-b31e-acf60ee56c08,e7883bd4-bae0-4884-a09d-6d241c022bc6,8fda30e2-6176-4bbe-987c-fe30eaa63e73,43a4ceae-61fc-4d3d-afa5-e633e5579381,3f754ae6-e629-48e9-a9f0-d21d411ce2b8,8d68b8b4-9b32-4275-af22-88cda4435cdd,b5118c97-2ca8-4bac-be47-5515498a1753,ebf5b59a-dacd-4c1e-bfcd-afa82925be91,6257c895-d59d-402f-b327-f4eb4d85e235,b9df8a95-4019-49cd-953b-b13ad97b5754,8eae2c9c-d4b3-4c2a-bbda-01ceb63aaddc;350016d5-9426-490c-aeee-80ba93c32f05;91706a73-a86c-42f4-814a-c5586e41903f;4dc993be-6b03-4721-849a-91d53210dea5,6257c895-d59d-402f-b327-f4eb4d85e235,979aa507-4a4d-4c5e-97f7-c90ff5db88dc;35de97ba-48e1-44af-bebf-ec744d88b2fd,d448ee29-502c-4848-ab13-b8ad89326dbe,f707e5ee-be49-452f-b61c-4f5cfbac12fa;3fcd2651-f0ef-4b99-8889-6e95ee68ee05,3c3fee43-f828-4c35-81d6-5bf009be4ca1;dcbf781d-54a3-4734-9b69-a7e119d59fa5;en;102;175000000;;;/film/Auta+3-2017-711933;tt3606752;0;0;0;0;58819;299027;189351;96766;65213;35047;21822;0;0;0;0;0;0;0;0;0;0;0;0;0;0;212815;92101;52952;30087;18935;9607;0;0;0;0;0;0;0;0;0;766045
134;7a3ca328-39ec-431f-b18a-8f0161485675;2010-02-19;2010-02-12;Autor widmo;f0506edd-d123-41d3-ad36-1d31a8bb23b8,1db1ac18-a83d-4645-9cb7-3c60a03012ba;;1b7c1a0e-e9e7-44a9-b0b4-fc57729f715c,48393512-c97b-43ad-965a-566b7c122d6b,72c46000-8299-4336-968a-61c5e0bffc41,080048d8-48d8-4993-94f1-9350b5b85b53,9eaba65d-80e0-4e5f-ba30-390be69de726,23e37caa-b093-483b-b1f3-dd4142c9581c,165c43d1-5f26-4d57-9744-2cba94ed9b2a,885658ea-2e7f-4ff9-b45d-cf89ded5e397,9f8eb822-b042-48da-88e3-1d8d0688b3c6,0087977d-e758-4939-a92e-7e9702336839,a5ddf5fe-5365-4600-a771-be4de3bc8f08,42571fcb-ed15-429a-abf6-77f21cd23fe9,36be798c-4e92-4863-ad01-ca054d2fbda8,afb53914-9d78-49d6-86e7-e1dddf92aeb7,5c6a3fd6-72c6-4f4a-8f03-84e93fadab52,b18f2332-f187-4265-8d2e-55268f9e381c,84115979-a211-405c-8c98-bfcde606a71c;81c33b64-c97c-421f-9192-554e980a846d;34b67685-59b6-4f6e-b120-d5a4616fbe1c;24f5299d-0f41-441e-8e0a-1977744ba60a,81c33b64-c97c-421f-9192-554e980a846d;81c33b64-c97c-421f-9192-554e980a846d,efa18e96-2593-4c9f-89b5-fde6b64318bc,773bd008-a3ea-476a-9d8d-0c6534fb6a25,b6bb4f9b-252c-49a3-b2b3-9be4017f2102,b4bfbabc-ac2d-4ed1-9368-830050177deb,b12b1378-dd12-4327-a172-b6316f06ed82,7ffca761-d5fd-401f-867a-99d46447938f,c4c9855f-738b-4fb7-99ea-3c6c933ee550,01782111-6181-4338-9099-72ef2039c1b3,63c10303-e6df-40d7-aaba-a045bd050a51,137347ac-01b6-4838-92a4-5c7cbe130747,74849502-eb60-474a-9836-10855a4d890b;40a6ab76-9c49-4bc8-b762-1b34239ee4ce,e6865375-e967-41de-9f61-28c663fdf4f3,6a0708eb-e834-48bb-85a5-82a36490c4b6,fe31c645-c290-49b2-b043-387c34667f34,0dcd9ad2-2996-44d9-a69f-ea06a7831bf0,7f1f9de7-3ba6-4109-b4de-9ff529f08684,1e803c84-361c-4292-902a-9640771173b5,c4e84d98-4fa2-4e88-8f7c-005f643ad82d,3ccd35c9-40fd-4838-b31b-93dabb655353,e6f38aea-25b1-46a5-88a8-a9b576423d9a;6614b794-9b07-4de2-837e-3aba6098ec7a,51d9043b-068a-4a31-a0fb-74719a5a6a11;en;128;45000000;;;/film/Autor+widmo-2010-463952;tt1139328;0;0;0;0;0;138958;106786;72372;33803;21801;13675;0;0;0;0;0;0;0;0;0;0;0;0;0;0;84498;68991;44764;22568;14652;8790;0;0;0;0;0;0;0;0;0;387395
135;0e66f8c5-fe64-4f4a-b12b-d5c50e55cced;2018-06-29;2017-05-19;Ava;f0506edd-d123-41d3-ad36-1d31a8bb23b8;17;d546ff47-37d5-45de-8171-dba7da553c97,9c42fe74-d300-45ae-9919-47cd8ab009d4,9b6e5de9-c0e7-4de6-9305-050d5dcbec9f,c5a6eceb-b1fe-40af-a11e-50e7853381df,61c13554-01e5-4975-92c9-77450f311b49,45693025-6867-48ad-bec1-076536dda1ca,ad14e8fe-b5b8-4922-b33d-40eae19d1ff0,604cf996-61dc-4f4e-84bf-1059a24ec222;127b96c1-737e-4425-867f-1b44d24f75a6;a4abfcce-d2ce-4ab3-becd-258c33b13102;127b96c1-737e-4425-867f-1b44d24f75a6;32782259-cd3c-4d14-8bcb-053b11ec9551,2aba9c33-38bd-4388-abf2-1915c9a2598f,b6e61d12-84e0-4724-b64a-92b203aeb553;2fcb5aef-9720-4939-8372-83a75ff68e14,d02acb34-39ba-4180-ad04-2f88f2ea8f14,3a9bbbc9-04a6-4f0f-bae4-0a2fd1844870,7a9890ad-6ce9-4cc3-aaaf-7bad93bdab42,a6cb3d83-e34b-4eb5-9400-9845890f346c,d398c4e4-33f1-43d3-a6f3-d38e3bc5f75b,99cff5d6-f7d2-441e-98a5-443a269caacc;51d9043b-068a-4a31-a0fb-74719a5a6a11;;105;10000000;;;/film/Ava-2017-786712;;0;0;0;0;367;2198;1147;704;411;411;256;0;0;0;0;0;0;0;0;0;0;0;0;0;0;903;437;293;206;206;125;0;0;0;0;0;0;0;0;0;5494
136;1a01755a-b90b-43e6-8ecb-9f39d6637d71;2018-12-13;2018-08-01;Autsajder;f0506edd-d123-41d3-ad36-1d31a8bb23b8;;52082d49-8fbd-4857-a7d4-ca3add49063d,15a61094-4255-44d1-8b57-d1a60dbad995,f9918333-ee0a-4fc9-a0e7-c7a76ffda275,678221e4-3e3f-4d5c-a93f-f1172342135d,aa5181a8-d70e-44eb-a486-b0061764eb2b,74c81d92-ac78-482b-aa86-47d8cabf57f4,8ee982ef-7f5e-4b8b-8302-3226a89cfcb5,897efe80-8cea-43bc-9eab-6b5b43293b0d,d5572c50-ab5f-4dff-9e7c-d9197b6537ff,8789d181-23cd-4246-99a3-d06f4f80b38c,e4f64b8d-6de5-4f69-9986-d2ec2eb2ed17,82133acc-a272-4292-9676-4229e1fe1d6f,3a1fc21b-73b4-41be-bb9f-dbfa8e034526;d4125a04-e665-499c-b253-a87da7798fc3;e71270d1-d648-42e8-b1cd-58315299e461;d4125a04-e665-499c-b253-a87da7798fc3;35f5806d-29bc-423b-a6d3-35514e20534a,b5938129-d8af-4106-8c14-1d023b3adb9a;5f2c3d88-0cd2-4a58-a909-17d9110f614f,90d825df-9be7-47e3-a39d-83a33ef35376;c29315d3-7743-480d-ba69-783e11af73bf;pl;93;3250020;;;/film/Autsajder-2018-803611;tt8739208;0;0;0;0;528;4368;612;357;195;195;195;0;0;0;0;0;0;0;0;0;0;0;0;0;0;2804;311;179;98;98;98;0;0;0;0;0;0;0;0;0;6450
137;abad62ee-9dbb-40aa-8e3d-18bd79e689e9;2012-03-28;2011-05-17;Ave;f0506edd-d123-41d3-ad36-1d31a8bb23b8;;4bb58fb2-20de-45bf-a110-66972e1df86b,d5dff114-3efb-4b62-b559-35761a215e3a,425477dc-7991-4f0b-9206-fd3372749da8,cc7120b5-b5be-4234-bfcf-a2528f9fb86c,8481589c-dc25-4378-87b6-99b9790e43d1,2ba67f2e-765a-4a98-84aa-ca0cbcdb4ca1,f5b1d482-23d9-462f-9654-5cb8da3f074c;c8e7c92e-f1a8-4f2c-9056-02f4adf0e053;1886bb61-6185-44b0-849b-ed26b23b5074;c8e7c92e-f1a8-4f2c-9056-02f4adf0e053,dc320609-5c7e-4c9e-8f66-c1ba96d8636e;b0eb2a86-26dd-4d52-95ce-c2defb965e58,ce63d20f-6919-4a61-ac99-1d5238590d57,2b6379b3-423a-4b54-af8b-58b1eea87d0a,c8e7c92e-f1a8-4f2c-9056-02f4adf0e053,92811cf6-7123-405f-9ad6-a2346883262d,3779bd75-ed3e-458a-a00c-b2eec9b2dd5d;2da2b1d0-8761-48cb-b904-16eb7a50094e,4113cd67-d378-463e-9aa3-3024ecc92b3e;;bg,en;88;2000000;;;/film/Ave-2011-633718;tt1833647;0;0;0;0;0;0;0;0;0;0;0;0;0;0;0;0;0;0;0;0;0;0;0;0;0;0;0;0;0;0;0;0;0;0;0;0;0;0;0;0;0
138;69b67ea0-ec70-4dcf-8863-4a2f466852d9;2016-02-19;2016-02-01;Ave, Cezar!;f0506edd-d123-41d3-ad36-1d31a8bb23b8,57366ac3-c349-4e55-ad5d-6f8061179e88;;a6d410fc-d547-4112-9841-dc4a5161558d,aa199581-b346-4e9a-9222-868ee88ae089,6b662d7a-5742-4bb5-acf6-c6fbae8936b0,9e95335c-f8b4-47e9-8d64-1f2d16057718,89fc2a7a-215a-4447-ad08-4cc2114aa32f,402ae433-688e-436e-8990-fb2672553dfd,eaff1f04-adef-49de-a419-aaa0f31d7ae3,c63b4aed-45d4-4e19-9aad-07c8eaf8f845,75296dbf-2ad4-4b11-973f-1ec55e779fe1,39103671-77ab-424a-900f-daaad64debe1,72748e42-a347-4444-bf52-69748e57dd76,46ce5dc0-08a3-445e-a35d-e0b0a408963f,4b4ba437-447d-402a-a968-1a54e19b75b4,489998f2-7f7f-4a35-9b4f-262a8fd48048,3621b223-d997-4073-a4dc-49dafa9fcb56,c411b91a-ee29-4a04-8dae-78dd069b7516,30b88cfc-d6c7-468c-a378-90597b6cb156,b5d70f09-6b8a-4ceb-95f3-d92fcb21f1be;094a7bd4-ca3c-467a-ab1a-b14d8a43fb20,2666f944-27d7-41f0-844b-f53bd811111b;f44346b1-d6b2-41b4-876f-1b6682aad3ab;2666f944-27d7-41f0-844b-f53bd811111b,094a7bd4-ca3c-467a-ab1a-b14d8a43fb20;094a7bd4-ca3c-467a-ab1a-b14d8a43fb20,2666f944-27d7-41f0-844b-f53bd811111b,d2990a1c-2804-42dc-a75e-34be0851bae9,8502a567-fcd9-40a6-931a-f0f1b8dc0105,923a1e9f-ce12-4ed9-980d-a5ebf8c18c47,2ad8d80a-2cea-47ae-b407-7a14882f0e99;620ef4bc-6df8-4d90-b1a2-b03208aa08e2,b1b7abd8-97bb-42ac-b171-332d285eee5d;dcbf781d-54a3-4734-9b69-a7e119d59fa5;en;106;22000000;;;/film/Ave%2C+Cezar-2016-711695;tt0475290;0;0;0;0;0;59271;25074;7316;3462;2147;1803;0;0;0;0;0;0;0;0;0;0;0;0;0;0;35038;15010;4247;2179;1245;902;0;0;0;0;0;0;0;0;0;99073
139;6fc8d3b7-a0a0-4f79-ba04-754552723e70;2012-05-11;2012-05-11;Avengers;d34b4e2c-74ce-42ab-b438-86fbbdcaee15,6a5af1f4-128c-4ca8-960d-3f0f36d29764;3,4,97;c18c498b-fd00-44cb-9386-7f21702b4d1f,88abc9d3-d50a-4354-9244-c875b227d34f,50f6d353-5e81-40b4-992c-95005ebf33be,d094664e-d4d1-4021-94cf-06d560daf401,89fc2a7a-215a-4447-ad08-4cc2114aa32f,440a1276-bf47-4ed9-8114-fd2c00bfbe2d,cfb361a3-db43-4c69-9837-2460df1370dd,989474df-fa69-4755-8b4d-c07b0d0f5020,149ef759-770f-4689-8a9d-60bfbfaeb1dd,bf0c0fc9-dfdc-4673-a12e-3b680f2237f8,f2cfb75a-c36e-4a14-b83d-499fb54e1406,0ebede71-0ef9-49f2-baaa-ef6db253a55b,e9fc151a-46f5-4e71-a85f-20712aa9d88a,19b26439-18fa-4719-8970-47de52a37d5e,c80fe774-ec05-4204-96af-e9f54387d764,a5d648e2-7e9d-438f-85d4-86d024da31c9,afad877a-cf27-49e7-a61d-61f355fd0727,7c3dca4b-c8c5-4319-a2cd-e7a5e955c504;41eb6e7a-2ab7-4213-90bb-24650c9569b4;34b67685-59b6-4f6e-b120-d5a4616fbe1c;41eb6e7a-2ab7-4213-90bb-24650c9569b4;690c8d35-df49-4344-94c6-208983b30a59,6361280d-17e4-4627-892d-e79004ee28eb,fc6aa06d-970a-46b9-8734-ec75f690085f,24114446-9433-4ecb-8193-c359caecc25c,e04961f0-78fd-4bbe-abc4-2b1dfec5f4b2,9e511223-604f-4fbf-ba5c-d2849b3a529f,e027918a-6cee-4a21-b068-831483d329b3,7f1737bd-e943-4cc6-bc26-2aa75618c592,84237554-a4b2-4ffc-b2c0-f5228ea03c48;8cbc7d22-78f8-4ccd-8bab-dddbba144ece,b563aeb2-600e-439c-8538-b999f097b65f;dcbf781d-54a3-4734-9b69-a7e119d59fa5;en,ru;142;220000000;;;/film/Avengers-2012-371515;tt0848228;0;0;0;0;0;208106;94278;54045;62360;21438;19600;0;0;0;0;0;0;0;0;0;0;0;0;0;0;125751;53376;27691;41370;11729;7917;0;0;0;0;0;0;0;0;0;459827
140;61f75ebf-debe-44c5-ab2c-8ee94712bbb1;2015-05-07;2015-04-13;Avengers: Czas Ultrona;d34b4e2c-74ce-42ab-b438-86fbbdcaee15,6a5af1f4-128c-4ca8-960d-3f0f36d29764;3,4,97;c18c498b-fd00-44cb-9386-7f21702b4d1f,d094664e-d4d1-4021-94cf-06d560daf401,50f6d353-5e81-40b4-992c-95005ebf33be,88abc9d3-d50a-4354-9244-c875b227d34f,89fc2a7a-215a-4447-ad08-4cc2114aa32f,440a1276-bf47-4ed9-8114-fd2c00bfbe2d,3529df7c-654a-4375-922b-d2cc55c6c565,f2cfb75a-c36e-4a14-b83d-499fb54e1406,2f345a80-f0ea-403c-ba74-e0d13d84f69f,57266c50-b027-4272-820c-b2d6c1a8c0a2,40e8cf17-f3d7-40c4-af85-9d0b72285e41,e9fc151a-46f5-4e71-a85f-20712aa9d88a,389b4815-9b0b-43ab-88b2-02bc5839dcf7,149ef759-770f-4689-8a9d-60bfbfaeb1dd,bd0fb7eb-efa9-43be-a1c2-c21659c7f7e2,0f745f2b-a6d8-4b78-aa39-853b6e020def,a8dda923-3316-4415-bedc-f1cf80ff4355,bf0c0fc9-dfdc-4673-a12e-3b680f2237f8;41eb6e7a-2ab7-4213-90bb-24650c9569b4;91706a73-a86c-42f4-814a-c5586e41903f;41eb6e7a-2ab7-4213-90bb-24650c9569b4;e027918a-6cee-4a21-b068-831483d329b3,7f1737bd-e943-4cc6-bc26-2aa75618c592,690c8d35-df49-4344-94c6-208983b30a59,84237554-a4b2-4ffc-b2c0-f5228ea03c48,6361280d-17e4-4627-892d-e79004ee28eb,23b95d07-7d68-4aa7-bb57-e9389850753e,24114446-9433-4ecb-8193-c359caecc25c,e04961f0-78fd-4bbe-abc4-2b1dfec5f4b2,9e511223-604f-4fbf-ba5c-d2849b3a529f,4311d462-bfc4-4f25-baf1-113025f828e5,88ef2cf9-1a76-4ec5-84af-ce3492440e4e,419f8d0f-b5d2-4fd2-a11d-765d1434608d,e2a2cef3-0155-4efe-9106-dd5b79c2bfff,87d0e0f9-ac9e-4bc1-89ec-74ba73f23885,eee1f8b0-b930-4de5-8e27-d4d541293ea9,28428b2a-d8b1-4e88-8946-10b836d5be4b,daef7a36-d427-4c75-9b52-8b5dde2a7d9f,843bb922-97e3-46be-8e49-8fa0419a11ff;8cbc7d22-78f8-4ccd-8bab-dddbba144ece;dcbf781d-54a3-4734-9b69-a7e119d59fa5;en,ko;141;250000000;;;/film/Avengers%3A+Czas+Ultrona-2015-637247;tt2395427;0;0;0;0;40008;319933;155263;72949;58788;20696;11356;0;0;0;0;0;0;0;0;0;0;0;0;0;0;213938;98077;44666;31493;11994;5649;0;0;0;0;0;0;0;0;0;678993
141;c14e5589-ba48-4574-9d91-208aafaac72c;2019-04-25;2019-04-10;Avengers: Koniec gry;d34b4e2c-74ce-42ab-b438-86fbbdcaee15,6a5af1f4-128c-4ca8-960d-3f0f36d29764;3,4,97;c18c498b-fd00-44cb-9386-7f21702b4d1f,88abc9d3-d50a-4354-9244-c875b227d34f,50f6d353-5e81-40b4-992c-95005ebf33be,d094664e-d4d1-4021-94cf-06d560daf401,89fc2a7a-215a-4447-ad08-4cc2114aa32f,440a1276-bf47-4ed9-8114-fd2c00bfbe2d,2f345a80-f0ea-403c-ba74-e0d13d84f69f,4c70bf37-396f-4c15-8266-b12ad2996e50,a7f862ef-a0f1-450d-819a-0aac2a64b700,dd9d5130-18ff-42f1-97ce-9f6c476aedd7,0a507fa8-c65a-4141-a911-8c8735b094e6,6a430bb6-57cc-4c64-a4e3-9166bc1cd990,91d23ebd-0cfa-41eb-acad-8106c52a9685,ddc74516-cdde-4f8b-9443-217672ff1f24,0b91e60e-db73-4143-b75f-e88b116e24f0,86cfa982-9d8c-4333-bdbb-87b87caf7fb6,67c5a989-cebc-4510-8919-ead495bb9bb5,40e8cf17-f3d7-40c4-af85-9d0b72285e41;fb6d83f1-ba16-4fa7-8052-28da038c4edb,9ceb2534-4166-42c4-9a10-83cf9ecbbd8f;91706a73-a86c-42f4-814a-c5586e41903f;7aa7dada-e031-464f-bcde-25d21c784389,ffbe27c0-0e44-4d92-9783-974b6d08c390;e027918a-6cee-4a21-b068-831483d329b3,a049ee93-ff8e-4c8f-b6b5-7b2e4e74af34,b26ef2bb-4959-4195-bb51-2726aa2315e7,7f1737bd-e943-4cc6-bc26-2aa75618c592,ffbe27c0-0e44-4d92-9783-974b6d08c390,7aa7dada-e031-464f-bcde-25d21c784389,690c8d35-df49-4344-94c6-208983b30a59,84237554-a4b2-4ffc-b2c0-f5228ea03c48,23b95d07-7d68-4aa7-bb57-e9389850753e,041577ca-21f1-4eb7-8135-eb769ea1573e,24114446-9433-4ecb-8193-c359caecc25c,9d77374b-3899-4e72-8bd9-d92c4cde2d47,88ef2cf9-1a76-4ec5-84af-ce3492440e4e,d7ed3441-9157-4c2f-bc5c-7e967612f70e,bc7c3983-84f0-47e4-96ba-298a65ba07a9,39a8813d-261a-4099-8569-43d7d59ddd60,5c3c03ce-6f61-48d3-8171-b094e460e3fd;8cbc7d22-78f8-4ccd-8bab-dddbba144ece,3c3fee43-f828-4c35-81d6-5bf009be4ca1;dcbf781d-54a3-4734-9b69-a7e119d59fa5;en,ja,xh,de;182;356000000;;;/film/Avengers%3A+Koniec+gry-2019-790542;tt4154796;0;0;0;0;266723;919940;332265;154617;80193;43519;34044;0;0;0;0;0;0;0;0;0;0;0;0;0;0;548204;232747;102937;52864;26307;23250;0;0;0;0;0;0;0;0;0;1831301
142;73e1bd20-df12-4908-ae1f-9359fad044ee;2017-03-24;2017-03-12;Azyl;36a330ff-bd5d-4a0e-b74c-8a0d4473b778,f0506edd-d123-41d3-ad36-1d31a8bb23b8;58,59;d339e4a0-f007-4c7e-b5e2-fe3dede3524a,1935e540-06a8-42b7-a765-73d19e743c44,fdfd99e0-a6d7-4684-b8e5-2d6725f38140,49532d18-6f68-44cf-99ef-85e152b0092a,a2a83307-976a-4b31-be59-9a6620ca06ff,4737378b-1480-43f5-ac43-f2f38ca99dda,bb06f5d1-158f-4f59-9f29-8e2c0fcd1473,1431dee8-3c48-401f-9ee5-c6900b37d64e,e48ada22-d71a-446f-b7ab-199f7b772a25,1ea664a9-0fef-418f-930e-7bcf7d5d0963,2190dd8d-c034-493f-947c-5f3357eabf1a,b18c88dc-5de8-4f4f-b512-dc403c2105c7,b02805be-5412-4bd3-82a6-6ab77d2277be,518bd6e2-e202-47d4-9de2-ed53f08205c7,4d7287dc-d0b3-4e61-94eb-4a267073c2cb,309a731f-14e2-4b44-9cb7-b532efc8d726;b9916074-c53f-4313-99fd-9e1d49d887f3;f44346b1-d6b2-41b4-876f-1b6682aad3ab;b696386d-e1bc-4d29-871a-4f185ea125ed;f55fc986-db8d-41df-aef8-de1be66e5b08,5706bf12-4c05-4846-b1cf-20a3174a0473,09289ee1-ad0c-4b11-9616-608a081ea47f,6c4e22e2-2215-4f54-96f7-ad0ba5af83e3,cd12d7ae-6ca2-45d2-ad5e-529cf179700d,f1a5ada5-a6ec-4ac2-baa9-af03ea90cf13,4c1d128f-6e57-4516-a6a3-9df778374665,5bcb8daa-d33a-41bb-8e6f-f472e46137d1,d339e4a0-f007-4c7e-b5e2-fe3dede3524a,db28bf6c-382b-41d3-bdf2-dc050f4fb791,4e94b180-40b0-4581-bff3-4e95b3b79d1c,df2a0015-adf3-409b-87f1-54db7446587a,d9590d74-3267-41c3-b561-e1c46537024a,4c000adc-31da-4a77-9d45-2d8b9bc6e284,676dca78-cc0a-46cd-bbd4-6e50db0bb702,bbafd3f0-457b-4b36-82c9-028bf49b4bcb;71ed426e-08e7-4324-8ba6-fd7f9c48a4df,2175c7d0-af81-4462-8ac5-128e3f40a25e,ab2cf37f-c1d6-409f-8684-d4b068287588;dcbf781d-54a3-4734-9b69-a7e119d59fa5;he,pl,en,de;126;20000000;;;/film/Azyl-2017-696637;tt1730768;0;0;0;0;0;58446;37895;29598;16229;18305;11193;0;0;0;0;0;0;0;0;0;0;0;0;0;0;30330;16744;14636;3060;9037;5343;0;0;0;0;0;0;0;0;0;171666
143;80c7cbff-6643-41a2-9bb9-84ec24104b09;2018-04-26;2018-04-23;Avengers: Wojna bez granic;d34b4e2c-74ce-42ab-b438-86fbbdcaee15,6a5af1f4-128c-4ca8-960d-3f0f36d29764;3,4,91,97;c18c498b-fd00-44cb-9386-7f21702b4d1f,d094664e-d4d1-4021-94cf-06d560daf401,50f6d353-5e81-40b4-992c-95005ebf33be,88abc9d3-d50a-4354-9244-c875b227d34f,89fc2a7a-215a-4447-ad08-4cc2114aa32f,0a507fa8-c65a-4141-a911-8c8735b094e6,2f345a80-f0ea-403c-ba74-e0d13d84f69f,91d23ebd-0cfa-41eb-acad-8106c52a9685,6a430bb6-57cc-4c64-a4e3-9166bc1cd990,ddc74516-cdde-4f8b-9443-217672ff1f24,dd9d5130-18ff-42f1-97ce-9f6c476aedd7,cfb361a3-db43-4c69-9837-2460df1370dd,e9fc151a-46f5-4e71-a85f-20712aa9d88a,40e8cf17-f3d7-40c4-af85-9d0b72285e41,bd0fb7eb-efa9-43be-a1c2-c21659c7f7e2,b79700e2-33dd-45e8-8e40-cb3d4ec61986,a8dda923-3316-4415-bedc-f1cf80ff4355,1fe6df99-a76f-4693-b41e-0722fa5314f4;fb6d83f1-ba16-4fa7-8052-28da038c4edb,9ceb2534-4166-42c4-9a10-83cf9ecbbd8f;91706a73-a86c-42f4-814a-c5586e41903f;7aa7dada-e031-464f-bcde-25d21c784389,ffbe27c0-0e44-4d92-9783-974b6d08c390;e027918a-6cee-4a21-b068-831483d329b3,a049ee93-ff8e-4c8f-b6b5-7b2e4e74af34,b26ef2bb-4959-4195-bb51-2726aa2315e7,7f1737bd-e943-4cc6-bc26-2aa75618c592,690c8d35-df49-4344-94c6-208983b30a59,84237554-a4b2-4ffc-b2c0-f5228ea03c48,23b95d07-7d68-4aa7-bb57-e9389850753e,041577ca-21f1-4eb7-8135-eb769ea1573e,24114446-9433-4ecb-8193-c359caecc25c,9d77374b-3899-4e72-8bd9-d92c4cde2d47,88ef2cf9-1a76-4ec5-84af-ce3492440e4e,d7ed3441-9157-4c2f-bc5c-7e967612f70e,bc7c3983-84f0-47e4-96ba-298a65ba07a9,39a8813d-261a-4099-8569-43d7d59ddd60,366a3db3-2c22-4d89-a07f-d9810fd78e5a,c59e1b72-eb4b-4bf4-89ed-1e5c5703b218,d17157e5-aa28-4cf7-be2c-db5dae1b6d5b;8cbc7d22-78f8-4ccd-8bab-dddbba144ece;dcbf781d-54a3-4734-9b69-a7e119d59fa5;en;149;300000000;;;/film/Avengers%3A+Wojna+bez+granic-2018-693758;tt4154756;0;0;0;0;116333;552934;239428;139686;74464;36434;26920;0;0;0;0;0;0;0;0;0;0;0;0;0;0;271279;141264;84579;47315;18572;18004;0;0;0;0;0;0;0;0;0;1186199
144;226afa8a-f04b-4145-a1bf-56c3bdca9204;2016-09-02;2016-05-16;Aż do piekła;f0506edd-d123-41d3-ad36-1d31a8bb23b8,c8692873-ebae-4261-a833-4378ab4e126b;;2fae8a40-8522-4a04-9dc9-6fa93e9a65be,ba5e587e-6453-4088-b1e5-72042f48a62b,2cf297e0-cec6-45ff-b70d-995d7333e5c8,5b5d8306-625e-4b5e-a452-feb67575fa87,356e9fd7-7579-4bd6-9a5f-00bdc0829059,a4251396-ba7b-42eb-824a-9ec7fe086298,69e46f42-abe0-4748-aa25-c56a47fcec1e,dbe99424-891b-4773-8c16-2d5430def454;479becef-bd6d-47cf-a0cd-076e7bfe9c9e;e71270d1-d648-42e8-b1cd-58315299e461;dc19ade9-a778-45b8-adc9-710c297f8b50;b4d86764-8be2-4c34-bc92-0d8837930ba2,962f9559-ccbc-4bd7-b603-65174510bd02,d01a2b69-181e-4ffb-a1db-b3f12f83b094,db8025eb-0492-4810-a862-41e60920004d,94626bc2-cacd-4614-bdef-bd9798efe027,e1491e69-df5f-4499-9c73-c23456d27777,ea48e0fd-3313-4036-9e7c-9ca07a2b2426,fabf7bc1-4da6-4ceb-a4cb-8171116fa3dc,d8eb4117-fe51-4109-9a93-95a56c89f905,4ccac750-902f-4cc9-8f67-ff8b9fa2b0a2,9adfc40f-c746-433e-b7a5-c2d68c8cce31,bd800388-d4c3-43d0-a9d5-92e6675a74ba,e28999a7-d009-49f0-bcfb-36e705a9d4ba,a4d97950-3f4e-4024-a886-1b04ae01b4c8,3bb31e58-cac0-4a74-97c2-54796dc31f42;6e73a38f-e640-4fb5-9b17-bab8a7a5d24c,dcb7b26a-87ab-4ee9-a693-b9a48eb293bb,3a9caa48-ad0e-40e0-b23f-494b75e959d9,2f8818bd-79a5-4b53-9511-cad77a86a5f8,0f8216d1-4d1c-4f98-99de-c0527a484d96;dcbf781d-54a3-4734-9b69-a7e119d59fa5;;102;12000000;;;/film/A%C5%BC+do+piek%C5%82a-2016-741821;;0;0;0;0;0;3482;2910;1133;1132;1132;444;0;0;0;0;0;0;0;0;0;0;0;0;0;0;1723;1377;567;566;566;222;0;0;0;0;0;0;0;0;0;10233
145;d77870b1-39a3-4823-a327-9a9cad0d7e51;2010-10-22;2009-09-12;Aż po grób;f0506edd-d123-41d3-ad36-1d31a8bb23b8,31d18fc1-07ae-4864-ba58-d61a70c8480d;;c595d33c-f2da-454e-a94c-2c0ac0d4526e,3fd39e86-6b43-408a-8f6f-e7fd184daef5,5b9fd3e9-b414-40f6-a510-43fc245d874d,3792c78e-9517-463e-8512-4f635b42d5f2,c50adc4b-332a-4416-9cbe-24a8dfe01945,31783c06-b205-4996-81bb-8eb43b987cee,0726c8af-e1f1-49cb-8f66-d2bb610fb9b8,cfb76c17-759d-47b8-bf80-a92fae95b117,23097a28-a422-4ab0-9a6c-8df8d684ac14,fc03c288-141d-483e-8d4e-e8aca438e4d0,878224a2-c587-499f-9666-aba668d425e5,60f9f745-3283-4775-a5c9-ef349adf321e,196e1507-6b78-45cc-b8b0-c1ecb38b3bfc,41f6e708-45f2-4d95-93bc-41e971b2d773,87efd5f2-7920-48bd-bf65-2b1b9d7cc807,6916a959-c13d-4ec4-b57c-1ab72fe5fc6e,ee9826fd-6913-460c-b533-271ff6dd169d;8bd8ef87-d8b9-48ee-ac9a-23dd1d5e06cd;6f1e0b01-00d1-4844-9c68-e9d65479cb3d;5ee893ff-c4d3-4d03-a062-90cbd8dd301a,ad7cb92f-5c54-4620-95dc-8ba5bcb79f5f;c595d33c-f2da-454e-a94c-2c0ac0d4526e,e09ccb93-1d8d-47b5-9491-a9b7cf2b2637,a695c8eb-51e8-4995-82d8-861539521d9a,5ebad6a6-2312-41e0-bc36-250466745bfa,82ec295f-2ce5-4413-9c19-a6758fa3b7f4,77194236-0e85-4a72-9a6a-0a022807283c,edad7b9b-c535-41b7-bbb4-9bd7783fd248,ad7cb92f-5c54-4620-95dc-8ba5bcb79f5f,03b48509-6526-4e97-adc8-f59f1dba460b,daf8b4b0-e942-43ad-b105-912b95824fb2,196e1507-6b78-45cc-b8b0-c1ecb38b3bfc,5ee893ff-c4d3-4d03-a062-90cbd8dd301a,36a1d1a2-1ce2-4381-9a90-fce63890850f,40f357bd-1ffb-4066-b28c-6f5aa4216c14,b76195d3-5ee1-49bc-b85b-d67dae532d5b,24e4d198-a1d1-4a49-8c22-1d48fb5c5b07,02f8f87e-65e7-424d-9ccc-305d2c18ca08,d77edc42-a8a7-4d5c-ad2d-9e829cf06944,1ae64ec9-440f-4295-a0a7-71360b71a794,7ed4eb7b-a42c-47cf-bd52-0268565fea3d,e56df33f-9a43-4d20-8933-0579a078c144,7717ba44-63f4-4d1a-bf96-a18c93d6674e,19870268-e477-4fcd-9ab2-9b0922ccf272;043e0f74-5d72-495b-b48c-85b4295ebca1,f46ef0bd-cd31-42e6-a21f-31485505b0a5,777414cf-684d-4306-96ad-e08cc94c5db6,d37cd017-70a2-4078-b0b4-92d227e232c1,b0a8f3b4-ce92-4a0d-b482-8fe195db88ff,4a211773-11e4-4fe5-972f-bada7317a8e1;dcbf781d-54a3-4734-9b69-a7e119d59fa5,6614b794-9b07-4de2-837e-3aba6098ec7a,c29315d3-7743-480d-ba69-783e11af73bf;en;100;7000000;;;/film/A%C5%BC+po+gr%C3%B3b-2009-479270;tt1194263;0;0;0;0;655;14413;20015;15833;9150;3680;900;0;0;0;0;0;0;0;0;0;0;0;0;0;0;8453;9795;9404;6833;2228;550;0;0;0;0;0;0;0;0;0;64646
146;a4417e3f-552a-4ea6-a896-ed75c61a385e;2014-05-30;2014-01-17;Babadook;d31939d6-e42e-40f4-8e25-f18e47a1e035;90;1d8f7968-ab51-453b-a43e-720ec69d8207,de3bfb21-a186-4eb7-9f65-2877279a5083,e53bfa44-7637-4234-9091-1819e26ddf65,744a339a-d7f1-4002-a60f-89eb0b5ccc01,42e6489a-fc75-4527-9109-61d5e5720895,1a183008-947e-403a-812c-7032afc029d9,345bbe2a-6e0a-4f78-9985-8ab8e842ae4f,26ceccef-dc66-4500-8c0e-11c7baa51b2d,0329cf90-4ad4-4318-8fb5-a65503f4ffe1,9d181571-1453-4933-85cb-f27f94cbe67f,c45f1c53-a272-48fc-959e-ef90845ad0a7,01cc7ba3-afdb-42bc-b65b-2aa4dccc93a4,93881689-40b5-4974-be5f-705733e61773,8ac8c614-0f3d-47c9-8cd6-5d228aa6f22b,c99fb25c-54ec-470a-9255-bbdec9dfaed4,6c547f56-ff05-4165-8ced-c9bc8e16d041,fe9a1882-2bd5-4e03-9742-436378827463,36390d0f-f001-41e8-9260-e6af0b5a56e9;dfa3adbc-dc4f-4779-82c9-309f749242c8;43f94a4d-076d-49a9-8d94-b44243057ea8;dfa3adbc-dc4f-4779-82c9-309f749242c8;a07dabbb-1ab6-4dfa-a3a0-6c8a577ee3b3,8ced99af-5076-48df-9066-8539ac59a614,b40f0f2d-d3cc-44c4-ae0e-31d11293d344,9fba2ac2-e48c-4e01-bc36-9ced160abac1,9aeb9b69-8d4e-47e9-b495-c62941abc5c2,2628941d-0552-4c22-88a6-76a975e9448f,ec97f1d2-5c24-44e8-a31d-3723635a2d7b,5aaeb4ad-f1a8-40da-b107-724ad22571e1;4a334bed-9ee6-456b-b3a5-89346d945e96,fdc2a374-9a2b-4876-a9bb-180edaf03dff;7bc66e23-af7a-4d1d-a72b-b745f9c430d4;en;92;4000000;;;/film/Babadook-2014-676364;tt2321549;0;0;0;0;0;6303;3014;1330;940;434;69;0;0;0;0;0;0;0;0;0;0;0;0;0;0;3502;1454;844;419;142;35;0;0;0;0;0;0;0;0;0;12090
147;6987e80c-3228-4a08-996f-6d86b4183f17;2017-08-04;2017-05-10;BABSKIE WAKACJE;57366ac3-c349-4e55-ad5d-6f8061179e88;;1b45b57a-77ba-4ce1-8a67-54d25f5e70c0,16975127-78b8-4eb8-92c2-b95339d45f5a,cebd4c16-f7e9-463f-a1a9-7f6cb284350e,8c77a78a-4034-4951-8f72-767362cf2857,e20adc4c-3b59-404e-b418-5f81c80c9142,afc2470c-2a17-4ef6-83db-fd249b123b85,fbaeaa49-4150-42d0-94c1-0e0f5f4cd6e7,b3716948-547f-4c72-b011-ce19d840ee2d;65a13b26-508f-4618-b1e7-c635f7ecfd69;f8c298fc-ffb3-4397-9e1b-d709aee89d2a;e73119bb-c432-4c97-9782-a8292201c450;866e7ff8-058a-47b4-8bff-f4eaa9ee3253,ade7c86b-9c42-47b7-afbf-956250e9f45c,208f6b3c-9ea4-4e3f-ab7f-c7e3b6fdf499,a867ae02-7c94-4e7d-9306-964e5723677e,209b5880-4177-4e75-9a78-1602f6492408,098f3cea-51c9-4952-bc66-fee4ddcdf46e,0e480495-7816-4723-aa8e-40d3b37aed06;7deb7014-5287-4dc4-b8fc-d6a599cb9a99,c87bffa4-c864-46ee-a6d1-393fb3913582,a559fb59-a6ca-44a2-b246-c9daad2cab7a;dcbf781d-54a3-4734-9b69-a7e119d59fa5;;90;42000000;;;/film/Babskie+wakacje-2017-760962;;0;0;0;0;0;35900;23619;6116;3371;1169;147;0;0;0;0;0;0;0;0;0;0;0;0;0;0;17259;11682;3210;1596;806;74;0;0;0;0;0;0;0;0;0;70322
148;4c16b863-e048-49fe-ab59-7ccf69339e7e;2016-06-03;2015-09-03;Baby Bump;f0506edd-d123-41d3-ad36-1d31a8bb23b8,0d7e73af-e2d4-4932-8536-d406d82624b0;;fd11b525-e374-466d-b7a5-24e763374129,14bf079a-977a-453e-9a9e-d9d6e1f0c9a3,5d83ccea-ca0c-4f14-9d56-6c9e20a79665,d1f27018-4f80-46fa-86e7-72f35453d474,d016343f-171d-4bb7-86f3-39262a717bd1,6ffc1240-fadd-4bc2-973b-0c59bb68004d,e11b51ce-aa7a-46f3-aaae-03c25c61ee88,8ad0c576-d6af-4169-92c4-29ba6033ad78,07c19734-add5-49bc-b771-188de3b9c579,f5fa264f-72d0-474e-a4e4-9a2f5b86cdad;773b4920-9fa9-4dd5-b937-3c96fc1be550;18089f39-d945-4c89-bf41-11e60a44b284;773b4920-9fa9-4dd5-b937-3c96fc1be550;3d23b8d0-fc14-4e81-949e-8f029ef06f9b,67672ad6-96ab-4d04-b323-bad08e4283f3,1e98a770-10d8-43d4-88a3-1aa6a38c60ee;571e8491-78b1-4230-8967-703bbad04a30;c29315d3-7743-480d-ba69-783e11af73bf;pl,en;89;1000000;;;/film/Baby+Bump-2015-741353;tt5028892;0;0;0;0;0;2251;1288;678;182;183;132;0;0;0;0;0;0;0;0;0;0;0;0;0;0;1008;549;243;64;96;79;0;0;0;0;0;0;0;0;0;4714
149;0812ea65-3e8e-4d09-a315-dc845ef0831c;2017-07-07;2017-03-11;Baby Driver;57366ac3-c349-4e55-ad5d-6f8061179e88,d34b4e2c-74ce-42ab-b438-86fbbdcaee15;54;97cb93ea-167c-4e17-a618-d584591ea1a8,42ab5d1a-29eb-4b1f-9ec2-c3d6fd3d3ab3,4ed9ce99-ccf6-4fc6-b33c-53edbe99380b,7bf53aa6-5a72-4ff9-89c9-cde851415a9b,cc77b0dd-28ea-4102-96c8-b6b5db93a3ac,23e37caa-b093-483b-b1f3-dd4142c9581c,209a5df8-840e-4d1d-a950-edb18284d7fd,2b625956-417f-46c4-813c-9e4cbc0858ff,de02e80b-9fe9-4977-aa76-4f730843f10c,a20f1780-e120-44de-8773-4c968d7bd108,247c3d71-94c6-41eb-a8c3-d394544d7af1,279f8f80-2d76-44e7-bed1-123e4ddd410a,b8ea5512-688e-4bae-9b5d-09669ff816ac,b9c81be8-cac0-4921-b971-c90e97ec5310,b8c7969e-2580-4dd7-be07-6cb0b65e0e98,6908118f-e12f-4f53-9221-9655b76209b6,a1ecd56a-99c9-4839-ad26-4c0844db6145,6d27d43a-e0c0-4a4d-9033-6df254cc72e0;d14ae4e1-bab9-49ac-9b22-68539b061ecb;f44346b1-d6b2-41b4-876f-1b6682aad3ab;d14ae4e1-bab9-49ac-9b22-68539b061ecb;d2990a1c-2804-42dc-a75e-34be0851bae9,15dcf0dc-df43-4c89-804d-faa02c70aa1c,8502a567-fcd9-40a6-931a-f0f1b8dc0105,8a266bc0-efac-4eab-ac46-05137f6a0b43,8300787d-34e2-480b-96c8-d209cc51e5e2,d14ae4e1-bab9-49ac-9b22-68539b061ecb,586c2797-34a5-4343-8e00-f2ca739ade6a,51c89425-afaa-4b2f-9e79-d8c29adc9cbf,843f3653-45db-4cb6-a7ef-67b7077d4329,8232471e-687e-4c02-9c47-a6242b56a4f7,6de41749-1ca5-4aa0-9d1a-3dbe725cc919;ed15c163-8aba-4371-bb6e-0af8962f84c9,39018053-b5f7-4b18-bb59-85ea3c4c54ee,b1b7abd8-97bb-42ac-b171-332d285eee5d,4dafa085-d85e-4a74-a873-877952320cb0,c0f84541-3c0c-49bf-9203-e3bc17d468bf;dcbf781d-54a3-4734-9b69-a7e119d59fa5;en,ase;113;34000000;;;/film/Baby+Driver-2017-736411;tt3890160;0;0;0;0;0;86433;52043;35935;26111;9968;7601;0;0;0;0;0;0;0;0;0;0;0;0;0;0;42827;24664;14668;12456;4571;3494;0;0;0;0;0;0;0;0;0;218091
150;43d6d877-ac74-45c4-b24c-df9e17d8b221;2011-10-14;2011-10-14;Baby są jakieś inne;f0506edd-d123-41d3-ad36-1d31a8bb23b8,57366ac3-c349-4e55-ad5d-6f8061179e88;;5f8960ed-bea2-42aa-8ad0-282ecf7b8dea,bc3a6304-6e1f-4208-a1a4-e494e74dbc28,935b5cfc-b75b-4d73-a2d9-ce1249aa91b3,42616f4a-586d-4c67-94cd-7a3e19db02a9,31798e77-b49c-4ac7-a1d1-8c2fa699a08e,8310b885-19cb-4a53-82d5-5ac49dd6acfb,0fb15f57-4c71-41a8-9e34-b8f3ddef4593,15aa0896-6b86-444a-83c6-e607217f233b,6ea91802-1176-4bf8-aedc-d6c2682cd887;a6e99941-378e-46bd-93b6-dff4672cd84a;e71270d1-d648-42e8-b1cd-58315299e461;a6e99941-378e-46bd-93b6-dff4672cd84a;27e7416b-fa76-4f0f-9074-3e818aae5a3f,3a281e78-cf5d-4613-aa53-c321a1076d5d,c64678bb-8aca-4f27-9ad9-d946fd78fb43,f0d01ada-cc23-431f-91fd-318e6fcd75e4,687a206a-8503-41bf-9456-e81156316adc,2cc8d54b-6bed-4635-80a6-b848fb5e906d;1c6a5745-8e0e-45cd-a3ba-86948a7d23fb,6192772e-9e86-43c0-b5e2-f7ff95ae6da2,2837240e-3761-4366-96b0-5dc46f57b724,5f2c3d88-0cd2-4a58-a909-17d9110f614f,47b8b7ee-4da1-49e0-979f-42a4329064cb;c29315d3-7743-480d-ba69-783e11af73bf;pl;90;4600000;;;/film/Baby+s%C4%85+jakie%C5%9B+inne-2011-583704;tt1807958;0;0;0;0;1346;388944;217487;113924;43531;36147;10066;0;0;0;0;0;0;0;0;0;0;0;0;0;0;263727;154670;76706;31071;29522;6170;0;0;0;0;0;0;0;0;0;811445
151;5f870b16-b822-46e0-b0a8-8dc58c641f21;2020-08-07;2019-09-04;Babyteeth;f0506edd-d123-41d3-ad36-1d31a8bb23b8,57366ac3-c349-4e55-ad5d-6f8061179e88;59;aeb8b410-b3ce-4549-9478-e8a4b2196e6c,d138f0d2-c79b-4c45-83b6-b1fa6b4ce4f9,fc8b85be-c50d-40cc-bee7-cc6731f4c742,7d644145-2450-41f5-a12a-a79915e528fd,1d8f7968-ab51-453b-a43e-720ec69d8207,8d81371f-3aa5-4771-87f8-d0f0090d1147,6d314f9b-e1b2-472c-993c-495cc74c789b,2f9d90aa-127c-451b-a436-61b78ead370f,6e39769f-202e-4779-b777-5f008bd4b38c,a6fc90b0-e6f4-4f03-b2c6-856bc8164cd7,5f50f4a6-690d-4855-913e-36e5c7087ad5,cc114cfe-a912-4f60-98ec-87a966a5da7e,6a42602f-9c7e-424e-b3f5-37e2ee089b93,c9cf54ee-0d3a-4554-85cd-f946c28ad67c,0329afc5-bb20-4987-8f43-73eaa865e836,c11e187e-4ea5-4d51-b09c-cda0597a97b8,7186aecc-9248-4d81-bc67-1c0fd8416234,c3c1b368-cf2c-44b1-8731-430bf0365fa7;fbd8f968-9f36-47e5-a6cb-e4d6c05b8595;2469ba5d-8a2c-4349-b38d-227be4d8eb2b;90a64d42-0923-4c6a-bdc2-9de5fb91db29;a07dabbb-1ab6-4dfa-a3a0-6c8a577ee3b3,b5ccdb1a-f9eb-4529-92d8-6376962e10e5,c445f17b-56a3-4642-86d3-1cf28fa8fe4c;b0708d12-5072-4227-9be7-0cd53d3ae569,196735c8-cb73-4c3c-b8b6-aefdaac15376;7bc66e23-af7a-4d1d-a72b-b745f9c430d4,dcbf781d-54a3-4734-9b69-a7e119d59fa5;en;116;2000000;;;/film/Babyteeth-2019-836375;tt8399664;0;0;0;0;390;7473;4543;2776;1275;609;501;0;0;0;0;0;0;0;0;0;0;0;0;0;0;4027;1790;1381;545;236;116;0;0;0;0;0;0;0;0;0;17567
152;e7cd3a12-3393-45ad-856a-a114f30efa1d;2012-05-18;2011-10-07;Babycall;1db1ac18-a83d-4645-9cb7-3c60a03012ba;;db4f0148-bde6-459c-a68d-d3911f7447f5,7e99891e-76ac-4315-8629-00ef0cd622f5,e3ab5dc8-3868-4136-88dd-d8358d036d57,44828b3a-a77d-44b6-a576-bda886f8c047,deab0579-6a92-4dc7-8e38-d1e17e697f72,df0047a1-e854-4f86-a344-eaf6bb29fea7,a29fd9f6-03ad-407b-bac4-adb5c525bbfd,32f87be5-b7c2-499c-a476-e4d97aa2b249,deaaa40d-4d99-4f4f-9d69-b0cbbf6b1409,bbe24549-2939-4f16-aca6-a9f1f446d3eb,0e3b2097-034e-4fea-a931-abcd79399e07,39c79bda-a429-4bf7-ab22-e6320d934f01,2f114e4c-42e5-485c-ae9b-06ce52a42151,d9a49051-08e0-4029-b4a8-95a181caab4c,0f1217f3-8a4e-49fb-ae8f-084f9b601ccd,cae54c4b-6224-4883-b07a-af0f0ea581b6,c37d0002-614e-4078-8a16-80fb4fb7d093;836ad078-4538-4e5f-9631-4dc9744fb30d;1886bb61-6185-44b0-849b-ed26b23b5074;836ad078-4538-4e5f-9631-4dc9744fb30d;23ae1087-53c5-4145-bb5d-b3e4399c8aaf,ca994600-e7b1-4a92-b8bf-74324c1089fe,836ad078-4538-4e5f-9631-4dc9744fb30d,961f70c7-ff1d-4759-9539-aff3e43715ef,102f671e-3cb5-4952-84e8-d992c1617c6f,82a62404-7534-44b2-b987-1cf61f49e99e,8a20f6aa-0a83-4dca-893a-1549e7f9a05f,18921d3a-7513-4f03-9b21-bfacd049cca5,f5d65632-031a-4308-a428-da20ad22b919,807a6bc2-125a-4a40-845b-c74924c009f8,0cfe9c24-13ac-4461-a030-5d66a4f578f9,25e415be-f823-41da-976e-8c3ea0d8fc2c;5539a3db-e861-44d6-b4f5-ef954200d972,25833169-54b6-49da-94fd-2ff9100c4154,0765e8fe-7ec4-4386-8f4c-bc4303de59f0;6614b794-9b07-4de2-837e-3aba6098ec7a;no,sv,en;100;1000000;;;/film/Babycall-2011-563444;tt1595833;0;0;0;0;0;999;141;65;126;63;36;0;0;0;0;0;0;0;0;0;0;0;0;0;0;853;73;35;20;0;19;0;0;0;0;0;0;0;0;0;1430
153;9361565d-cf1b-462a-9562-f6441a363ee0;2013-03-15;2013-03-15;Baczyński;36a330ff-bd5d-4a0e-b74c-8a0d4473b778,a036941e-bf60-4db7-9b9b-f9842e3f8d72,9e2c79c6-3240-4c6a-b615-0e9b3786fbe3;;c98016de-d916-4f27-9c07-57f725ee0bbd,bd4c9460-4bf7-4274-a330-86e93450e928,a636a13f-c773-41ac-b8e9-fae1894e9284,514d4998-9e24-4dc2-acfc-ed9bc57bde84,b690aa1a-210f-435e-a448-7ae22340ecf9,566c24e3-6fee-4996-a99a-a9b03d7e6d2d,75238d50-1841-4456-898c-96011c0a73ed,5c61179e-d211-47a1-b2fb-f2e88ea907de,73287020-088c-4536-a7cc-9569d1d2064c,adda746b-2a75-41ef-8e4b-7f8d27387757,47ac59ee-6af0-4810-a451-2d2c7427ddbd,31b2e2ea-b3cc-4771-8607-a303565e43f3;eb8af44b-c8af-4ef8-851d-9c3f7d01db61;25f89c98-035d-4f82-8cd7-87af356947ca;eb8af44b-c8af-4ef8-851d-9c3f7d01db61;543d09e8-0c88-4cb6-9056-b88ca1f38383,95b01044-3bec-4c83-861e-c8cba5ea1d5d,bebacf6c-b16b-4cd0-812b-e479824d2083,509d36bd-e8b1-43e8-9a8e-45872852df90,b8d3a078-34f4-4c00-9027-5b677d758b59;41acb6b6-1d2e-408a-8d39-aad12443e9ef,5f2c3d88-0cd2-4a58-a909-17d9110f614f;c29315d3-7743-480d-ba69-783e11af73bf;pl;70;1000000;;;/film/Baczy%C5%84ski-2013-638081;tt2768896;0;0;0;0;0;27743;31266;2273;9237;5631;3372;0;0;0;0;0;0;0;0;0;0;0;0;0;0;12311;14470;494;5875;3295;1792;0;0;0;0;0;0;0;0;0;79522
154;3bc9e19a-3923-47d7-9276-43443927e056;2020-02-21;2020-02-18;Bad Boy;a581770b-f192-41bc-85b5-dfb77b57a612;65;e824caef-d5ae-47f7-ac7c-aa9ad00b287f,d9656a4c-69b1-4288-bf54-a5d5c0be9b54,c98016de-d916-4f27-9c07-57f725ee0bbd,c33de575-8ee5-4280-9166-6940f4cb0b09,b46f5ae6-fcd0-4ea6-a50c-54386ed3ad34,9c24dba9-b340-4243-a4d6-1a86e0d8b050,53c874d9-0ea7-4ee7-a41f-ca6a8deddffc,fb9092d7-2bc5-48b1-a174-24e19ed41ca8;bf80256f-a773-4a03-ad02-5a6b92382502;e71270d1-d648-42e8-b1cd-58315299e461;8287894e-9b4d-4baa-9aa3-ff19ee92615e,bf80256f-a773-4a03-ad02-5a6b92382502;bf80256f-a773-4a03-ad02-5a6b92382502,6838e268-75ff-40f8-a1c9-a9f779d48da5;b670b9cf-316d-4707-934a-aa8bdac3440e;c29315d3-7743-480d-ba69-783e11af73bf;en;110;4000000;;;/film/Bad+Boy-2020-846162;tt8835516;0;0;0;0;7323;222354;118708;47969;0;0;0;0;0;0;0;0;0;0;0;0;0;0;0;0;0;155627;85758;38376;0;0;0;0;0;0;0;0;0;0;0;0;396354
155;1a28419c-e58e-47e7-83c1-e73618564973;2020-01-24;2020-01-07;Bad Boys for Life;a581770b-f192-41bc-85b5-dfb77b57a612;22,52,166;3555b0c6-b7a2-45a4-851a-8ffe675a5e87,83cd36e3-71c5-439a-bbe4-c9e135ccc130,0595c73a-e33c-46fd-8457-de7470b0a4b3,59e6d445-fdc1-4ba9-8fb7-dad56262879c,6fd3cdd5-b8c8-4067-96c9-18c891d82eb7,cbe7f3da-1311-40cf-95e5-9471317dc24a,47b21073-c401-4451-888b-170a21266434,a462daee-b136-40d3-8b80-cde8d174e02f,e23b31ab-e048-4cbe-bfa1-5bff555ddcf9,436a14a8-c103-4549-97d6-099ee1d9a4fb,cd280fd3-92f3-4500-b8f6-e15d75f2bbe2,6021889e-b2ef-4ef4-910f-ce3ca5736b5c,21a4bb6f-a5e4-4e8e-a665-7f223844ce11,f7391f6b-970b-4ce0-8b31-2fd3e5f8b673,f285021b-6ab3-4872-a8de-f2d54d2b123e,cd0d2c3e-b2bb-42e4-af81-a5cc45bc2214,99438e15-3255-4c23-be77-16902297320c,0c03b719-87cd-418c-a211-902dabb67828;a18a9f0d-5b5d-4109-a925-5c45372591f8,73c9be23-667e-4d92-9162-f64d40633794;f44346b1-d6b2-41b4-876f-1b6682aad3ab;2df9e6c6-3bca-4279-8d82-2da292b8adc5,dbf73fc4-9a9c-45d0-8e96-1fe81666d0e1,af7391df-53e4-4e7a-90c2-76bc0c8774e1;3555b0c6-b7a2-45a4-851a-8ffe675a5e87,c9c879cf-6511-40bb-9e6b-1828af46409b,3969439d-a58e-49f1-a392-04be93df6515,7d82685e-5d81-4c5a-bde8-bb41d97165ed,391aa8b1-c857-4e42-ab00-8c15e666c788,7ec96d29-4eae-4aea-a3c0-6ce786ff707b,9fd32dde-8cb1-42b3-8111-9b7733c5e3b2,ef077846-3936-45d9-82c0-891a5c86b1b1,54101df6-4aeb-4c08-9a8d-30619eed88ab,4c518132-be17-4f6f-ab7d-d327f8ce4241,1b41cb2a-98fc-4efa-bc40-c516132f4d36;226bcf6d-8cdd-4700-b0c4-d629c8ebf5ba,fe6e05b8-42ad-4515-a0d0-fb3d7913b690,68decbc5-506c-4bbf-94bc-35e4aff22007,517128a3-7b6a-4be4-bfc9-496e16269140;dcbf781d-54a3-4734-9b69-a7e119d59fa5;en,es;124;90000000;;;/film/Bad+Boys+for+Life-2020-539161;tt1502397;0;0;0;0;0;93819;63797;33775;13510;10208;8646;6052;4237;0;0;0;0;0;0;0;0;0;0;0;0;62546;37528;18764;7506;6004;4804;3362;2354;0;0;0;0;0;0;0;234044
156;a7c40424-edcc-45f7-8b3a-4690e5307fe9;2017-01-20;2016-11-30;BALERINA;4fc66943-7c2c-4e0c-a93f-8f7abb752c8c,57366ac3-c349-4e55-ad5d-6f8061179e88;63;0c3e49a1-9c0f-4cd6-8c3f-c60808524902,8c64af22-c8c8-498b-9c01-3eb0567ea521,2a4bb9a0-015e-4b3d-8e1f-5c0af7b61003,a01e983e-0d59-46fc-8242-5c74448f3c3b,142cfe8d-4516-4521-a62f-b2f3b0c414de,ccf87e3a-a709-4310-8640-bc669bcf68b4,3402dbde-d9b1-48ca-9985-c4eb8db70c59,f8d21896-f558-471a-8ca8-22f8ed74e7b3;36e4446b-313b-4803-896e-d9ffd5c8ee67,94a8423a-93f2-41fc-a876-f8794a851020;6dc7f7ed-6e1c-485f-ace0-6547ecb1abd2;c8769352-b25a-4403-a00a-0bd42c27c588,77d2cac9-dc18-41c1-9a55-46ffe17d81ee,36e4446b-313b-4803-896e-d9ffd5c8ee67;77d2cac9-dc18-41c1-9a55-46ffe17d81ee,028f9d4a-069a-441f-9822-8b2f8c8621d3,ab290e5e-f896-453e-9110-a9c0518f53be,9e3d37ce-8c01-4a4b-8791-1dca9c7b51f4,7eec1626-7b1e-4ce2-bb45-7e9f8a376c83,932ba885-3602-4298-bb42-fad4efcd4239,c47f66af-ee3b-4bbc-a1c2-5460418649a8;9604f6d7-a184-454b-b49d-70daadfbab8e,3a9bbbc9-04a6-4f0f-bae4-0a2fd1844870,3b38a651-249f-4039-a00a-69314a7e79ec,85b0c869-66fc-4018-ae24-cc9f833e9a2c,06c25fa6-6664-45b6-94b7-bf8faec9b70b,08dca5da-1820-4128-a301-87b4f6a9b9e8,a5d26169-387c-41c5-abb7-45eef813e396,56c86192-aec7-4954-8d36-f18b6d2433bb,a9d33873-7125-4f5c-a758-4667ae250347,f5d2215d-64f5-4b5a-b8bd-6b9f9aca8ecc,120abf9a-5923-4933-ac12-dc5fc9ab697d,a99ef5bf-b235-465b-b4d4-542765c69665,a287b21c-b6e2-41a7-b81d-b2a3134dc302;51d9043b-068a-4a31-a0fb-74719a5a6a11;;90;30000000;;;/film/Balerina-2016-664146;;0;0;0;0;6041;119913;122517;99781;66497;44325;22705;0;0;0;0;0;0;0;0;0;0;0;0;0;0;57259;73824;56989;38478;24394;18698;0;0;0;0;0;0;0;0;0;481779
157;e52017b1-7578-42fd-a886-a0f91d91d332;2018-08-31;2018-08-07;Bajecznie bogaci Azjaci;57366ac3-c349-4e55-ad5d-6f8061179e88;;c17d18d4-bf86-43c3-8326-a3e26a19229f,5439a051-fddf-47df-a3fe-f67e55a7085f,a11961d7-37eb-4382-8849-cd463bf955de,6ff13b15-9813-41dc-aee5-4c7602d3e9d2,5d42dc21-500d-48ff-9fde-69eaf0899f9b,524e5165-e2b0-4317-a8b7-6c3c4a5a1c7b,f185edce-ff76-49af-b8a2-02835168d562,99a09026-6b10-4714-8e60-db8e25fdbb83,6f1d333d-0ee8-4ff8-8e43-fdbaba471043,732a97ee-c54a-4a19-bd33-1862947312d7,43cd2e3c-21fe-4020-bc38-024cc0f8546b,da761f3d-aa82-408b-a1d3-5eb16d225893,25e4c585-03d8-4f91-8d81-c57f48d9cbd4,2a506f2e-563d-47c2-a112-4239ae548fcd,faad8ba3-9a46-4da4-9acd-e9ffd5ba119d,8e7d9005-0f42-4a41-a360-918d9f10401a,64a840a8-8693-4b79-97c5-c3ed562ab910,79a46878-fae8-43ab-8db9-c3afcf61396b;2f568562-67c5-4a9f-9d0c-59d476450744;3a6ff2c0-9128-4bd5-a9db-42c78324f0d0;b74c3b34-1ade-4d7d-936c-a7b48f5b61d3,3b0cb8cc-1ab1-4637-a8f9-a7a335a556ef;962f9559-ccbc-4bd7-b603-65174510bd02,db8025eb-0492-4810-a862-41e60920004d,bc9301e6-1c2d-4329-b39e-03b7ab89dad1,b982e4e6-759d-4a1e-8b9c-82a57f83f735,7cd20464-2137-475e-9ae9-407de8a793ab,ce7fbd90-481a-4586-a9e7-91024e24519a,8e4bab44-bf8e-4e7b-8160-9da34df0a04e,89c8f3d3-4cac-4d93-9e8a-867b57a44eab,8ea688ef-0186-47c2-a976-575ea98ef5df,0950bd46-9053-4f29-9a6f-4d8c548f5f6c,758f734d-7cca-4200-b923-41b98e23abd6,f3de5896-019a-44c6-b173-dcf1845b92a2,5f5dae14-4189-44d8-b303-eb32654089ac,c89e0ae7-7086-4028-9b86-798792046de3,8f0e08a4-91f9-43eb-8a46-8ce24dd05e2c,73a0ce71-541b-45a6-9c08-7ed2a026de00,e4e26482-faf6-4c5c-b8b7-cb34a09bd46f;72a0ab8a-2d77-4a07-9e00-6289427eb44b,5c37d3ce-6aa3-4795-9325-3e1141a073ad,2881301f-2275-452c-93c2-cc2548423ceb;dcbf781d-54a3-4734-9b69-a7e119d59fa5;en,cmn,yue,qab,fr,ms;120;30000000;;;/film/Bajecznie+bogaci+Azjaci-2018-796540;tt3104988;0;0;0;0;750;37059;21714;9064;2703;1703;26;0;0;0;0;0;0;0;0;0;0;0;0;0;0;21928;12597;5458;1851;852;13;0;0;0;0;0;0;0;0;0;73019
158;18941fd9-b9ee-4ff8-bd15-3d851add25c8;2019-08-29;2019-08-29;Balon;f0506edd-d123-41d3-ad36-1d31a8bb23b8;53;364ccec3-e27f-4aed-875b-f7665ecfa5d5,07964c65-05a2-440a-963e-889a2030f8dd;f3b45dd0-ba95-4fb1-9f6a-8b0504c1efc5;;f3b45dd0-ba95-4fb1-9f6a-8b0504c1efc5;4879fac7-3ee6-4c23-9d07-5847a0e48f73,7386e552-52fd-4829-936a-c75d2043d981,f3b45dd0-ba95-4fb1-9f6a-8b0504c1efc5,7a72e550-e4a9-40e9-8745-d50afd337184;2f4ae59a-fc22-442d-bd33-677b925ad67d;270542da-ad6a-4404-8f03-01fd73a4c545;bo,cmn;102;1000000;;;/film/Balon-2019-837269;tt10703752;0;0;0;0;907;44;23;0;0;19;18;0;0;0;0;0;0;0;0;0;0;0;0;0;0;28;8;0;0;10;9;0;0;0;0;0;0;0;0;0;1011
159;a08ae980-eac5-4287-a464-ed774cf11b21;2020-10-16;2020-10-12;Banksterzy;f0506edd-d123-41d3-ad36-1d31a8bb23b8;7;e824caef-d5ae-47f7-ac7c-aa9ad00b287f,1abf1bb3-ac3c-4e25-a173-be9aa3182411,c98016de-d916-4f27-9c07-57f725ee0bbd,41f6e708-45f2-4d95-93bc-41e971b2d773,3c53e2d8-afa2-4b55-bf8e-9650a5e64b97,b46f5ae6-fcd0-4ea6-a50c-54386ed3ad34,c8e15d1a-6ab7-4320-88d5-61ce841e5e5e,d4a56a45-4a83-48a3-bbed-806e211e609e,c47dd3db-9b01-4e94-9565-b74c770825d5,aa5181a8-d70e-44eb-a486-b0061764eb2b,c12a4caf-8795-43df-8996-d56682a2e1fc,6e1d25e5-3fe4-400c-8fde-45ec32242ea7,e2ad63fb-c353-40c9-ae8b-24a8c7e9cdac,9f48e627-5cc3-4362-ad1f-295074104cb0,1b56b260-fab8-44d7-b77f-d436707a5391;8699c3dc-2c4d-4b7e-804e-07c261dc9750;e71270d1-d648-42e8-b1cd-58315299e461;d4874bcb-71f4-404e-a95f-d1edd70b1791,c972b72b-f460-4bdf-8bb3-0558330572be;21759148-a0e0-4fa2-ab64-537f2de37619,c64678bb-8aca-4f27-9ad9-d946fd78fb43,c6cea807-6158-4824-8c5c-ff7891e63e1f,2167e5bf-458f-4c8e-b141-c98c11224246,aeade323-e5af-496c-b3cc-027fb8062dcc,ad1b4cc5-5975-4a10-8322-34c558d871c2,c250fc05-8aa9-4580-91bf-426533d2cf7e,01d4d459-e805-4512-b558-5cdf36908e1e,56cd0e57-6968-422b-b0cb-3d95045322a8;405857dc-b05a-45fd-bc41-3fafef186ebd,5f2c3d88-0cd2-4a58-a909-17d9110f614f;c29315d3-7743-480d-ba69-783e11af73bf;pl;106;4000000;;;/film/Banksterzy-2020-847524;tt12869176;0;0;0;0;0;45324;23129;14552;5946;0;0;0;0;0;0;0;0;0;0;0;0;0;0;0;0;30979;15716;7238;5946;0;0;0;0;0;0;0;0;0;0;0;88951
160;b114b9fc-c6eb-444a-9195-699e61149f4d;2019-11-08;2019-09-26;Baranek Shaun Film. Farmageddon;4fc66943-7c2c-4e0c-a93f-8f7abb752c8c,57366ac3-c349-4e55-ad5d-6f8061179e88,9a150cd3-6c32-4b58-b1a4-aea6992c564c;56;f72d58ce-6e09-4ece-a5c4-e15de4ac1bbb,3b2ee512-e282-4155-b85e-e789103a06fa,4cd91d31-b198-49ba-a679-ddd6bdb69584,576b4d00-0552-4d89-88eb-2587fad7f7a1,cd1ad6b1-4495-420f-9806-7070797c13c3,b697ac8c-7066-42aa-b0f1-77e0b67aaa07,b93393b4-49d9-4cc0-b5ef-6240194912dd,c10daf6f-113a-4608-aaf3-cd5e11a2e550,db549a64-cbf1-4456-8fe3-8ecd08824ecd,a129a640-4a69-4bfd-b861-54d853e79746,6dd0d3eb-8988-49c5-b5c5-d585a85fa17e,86b3cbab-010d-4d8b-9f61-d427f9094edd,d667cb5f-4fb5-41c0-b070-53ddd3ca582d,3d343c4d-8589-4282-a37a-bb860b7f546d,79bd2a41-50ea-4c5a-853b-1e299464def8,8d58f9ce-504a-4eae-8d7b-c85e54bb1789,967f22e2-2783-4dc7-a105-b4b6d8e52e20,b3781ed0-21e8-4203-ba00-b8cf0f06a1bf;d667cb5f-4fb5-41c0-b070-53ddd3ca582d,79bd2a41-50ea-4c5a-853b-1e299464def8;6dc7f7ed-6e1c-485f-ace0-6547ecb1abd2;3917a977-633b-4fb5-88d6-ed0d282efe3b,2e2c7e61-ff51-41fd-ace6-1778dabefc1f;6809d11c-3001-4e40-8add-eb1501d65de7,8484eb42-c50b-4845-a07a-d813906526c9,3917a977-633b-4fb5-88d6-ed0d282efe3b,d53fcb25-a3c0-4439-befd-47e3667098af,69f98339-ee04-44fb-8a2d-382f5f702c3e,16d6c544-3096-4c8c-acdf-9b87142c8905,37e01875-bee5-483d-99f5-74213b406bcd,535d418a-34c2-4ad3-acc9-1edcc21de9df,9105e4a8-0f57-49c0-8399-abf537c4321f,f15090fa-329f-47e4-a2bf-f5e15eca3141,4bada574-7592-4b4f-a168-f378fafb6f75,41cf5921-b6ce-4984-a3f2-c518e3b83b62,d1f1e96b-9f0b-4569-9544-f111b299c210,66e452c5-fabd-4b2f-bf82-e474d6cdf872,30570683-b427-4249-943e-238613d3c45a;0ab1ee3e-4d4a-45d3-b3e9-8882bace6e06,dd1ee7b8-6ff0-4f9c-92c0-bd73e9179d14,3ccd35c9-40fd-4838-b31b-93dabb655353;dcbf781d-54a3-4734-9b69-a7e119d59fa5,51d9043b-068a-4a31-a0fb-74719a5a6a11;en;86;25000000;;;/film/Baranek+Shaun+Film.+Farmageddon-2019-816650;tt6193408;0;0;0;0;22437;138273;74129;29287;18516;12299;9560;0;0;0;0;0;0;0;0;0;0;0;0;0;0;87741;56701;22531;13461;9780;7123;0;0;0;0;0;0;0;0;0;304501
161;4f03a7c3-0113-4715-a8fb-f19d0e81082b;2015-02-13;2015-01-24;Baranek Shaun. Film;4fc66943-7c2c-4e0c-a93f-8f7abb752c8c,15c0b1ce-34ec-4d67-ba14-0138c61d5b54,9a150cd3-6c32-4b58-b1a4-aea6992c564c;56;f72d58ce-6e09-4ece-a5c4-e15de4ac1bbb,3b2ee512-e282-4155-b85e-e789103a06fa,a17a13fe-4220-4b52-92a3-7d9ccff13a4e,db549a64-cbf1-4456-8fe3-8ecd08824ecd,b697ac8c-7066-42aa-b0f1-77e0b67aaa07,3d343c4d-8589-4282-a37a-bb860b7f546d,576b4d00-0552-4d89-88eb-2587fad7f7a1,a129a640-4a69-4bfd-b861-54d853e79746;3917a977-633b-4fb5-88d6-ed0d282efe3b,69f98339-ee04-44fb-8a2d-382f5f702c3e;6dc7f7ed-6e1c-485f-ace0-6547ecb1abd2;3917a977-633b-4fb5-88d6-ed0d282efe3b,69f98339-ee04-44fb-8a2d-382f5f702c3e;6809d11c-3001-4e40-8add-eb1501d65de7,8484eb42-c50b-4845-a07a-d813906526c9,d53fcb25-a3c0-4439-befd-47e3667098af,16d6c544-3096-4c8c-acdf-9b87142c8905,37e01875-bee5-483d-99f5-74213b406bcd,2f45b5c4-ee88-4e75-8eb9-874673602b2e,690283d8-6e04-46d1-a65c-4fe5139b0cb9,9105e4a8-0f57-49c0-8399-abf537c4321f,f15090fa-329f-47e4-a2bf-f5e15eca3141,4bada574-7592-4b4f-a168-f378fafb6f75,41cf5921-b6ce-4984-a3f2-c518e3b83b62,d1f1e96b-9f0b-4569-9544-f111b299c210;0ab1ee3e-4d4a-45d3-b3e9-8882bace6e06,3ccd35c9-40fd-4838-b31b-93dabb655353,dd1ee7b8-6ff0-4f9c-92c0-bd73e9179d14;51d9043b-068a-4a31-a0fb-74719a5a6a11;;85;25000000;;;/film/Baranek+Shaun.+Film-2015-712974;;0;0;0;0;3525;78841;68777;33039;19235;10326;7598;0;0;0;0;0;0;0;0;0;0;0;0;0;0;51049;40571;26995;13576;8203;5749;0;0;0;0;0;0;0;0;0;221341
162;bcec0847-cf6b-4179-b9ed-bbfea9acddf2;2016-02-12;2016-02-12;Barany. Islandzka opowieść;f0506edd-d123-41d3-ad36-1d31a8bb23b8,57366ac3-c349-4e55-ad5d-6f8061179e88;53;c3c009be-5cf9-4e8d-a0de-8dc50dea4d7e,18872b08-e0e2-4d05-8ad8-d17d1ac0fedc,e1f2070c-83d0-4715-9120-cd480d32ab6e,c3454e5c-82ba-4b68-a473-ed8f18da7c40,a1c8869d-7e65-4f11-a065-29b10a15d11f,de12498e-17e2-4e2d-9f24-91265d351d2b,b2dcb828-b950-49be-9e9b-d07d54cd6ed9,3234d28e-3daf-46df-aa6e-00db75c0d2b4,a4507f48-5204-440e-b689-ed48cedb7cf0,86464945-9701-49b7-8a7b-c83308a64a1b,daaf4752-ed44-4288-bcaa-e822bfba5f30,977ee697-9146-4257-9b94-eadcf1249dea,71320398-c52b-4fe6-a7f2-4b529757ebf5,6e55c3ab-c01f-4e94-991a-ec2c1ef07829,4344c3fe-8992-4d40-8f65-1ebf1501ae73,ea49a130-aa21-487a-8a6b-9dec920f96b9;1dc7b753-4756-4427-99f6-144b33d5a637;a4abfcce-d2ce-4ab3-becd-258c33b13102;1dc7b753-4756-4427-99f6-144b33d5a637;a075e14d-b6fb-4c81-aefd-fa2f8228bcb0,346d700b-bb29-4bb8-87e3-8aece0c37261,384a9c6e-80d6-4d9b-ac3e-1e34edd03ca7,26e3d14b-3f69-408d-aef3-b3606f76983c,f2d625b1-8384-43a7-a131-7f29d83f83d6,05386a76-1f0c-4cf0-a8a3-26787016e493,79a127b6-c086-4674-a08d-a5af266e7319,1aa4dfb4-3a51-4174-a2aa-69d04846dbd2,693d0c46-6f51-4f72-bef2-3c29ca43671f,a8700726-23e5-42ec-be5f-0f9794b72796;ae33d8f8-d0e1-4d0e-b9c1-e866f395ab82,ef1f1779-f8de-40ce-8e4d-52558610f094;654011b0-4c4d-4eea-9eb3-749a4a438219,1b7463ea-f722-4147-a4b2-261b08bede20,c29315d3-7743-480d-ba69-783e11af73bf;is;90;3000000;;;/film/Barany.+Islandzka+opowie%C5%9B%C4%87-2015-737917;tt3296658;0;0;0;0;2096;11959;9928;5000;4231;2661;2431;0;0;0;0;0;0;0;0;0;0;0;0;0;0;6128;4715;2717;2212;1383;742;0;0;0;0;0;0;0;0;0;38306
163;1ac2f8d4-940c-4bd1-9514-9e865ced6c01;2014-08-29;2014-08-07;Barbie i tajemnicze drzwi;4fc66943-7c2c-4e0c-a93f-8f7abb752c8c,fe7c2e3f-b22e-4a78-a480-2fe36013ee51,cc52ba6b-afe8-4521-b7c0-616ddb3a023d;155,176;3aa912c5-b37a-4d66-b458-23465158ad33,8a0180e4-1cbc-4e43-bd0d-13f92dbf6bf3,9090f613-f12d-4a67-8483-b826aac275cc,78b282f9-654e-4b86-9666-ee8db593bf7e,a2e5abb3-6add-4df9-b3af-fbf2df42c412,4d975aad-fd17-4382-af8c-d8b9f6106443,04e7fe13-40c6-40df-8d20-cf447a375393,c58a2978-f564-4e85-a0fe-b2ac376e23be,1e35416d-781f-4126-881e-5d95b849cd78,abafba6a-8c37-4d85-8734-f556af20e0ef,f3aa27b5-65d9-46b9-af44-5d5784833bfa,3a1e172b-6b33-49b4-a186-62850dcf0acd,4dc3a331-1046-4759-a95e-94bbe4f5c736,4bbfb6d9-c2a7-4969-b90b-de6a6a2a0ba3,62de863b-cffe-4f81-adb3-68964d20e88a,6e1689f1-930d-42f1-8dc6-415a08dc978d,585fd431-d1db-4a19-9e86-fe8b226b190e,b1ec764a-1748-485a-b529-c1497947dde7;4b25a0a1-62d0-4e2f-94f3-d42fcb233c58;f44346b1-d6b2-41b4-876f-1b6682aad3ab;305fb917-dffc-4422-82d2-12110678b94b;8af9fd59-4c0c-423f-953d-1a180864dfd3,3a27b1be-cb5a-48ba-8294-dd0a4d4766f3,952f37a9-5a33-49f2-8b6f-63d740b789b6,e6081fee-edef-451b-9935-12cce4d53ee1,9fd82c47-d36b-4eae-8b31-b782169925c8,4101af63-537d-4e97-9fb4-cbd97bbb7cb3,62b046fd-8223-4db0-9772-7294fc1cfc1e,e93e908d-a50e-4aa9-81ba-423ed32c8096,3c49687b-a887-4313-bb54-c12d809ae01b;96c55d02-048d-4726-b302-36c782e83f79;dcbf781d-54a3-4734-9b69-a7e119d59fa5;en;81;3000000;;;/film/Barbie+i+tajemnicze+drzwi-2014-697313;tt3921852;0;0;0;0;0;26256;14101;13684;7179;3609;2305;0;0;0;0;0;0;0;0;0;0;0;0;0;0;19699;9659;10086;5956;3096;1998;0;0;0;0;0;0;0;0;0;67134
164;45a79d29-0ac9-4a09-91a3-6d77d18e018d;2012-11-09;2012-02-11;Barbara;f0506edd-d123-41d3-ad36-1d31a8bb23b8;;f9447465-56fa-48f7-a8e0-2c93742ba8ab,cf84d6f7-47f2-45c1-963a-24ae1342b074,53e5ad68-b99b-4da5-9ad9-973724f8e53a,69a3f4fe-561b-4b75-9b53-9570be9cc1cb,455c9cab-e90f-494f-8b8e-d4db98e27367,5b75f614-4eb2-4601-a25a-4390ba82d7b0,e5cef551-80d4-4a8e-9755-d54bf0f48def,fb75851b-8613-49d1-b5a1-c60036456b87;c0971fee-2520-4d1e-a4ca-0d1472fc320f;1886bb61-6185-44b0-849b-ed26b23b5074;c0971fee-2520-4d1e-a4ca-0d1472fc320f;ca994600-e7b1-4a92-b8bf-74324c1089fe,69b65815-1f96-401b-b0f2-632983a966c9,b6aa2b51-9b26-4c4c-b588-add4a7711d04;22e350d7-15cc-453d-9ebe-618da19136f0,6215de6e-ed0e-41b5-bca2-74aac7d7cbe6;6614b794-9b07-4de2-837e-3aba6098ec7a;;105;500000;;;/film/Barbara-2012-645580;;0;0;0;0;0;3902;950;646;223;284;284;0;0;0;0;0;0;0;0;0;0;0;0;0;0;3487;558;393;119;142;142;0;0;0;0;0;0;0;0;0;6289
165;e2cbc0a5-ae9f-41cd-8c45-eb0453655140;2017-02-24;2017-02-01;Barbie w świecie gier;4fc66943-7c2c-4e0c-a93f-8f7abb752c8c;155,176;0661b3de-8c97-4d33-b18a-a1c07e6937d4,05580bad-b019-48b0-ac3e-0c7161c24a07,2d93b7e0-89e3-4035-9089-6ec1bd2273a6,55581236-99dc-40b8-bba5-3bd87ee4f888,2c51f80c-5787-42c8-bc57-f9abff688c13,72748f8e-12e1-4ced-bd95-22b289f31bbe,d571caa7-5211-4a0a-b576-ea3ef206e7e8,da87145b-fcf8-4b14-af80-6f05dc6c36c2;e0aae7bb-cd2b-4010-88b2-c99fe371b3cf,38b48aa7-debd-4038-a6d0-e3343fb32fe9;f44346b1-d6b2-41b4-876f-1b6682aad3ab;876e5cc1-27a6-4e96-a15a-757d3e78fa01;f1b34921-2d69-485f-b2fa-0bd5d61b8166,3a27b1be-cb5a-48ba-8294-dd0a4d4766f3,952f37a9-5a33-49f2-8b6f-63d740b789b6,951d533f-c5b8-4d79-9926-9eadb028f914,3b96cdbc-f9d6-4dfe-8b80-0096c5e5650e,9fd82c47-d36b-4eae-8b31-b782169925c8,0a202918-5c5b-416c-9769-bd73987ea3a1,1000a81c-389e-476c-9257-0b48efdd88b3,d9fe132e-8102-4a36-b531-eec84a96b764;;dcbf781d-54a3-4734-9b69-a7e119d59fa5;;72;5000000;;;/film/Barbie+w+%C5%9Bwiecie+gier-2017-778308;;0;0;0;0;0;47068;24900;16769;10262;4559;2700;0;0;0;0;0;0;0;0;0;0;0;0;0;0;37701;18869;13901;8622;4125;1977;0;0;0;0;0;0;0;0;0;106258
166;90a74d74-a46f-48a3-ae34-6b790115cec5;2017-09-17;2017-09-17;Barbie: Delfiny z Magicznej Wyspy;4fc66943-7c2c-4e0c-a93f-8f7abb752c8c,9a150cd3-6c32-4b58-b1a4-aea6992c564c;18;0661b3de-8c97-4d33-b18a-a1c07e6937d4,2d93b7e0-89e3-4035-9089-6ec1bd2273a6,e3b8d8ad-997c-49fa-ab4b-b2bfc01396db,b3ec3f05-cbe2-49c9-a341-88529a99477d,2c51f80c-5787-42c8-bc57-f9abff688c13,b4309129-a875-44bd-bdbc-765997bc1244,aa608906-bb28-4f30-b013-4609f615969d,c755dbae-2f05-4187-b4e5-b9dd0ff8614a;e0aae7bb-cd2b-4010-88b2-c99fe371b3cf;3a6ff2c0-9128-4bd5-a9db-42c78324f0d0;5c565f5c-fb96-412c-8433-2d50f29e9ad5;f1b34921-2d69-485f-b2fa-0bd5d61b8166,3a27b1be-cb5a-48ba-8294-dd0a4d4766f3,3147c507-d290-45ae-97e2-bba9fb70d8a5,2c41f069-34f6-4646-b0a7-17a4450e89cf,3b96cdbc-f9d6-4dfe-8b80-0096c5e5650e,622c9324-4433-4646-b7f4-803ee5d50423,0a202918-5c5b-416c-9769-bd73987ea3a1,b6d8ae5a-ce08-4c5c-bb59-f83ea27fe767;65676289-41c3-472e-9880-8bca8344082f;dcbf781d-54a3-4734-9b69-a7e119d59fa5;;63;2000000;;;/film/Barbie%3A+Delfiny+z+Magicznej+Wyspy-2017-794476;;0;0;0;0;0;47604;40573;11862;10166;4794;4832;0;0;0;0;0;0;0;0;0;0;0;0;0;0;36621;35196;9671;1597;3834;3913;0;0;0;0;0;0;0;0;0;119831
167;abcf0216-ecac-450a-90bd-3de4ad576214;2016-08-12;2016-08-12;Barbie: Gwiezdna przygoda;4fc66943-7c2c-4e0c-a93f-8f7abb752c8c;155,176;0661b3de-8c97-4d33-b18a-a1c07e6937d4,66478cbe-3b4a-47ac-9ffe-ed5681887e0d,e9505fa4-2043-40e6-b4ec-8a1a0be32e5b,a5c3a98f-9c59-43d6-821a-87716164bbb7,6e92ec21-2f17-4abb-b844-c36a3906aa6f,581becfa-294b-457a-92e7-08252255d4df,4244a385-6203-4ecb-8326-c2025f47978c,667b6536-71bd-4763-9ddd-84f4858831b6,6b2437da-4d5f-496f-903d-43f653e2f18c,00bfdd77-a222-4fc3-a974-7bbeb18ba3f7,2ec3bfff-f2c9-4fd5-a4cd-2af15396bf0f,8b14f523-febe-43b9-8496-a6a3e60c220c,89ba2756-44e0-4f74-b1f3-bfec1fb17f3b,913e2404-f980-4a2a-9c21-814e69156276,32a7d484-53b7-4aca-9d78-642c0e8ef09e,7ba7725c-3259-44d5-930d-48903d50fc88;c75f90e5-1e79-47b7-82a9-d9e944e077e2;f44346b1-d6b2-41b4-876f-1b6682aad3ab;423b5b4b-cefe-4688-9ba7-96c80aab11fe;f1b34921-2d69-485f-b2fa-0bd5d61b8166,8c180f90-c3db-4c87-b7d0-a2dad4077da4,2c41f069-34f6-4646-b0a7-17a4450e89cf,40e17b7b-f851-4f96-a0ae-4d8a74bb9d73,a7b6c55b-b333-4761-bbe5-ee63f61d83da,3b96cdbc-f9d6-4dfe-8b80-0096c5e5650e,2495af80-179a-49fe-b4b1-d8037e82dbe2,3b99ba32-6faa-45ac-a13e-9e74ecf25658,595ebdea-9918-4960-a6e5-a96c8aca9114,8744eb7b-440a-4a49-b25e-e08cb6831bcb,78579fb5-11a5-473d-8661-e601250f50c2,7a605dc3-cd0f-4e21-951f-ee0a8d9e0ab0;4949eb1b-98cb-4712-85c9-9beb50c197f8,a7f1766e-cb2d-47f4-8128-0dd9cd874e45,d310e6af-8ec5-4d61-8947-a5f7666d6083;dcbf781d-54a3-4734-9b69-a7e119d59fa5;en;80;2000000;;;/film/Barbie%3A+Gwiezdna+przygoda-2016-762091;tt5502946;0;0;0;0;0;76710;42075;27562;12068;7109;6074;0;0;0;0;0;0;0;0;0;0;0;0;0;0;35811;18266;10345;9269;5665;5255;0;0;0;0;0;0;0;0;0;171598
168;21052e57-e90e-40ba-b570-bef8f54d793c;2015-02-06;2015-01-01;Barbie: Super księżniczki;4fc66943-7c2c-4e0c-a93f-8f7abb752c8c;78;3aa912c5-b37a-4d66-b458-23465158ad33,1e35416d-781f-4126-881e-5d95b849cd78,901026f0-c04a-47fa-bb8b-10a718686268,db3580dd-826d-4228-93e7-ae73b0c5b45b,295b29d3-e407-4f4e-9d54-5ec737ba7286,747f7dbb-88d6-4c9b-90b8-7e6afde41dfd,e5673a2b-414e-437f-a937-7203478e61a1,949c0782-9706-43ef-a7d4-6539c9a20bc2;c50185f9-7cf9-4a17-a84e-871c86f3614e;f44346b1-d6b2-41b4-876f-1b6682aad3ab;19548bf7-8042-4d55-8f28-6f8a5857b063;9978b5e0-f7db-492b-ad7a-6c1f9754cd1d,3a27b1be-cb5a-48ba-8294-dd0a4d4766f3,952f37a9-5a33-49f2-8b6f-63d740b789b6,e6081fee-edef-451b-9935-12cce4d53ee1,4101af63-537d-4e97-9fb4-cbd97bbb7cb3,62b046fd-8223-4db0-9772-7294fc1cfc1e,204f97ab-5223-47c4-8afe-8c5d9010bf78,3c49687b-a887-4313-bb54-c12d809ae01b;96c55d02-048d-4726-b302-36c782e83f79;dcbf781d-54a3-4734-9b69-a7e119d59fa5;;74;3000000;;;/film/Barbie%3A+Super+ksi%C4%99%C5%BCniczki-2015-709605;;0;0;0;0;0;48842;36596;23706;13006;6913;3839;0;0;0;0;0;0;0;0;0;0;0;0;0;0;27152;23404;15139;11386;5943;3534;0;0;0;0;0;0;0;0;0;132902
169;c3768ff1-d632-487b-8bd4-006952dbcf15;2016-01-15;2016-01-15;Barbie: Tajne agentki;4fc66943-7c2c-4e0c-a93f-8f7abb752c8c,fe7c2e3f-b22e-4a78-a480-2fe36013ee51;155,176;0661b3de-8c97-4d33-b18a-a1c07e6937d4,db3580dd-826d-4228-93e7-ae73b0c5b45b,68589d19-8e5d-4712-86d6-c910109cfe9f,53212a82-4d5a-4133-bbd7-2aecfa869413,2c51f80c-5787-42c8-bc57-f9abff688c13,db9aba26-bbb6-40c4-a9bf-e6d17f3ca924,700b9fbd-abeb-4c25-83f2-e05fcbdd6fa2,2481c7b3-2eb8-4640-a05a-c7d13166af88;e0aae7bb-cd2b-4010-88b2-c99fe371b3cf;f44346b1-d6b2-41b4-876f-1b6682aad3ab;19548bf7-8042-4d55-8f28-6f8a5857b063,423b5b4b-cefe-4688-9ba7-96c80aab11fe;f1b34921-2d69-485f-b2fa-0bd5d61b8166,9978b5e0-f7db-492b-ad7a-6c1f9754cd1d,3a27b1be-cb5a-48ba-8294-dd0a4d4766f3,689f79c2-e7c5-4bcc-bf8f-883de54893d5,952f37a9-5a33-49f2-8b6f-63d740b789b6,a7b6c55b-b333-4761-bbe5-ee63f61d83da,204f97ab-5223-47c4-8afe-8c5d9010bf78,3c49687b-a887-4313-bb54-c12d809ae01b,6439dde4-022e-4488-9178-cc6f76396626;6265a489-0211-4ed0-8c82-6f11bb8548d5,83835530-0762-452c-9eac-aab4349a9e75,1ac3087a-573d-468e-b7b6-749f487f9d59;dcbf781d-54a3-4734-9b69-a7e119d59fa5;;75;3000000;;;/film/Barbie%3A+Tajne+agentki-2016-755205;;0;0;0;0;0;63700;48220;35995;14907;16853;9622;0;0;0;0;0;0;0;0;0;0;0;0;0;0;38718;25584;22053;9167;10224;5728;0;0;0;0;0;0;0;0;0;189297
170;aafc2013-fb94-4570-b276-c8e394b2d61a;2017-08-25;2017-08-16;Barry Seal: Król przemytu;36a330ff-bd5d-4a0e-b74c-8a0d4473b778,f0506edd-d123-41d3-ad36-1d31a8bb23b8,69ae5733-b41f-4d3b-a184-285082860dc3;22;55f70cb1-e864-4427-b540-744bd357a7a9,20c0ce6e-29fa-4660-a49a-634351f91d49,dcd4a342-eb35-4593-b230-4998682c3811,a7761bc6-73bf-44b6-9b2c-4eccd0c6d37f,4fff7b5b-f30e-44f5-abe7-daf5e920c857,9309259e-6ebd-44f9-b84e-9efb2c329c2c,98eebe70-b948-486b-be98-75bcb8a78564,4a4cb518-181e-49b1-aeba-77a977cd4dcc,d48aad2f-84c6-4a14-b727-ab66c7b3587a,028e0115-25c0-416a-9c7a-d7c27679fb19,83039264-f7d9-40da-a5be-349588e95867,16b3d7f3-4fa9-4880-90f5-5d1c8b1e8037,430375a1-d091-4496-a721-476e64fd38fe,f13ece3a-cbdc-4e6d-8152-a225e048c659,0c7da20c-d343-4ecb-b9c2-1e1082bac692,eb42df48-1f73-4f0d-af35-6800c401d5d5,9b6695cf-99cc-4925-acad-07a0feb36ee4,7b40fb54-41dd-4928-8d06-e106f899c96e;c6aaf2b6-8616-48ec-8d2a-787a6012061e;f44346b1-d6b2-41b4-876f-1b6682aad3ab;afcb5321-724d-4efc-986f-cddafaecf286;dc23abde-c390-43c0-8808-c14edf3fc0c4,23bb42b0-8439-4091-b406-f76ddbb4c495,e35238fc-6eee-4381-85eb-57cab41f405c,0f66647d-09c6-4071-aacf-694b1f21706a,885ab368-59c3-4a46-8eee-91dc1d6135f8,6598752f-edad-405c-a10a-21712d2527c7,e019cb5d-5cc4-41cc-a134-8152f6922e56,b099c6e4-d605-48e1-aa53-3e0c6075b0c0,bbb6eb25-f63f-4469-85a9-dc2a5510a8f9,0ec4a9b7-5bd4-4c28-b743-023bf8af1dca,7e9c583e-2699-4955-9c84-62d33d211dac,a3d694f4-3146-42b3-828b-6705848ea819,42405a12-87ab-400a-8543-51934698058e,1aba563e-7b80-4596-97bd-b6367dac44e5,7dd95410-358e-40d8-a3c0-c95f05133e0e,8e7a9f1f-68e9-4735-9b9a-f5b5fb92a3b7,ba938cd2-7bd2-48df-857b-a76764101df0,eaa17358-daab-4aaa-93cd-97a400b2670a,77dfccfc-65f6-4e11-91cd-688f5ebd5bce,6c4c43aa-1112-42a1-aeff-baf3f6afc113,afcb5321-724d-4efc-986f-cddafaecf286,858ecb5c-6c56-47fa-a261-5ff544305919,a22bc748-6d0d-4763-a63a-2c90576d5be5,7eb1785a-e21a-414d-8fe5-a079ca7a40b9,0148f1ae-eb0f-43c1-bade-aff511799323,0d13a376-1a97-42c9-a686-9b13b42b0a7c,9a8512ab-1804-4956-a4d6-0e49c006109a,c90ba765-77ad-47de-a36b-5bb56ff8a6ca,10e6e95c-3e69-47a9-8c97-7ebd96c6e66d,92e8a4c3-b05b-4bee-92fc-353dfd369299,e0f346bd-2df0-457f-be07-7d20b62b8e4e,f4c8f5df-6313-4e8d-a987-f88fa6123812,08b9d7cb-e5fc-4781-837f-e8d717469709,9bc16eaa-8829-4b68-9cc9-7c70d235e554;9e9c155b-dea7-4518-95f3-2cb33429f0c0,5b50c7e8-480e-43b3-8cb5-06d24230ffbe,9bdeaed0-e384-42ec-843c-97ff1ede8be3,fe81bebc-3270-4149-86a5-1c572b38588c;dcbf781d-54a3-4734-9b69-a7e119d59fa5;en,es;115;50000000;;;/film/Barry+Seal%3A+Kr%C3%B3l+przemytu-2017-736421;tt3532216;0;0;0;0;0;134325;70655;37771;29954;21950;11577;0;0;0;0;0;0;0;0;0;0;0;0;0;0;63861;42838;21710;18751;14330;6896;0;0;0;0;0;0;0;0;0;306232
171;bc7d968b-6bf9-49f7-ba0f-c228459b85e5;2014-08-08;2014-01-19;Bardzo poszukiwany człowiek;1db1ac18-a83d-4645-9cb7-3c60a03012ba;;9365f687-1214-4473-a345-b2b0700cbb6c,99fdb480-66af-4ba1-b133-d1efa8a28e83,493ac4c9-71ff-4fae-b624-9a430b5ebea6,f9447465-56fa-48f7-a8e0-2c93742ba8ab,fdfd99e0-a6d7-4684-b8e5-2d6725f38140,ac66ecf6-0117-4575-9932-204d1858f26a,893c1063-61e1-4fb4-89b4-f8acabaee03c,455c9cab-e90f-494f-8b8e-d4db98e27367,383b6a5b-9d5d-41d0-aadb-5ea4944c2481,946d0525-36f9-4766-ae32-3225bf1de603,ef443a87-01af-4dcf-8db7-a7555b8c43a5,ad42b1c3-3cb4-4bdb-828e-06e67f7ae07b,fcf856d4-81b5-41d3-8001-5750a2873cd0,129e0502-eb8e-41ba-adc4-a49fd1d41b11,ccdadc0b-10f4-4481-a756-2a45fd2c9d7f,1ad144ca-e253-43f2-9d58-711c04eb0c04;3ee28f9c-8660-4f1e-ba12-0d1382230f94;34b67685-59b6-4f6e-b120-d5a4616fbe1c;3569954d-27a0-4d22-a7f8-e36094ee9dd4;85b88052-d246-49b2-b616-c79719e9bd42,7c953308-4251-4adc-89af-c90b3b46d1bb,f06947d2-3e53-434e-a951-d0d233060bd1,65bbc256-682c-49d1-8898-f9bc3ec67211,c85a78ad-b825-481c-b42a-23da066ad4c4,de82a162-cb0b-48a7-8f36-8ba2a13577fb,093ed3b4-068e-41e1-8b42-8eabb0783309,2a36b4aa-5935-45fe-bea1-6a27ee02e2ff,bff02d08-dc80-4254-99f1-44682c4f7200,5e4fe286-6c28-4258-bfe3-a164a6f9ba11,8a88f9c6-655f-4295-8b1f-b14572120c84,c7de6167-92ac-412c-b75c-6936d43bbd19,552158e9-074e-415d-b63d-91d97d9e4fd5,5905a848-4c42-4d7d-9d4d-5ac0df59c6dc,e6809aab-2380-439e-b1ca-f7747999491b;89e7dfc0-f0e7-48b7-b511-1ea56a5147e4,c04bfcf4-323b-454e-ba67-33e75c8ca0df,1dbe8b5d-cf4c-4fda-8b37-a0649f561093,7f0c9f3f-9173-44cd-a7be-e88688a1eb06,625df2f7-a39f-4f5c-a93d-7a9977906155,0b1c4cb7-5283-4d8f-8e57-c0368de14c64,be8a6289-fc4e-4999-a6c8-4cdaaff72641,56b63378-02c9-4c9b-aab2-3da9f72b492b,aec35b11-3628-47cd-aca4-4fb9608cbcc8,d417a7c0-626e-452f-98a8-fafc20153cbc,45d5cf7f-0ae5-4392-bc12-5670db10f72c;6614b794-9b07-4de2-837e-3aba6098ec7a,dcbf781d-54a3-4734-9b69-a7e119d59fa5;en,tr,ar;121;2000000;;;/film/Bardzo+poszukiwany+cz%C5%82owiek-2014-627173;tt1972571;0;0;0;0;0;40804;24741;12860;7153;3919;2283;0;0;0;0;0;0;0;0;0;0;0;0;0;0;19878;12398;6523;3732;1895;1326;0;0;0;0;0;0;0;0;0;91760
172;d11e138d-f66d-4b68-9131-42c17388102f;2016-04-01;2016-03-12;Batman v Superman: Świt sprawiedliwości;d34b4e2c-74ce-42ab-b438-86fbbdcaee15,6a5af1f4-128c-4ca8-960d-3f0f36d29764;4,5;e03bcefa-dcaa-4cfd-8254-ce6c47d3829e,a36b7925-98fd-430c-bb01-39a353f120d5,808b226e-ff5b-4772-85d0-b595ff17d9b5,4742bd2e-4eaf-4e24-a284-4679a81dc179,0d69649a-a105-408b-bea8-d26f0ba349d8,e3dd689c-e92a-493b-966c-6efe19d4f250,0a0f5b5a-42ce-42ca-bdc8-7d2419492dc5,5bd1cae5-5c2b-47fd-9863-38b33f032528;83796538-2ff8-4a4d-a455-f7f645e868a6;3a6ff2c0-9128-4bd5-a9db-42c78324f0d0;2aa6537d-3226-4a2b-a4ba-5d5088cd1bcf,4bace99e-50f8-4e75-ae62-621cf1df043b;bf4e9bd5-07b7-4a92-bf41-15e78d7280b6,4bace99e-50f8-4e75-ae62-621cf1df043b,2fc45482-0ca9-4912-a474-de0e7c8de6fe,ee4963f4-7a1d-49fe-a2cd-9dc5429d1b2d,f3d9110c-f25f-47d7-96d2-c0291388f5ee,8d40f40b-277f-4d30-b7c2-f235e161f9e1,cd95aeec-26e7-4938-87db-c0557494700d,8ceb7984-d9b4-455c-8500-f9690e218696,9667430f-1482-4bde-b7b2-c99831478f58,7d59b21e-e920-4077-9c38-9510e315f4d6,61aff277-54aa-4d70-bc0a-3398e5fb23ed,750f9603-a461-4223-a29b-41adb0b782c1,7903a53b-60de-4f99-af75-f6b669e9bee6,c94c51ec-e3e9-4606-886a-6b514727dc30,c506a89f-bd3d-4e6b-9583-07bd84afd744,aaa067cd-3f1f-426c-a4f2-a0c3d49033d4,42a2de36-0eb7-4e3b-96a9-7c9dbd9f0f5c,65634627-5cbf-4a3a-8f5d-5626459b4ac5;2881301f-2275-452c-93c2-cc2548423ceb,bd194ba1-6705-4f18-afac-84ec383e055f,af349269-2e5c-42b4-b870-499f3f3fa39a,0d7c0e54-850e-428d-b88d-da411583b02f,db022fe7-a29d-423b-b3c9-ebd4949b0ba0,6fa34ce8-e9db-41b3-9876-9a9ff05e7076;dcbf781d-54a3-4734-9b69-a7e119d59fa5;;151;250000000;;;/film/Batman+v+Superman%3A+%C5%9Awit+sprawiedliwo%C5%9Bci-2016-687215;;0;0;0;0;47277;179776;96228;48454;21026;17302;1121;0;0;0;0;0;0;0;0;0;0;0;0;0;0;119237;64597;30952;13320;8291;561;0;0;0;0;0;0;0;0;0;411184
173;912dae5b-4c1a-44cd-80af-f5e7c84c1790;2016-08-19;2016-07-21;Batman: Zabójczy żart;4fc66943-7c2c-4e0c-a93f-8f7abb752c8c,c8692873-ebae-4261-a833-4378ab4e126b;5,18;2853edc3-7175-4844-9a70-dec8f842516a,cb842838-3f2d-45b1-8b6f-d3fef6c2b3f1,c86d95eb-de4a-45b4-9f80-aa598333a2a9,c855758c-9b37-4b90-89d4-9f90b52784cd,e3e54a26-43b6-4a65-a139-8d5c2e9443aa,2a404c3e-96b1-4056-aeb4-cb0cfa4092bf,479cd9d6-6ea2-4064-bc0c-9383cd8690f2,b5f67277-aec4-457f-93a9-b49deb91a4b0;f85d37ae-5206-43bc-8e44-68c5795fa5aa;3a6ff2c0-9128-4bd5-a9db-42c78324f0d0;f5fa3dfb-3315-4bb7-8032-92f0c353d3b7;86a8e0e1-a6b5-43a7-92e8-1b345e9e3958,aba7d6f8-ce3b-481c-bcd8-6c98aa3520de,f3d9110c-f25f-47d7-96d2-c0291388f5ee,8d40f40b-277f-4d30-b7c2-f235e161f9e1,d2f85870-da90-4c76-baab-6a03049dff42;0d7c0e54-850e-428d-b88d-da411583b02f,db022fe7-a29d-423b-b3c9-ebd4949b0ba0,2881301f-2275-452c-93c2-cc2548423ceb,0197343f-2a8b-41d3-98ef-57b6f73bf6ae;dcbf781d-54a3-4734-9b69-a7e119d59fa5;;76;3500000;;;/film/Batman%3A+Zab%C3%B3jczy+%C5%BCart-2016-748799;;0;0;0;0;0;1679;544;190;190;190;190;0;0;0;0;0;0;0;0;0;0;0;0;0;0;1407;272;95;95;95;95;0;0;0;0;0;0;0;0;0;2983
174;20a15acc-cf86-4cb7-b932-36c0717f84e6;2012-04-20;2012-04-03;Battleship: Bitwa o Ziemię;6a5af1f4-128c-4ca8-960d-3f0f36d29764;;e58aa3a3-86e0-4534-aa97-a334faae484b,bd4a4d25-bd6f-4eb0-910b-737d1e9825d0,95f559ff-8845-4d41-91a2-301d1ee5f822,2ecdb8a4-0856-40b5-8c1f-070ff77689b5,71b9bcc0-e334-4898-a4ee-990c2493100b,b474b2ab-870a-4a8b-88d7-c3da8adeb377,3e16934c-0b9a-4f3b-9ceb-983752bb2d02,bf3eccca-0f1a-4271-b841-f9f249503dba,374818b4-ff8d-463b-9df8-c424dba9e945,a7761bc6-73bf-44b6-9b2c-4eccd0c6d37f,6d37050a-4570-4b12-8fe6-223ebf8c1ee7,712f9673-e31a-4a6f-9fa5-d19e3f5461ce,9ae78e0c-f4d6-458f-ba55-a62d2a54ef90,1e4fef64-a56f-46c0-96b1-4f31c6a0a668,d036ff4e-d283-4708-8917-e63a921ec413,ecb77c28-c1f8-4186-b26a-c7317a971aa7,994837bf-975e-436f-af88-ef7591b94964,5174bbd9-6a15-4c12-b96a-f380dc29931e;b4d86764-8be2-4c34-bc92-0d8837930ba2;f44346b1-d6b2-41b4-876f-1b6682aad3ab;930d90c5-6fdf-4ec2-b62e-4881e0c32316,073fd70c-986b-4310-ae35-172a6364e5e9;b4d86764-8be2-4c34-bc92-0d8837930ba2,1f8022b5-79e2-4677-a621-1ebc478442ec,b01c0d4e-3fcd-4765-893f-a96566df9d5a,324ad201-0f79-49d6-a38e-31df173e42c7,de1040e4-87fd-41f1-8d6a-d47d0336c50e,e04f88ed-9c99-4585-9e55-5bc8e83c51af,ef68bdc0-b3e8-497a-a8cb-e44e7975825d,e65976a8-d9fb-4c6f-9f5e-49837de103ae,86213594-85b3-43c4-8e95-392a7e6f0971,7503a74c-a5a7-4cd8-b206-4a8ec1832ab7,a4d97950-3f4e-4024-a886-1b04ae01b4c8;e5886614-70b7-4297-b71e-0ed0cd8b40a7,ea483e87-a07b-4b51-85e4-e51b78ad7ff5,dcb7b26a-87ab-4ee9-a693-b9a48eb293bb,387e1035-d667-4233-a24c-c1bb7d795953;dcbf781d-54a3-4734-9b69-a7e119d59fa5;en,ja;131;209000000;;;/film/Battleship%3A+Bitwa+o+Ziemi%C4%99-2012-540909;tt1440129;0;0;0;0;0;73268;43717;29010;10166;2069;511;0;0;0;0;0;0;0;0;0;0;0;0;0;0;45518;18769;17739;6152;1255;256;0;0;0;0;0;0;0;0;0;158741
175;98e41c4d-7bbc-4bf3-834e-b0191c8d8007;2017-06-09;2017-05-12;Baywatch. Słoneczny patrol;57366ac3-c349-4e55-ad5d-6f8061179e88,d34b4e2c-74ce-42ab-b438-86fbbdcaee15;;4ea57458-1d9b-48a1-bb87-1cdf72aacaae,487d774c-97d1-472b-b040-e40a764d9630,264e7511-bac1-4964-bfe5-eac8d1911a3f,2e5dc302-11c1-458a-82df-40225ca1be52,66b219e3-8659-40d1-9142-195692de17c6,20119c4d-5570-4982-b6fb-a84994012931,e4060a40-7e2a-45f9-bd36-a80aa0738357,c238a67e-912f-4d4a-9e31-2a9aec6493a9;632f4f67-096b-4bd9-b96b-cf88f947dee0;f44346b1-d6b2-41b4-876f-1b6682aad3ab;a12f016c-2281-4b04-b716-8c2247dccda0,073c622d-1897-457d-8e50-8ae1496d59cc;a92eb62a-b876-470f-9e44-b8e905b9b38d,57c8f089-6905-4855-9d0e-f163d8429b2b,4ea57458-1d9b-48a1-bb87-1cdf72aacaae,4becc401-815f-483a-816b-5cf41d0a739c,fae39385-fb47-4237-a5b0-972ac629f513,d783053c-99cd-42c9-b71e-cb85f6657c8b,e58c7a2f-8d2b-40e8-97ee-9f02044e9b43,45fd7529-80d6-4285-827d-a2b4a644246a,b84c34f2-5af6-42a5-8706-4acfb4a234ae,3bc09029-f846-4347-8b88-9e989102de92,af9aacd1-c4d0-4b3d-9c00-ebc2026d4e28,e0b29e22-bea0-46aa-a1e7-264328ed73cd,83cd38a9-6d0a-4421-916d-1d3fbab5b8f4,c1aefff1-a6fb-4146-99c2-9e3e6a4357a9,70dd7128-af8c-4188-a9b2-031378c3b52e,f0347840-f402-4951-bab7-fc798daf7382,03112109-ad1d-46ec-98a6-23cf45794f75,ada94b99-90c4-4bcd-905b-69b4c21ef501,e57b8180-2a53-4650-971f-a461620f60c8;b563aeb2-600e-439c-8538-b999f097b65f,579c8217-4623-4710-94af-23bc998d4d15,6a529c37-d3d3-425f-b63c-91fc89b2fef2,90aa4988-c92c-4da0-a615-00d70175640a,13adde1e-945e-407d-926a-f91532d446d0,d6ae9f2f-c284-4b1c-970f-959f1d24f3b2,abbbd53b-5318-4936-a279-f1603844079f;dcbf781d-54a3-4734-9b69-a7e119d59fa5;;116;69000000;;;/film/Baywatch.+S%C5%82oneczny+patrol-2017-224731;;0;0;0;0;0;64897;40646;13608;8364;3891;1408;0;0;0;0;0;0;0;0;0;0;0;0;0;0;32821;21979;5878;4019;2097;728;0;0;0;0;0;0;0;0;0;132814
176;61506221-ff26-4dc0-9585-af1e4bfa7a46;2010-09-10;2009-09-15;Bazyl. Człowiek z kulą w głowie;3c7e1786-5ed8-418e-a681-be5f4474850b;;9fd6c915-ebb7-4410-8f3b-4de131a679a6,7c199e28-0ab5-4e52-89af-ca7ce5881239,daed8adb-3028-4be4-baf7-33b3ff0da899,e0bafd52-78ba-45ba-ac7c-6744c439c41e,c9c0929d-dd4f-49ac-8a27-bc73e2dc5bd5,53df2ae9-588b-4578-b7d6-d60d0f66b713,cf32179d-8de7-402a-8b7d-e21e0f50f280,60589575-f4e4-4fbd-9a8a-7f672859f0d9,091fe8d8-7fdf-48b3-82b2-f8b752c5b71a,95857b0a-5c1a-4d5f-94e1-a3bcff75e267,c530340a-ebc5-47a1-87b6-3039c837de7e,a4d9f90d-3cfa-4538-845c-1a0f8982ea17,4fc2af82-3762-4d62-b304-b95f6e87161b,306b4c71-b62f-449b-884a-910407d45d3d,b59d4a66-3bac-4fce-a150-9fe4478db7ff,57893106-e7a2-410c-8f38-75aeced5ea6e,5ad53c3f-3123-4a99-98e7-1e6af89b73d0,750d0d7f-ecea-438d-90b1-5738a88a6f57;f69ab331-d4de-414a-8d44-111f848c4688;0c4d5a3a-abef-41f1-b5ef-efcc9e43dc50;f69ab331-d4de-414a-8d44-111f848c4688,e7d46c6f-9fda-4e75-a500-139c8903af54;f69ab331-d4de-414a-8d44-111f848c4688,05aef12b-4667-483a-8643-a9e07d4cc138,3f8d35a3-9382-4e4f-8b38-ec4beb3e5205,0dded786-2a8e-410a-aa72-4405720703fa;eb094002-40ba-437e-be28-5be2271ecfdc,2d003e2c-9403-49a5-8183-588e0ba55d5a,6a0708eb-e834-48bb-85a5-82a36490c4b6,48744ce2-9af3-4078-b6e8-5cbac7abdf82,131e4050-12f7-4aa9-98f4-cc0deec1eb25,3644f5d3-cf09-4cbf-8f69-52812d61ba82,4847adb2-ec5d-4c7b-a8a7-e3fb8a62b5d0,5305a1a4-d5fb-4fa1-845e-69e1a0b79b78,5f6ca1c6-7a39-44ca-b819-842be3a9e86f;51d9043b-068a-4a31-a0fb-74719a5a6a11;fr;105;42000000;;;/film/Bazyl.+Cz%C5%82owiek+z+kul%C4%85+w+g%C5%82owie-2009-469509;tt1149361;0;0;0;0;0;8554;5410;5130;950;1693;1391;0;0;0;0;0;0;0;0;0;0;0;0;0;0;4908;3256;1932;0;1051;935;0;0;0;0;0;0;0;0;0;23128
177;3a4b668b-08f5-4926-92e7-278b853ddf92;2011-06-10;2011-05-13;Beat the World. Taniec to moc!;f0506edd-d123-41d3-ad36-1d31a8bb23b8,c411b135-0438-40c3-aa2b-88f7c4192e16;;2e954e9a-d02d-407e-8d75-eea0081d4ad5,51ea78ef-9918-4809-b60d-4f051a5d92c0,0acb0983-e100-40f2-8d99-5c3eca75ead0,d6cb0d40-b05c-4e44-bedb-c1e697993a29,a223c0b0-9af3-4ec9-98d6-9a5a8019773c,b2c43fa9-5114-4ea0-81bf-0862e69cc2ce,bfd82df5-2dbb-4f09-826e-addac056cc79,76f53910-d584-4545-87aa-e69b6e6bf03f,28f347eb-cbb7-40b5-a7ac-8bd983e35c8b,3e234897-fb98-46c6-afba-5cfeac2d6378,50b0d151-348b-4c21-b4f8-55827f83d644,7142fd62-e0ae-4e92-aed1-5348b25867f5,a31a502a-703d-47da-9cb4-72b93eec8c9c,beef25ef-f961-4003-b2ca-77ee10dd1db2,2fef7217-77ee-469f-b66c-0c17d3b98468,89852046-c0e8-4e57-99eb-d833290d6cf0,1dc041bf-3aa8-4b8a-bf3d-be6027a4b54b;92e71707-dd64-40d5-9dae-d9dcea0c0768;6dc7f7ed-6e1c-485f-ace0-6547ecb1abd2;92e71707-dd64-40d5-9dae-d9dcea0c0768;92e71707-dd64-40d5-9dae-d9dcea0c0768,8472d75b-c78f-4f34-8aab-88fa3df7cf0c,1fb51b52-2dc7-4f29-a7da-6368887f284b,618d7da7-81d9-4408-86aa-e42e24665952,fb108778-89b6-46e5-8018-685f73ba788c,8fb0c2e8-6344-4b45-b47e-3967a74a7b81,2919b8b2-f984-45f0-8e06-ef971b487b6b,574f3200-f84c-4009-b54b-044a14d5244b,67b6d27f-4da1-4e2f-9d3c-023959b1d208,0ae0f439-3df8-4d2e-af34-e784470084ff,0ec7b08b-1ab1-42d6-8b53-9e0e92a6fc62,4318ab1a-2692-4a50-9fd2-b2b11af851df,8287322a-d863-4729-9eea-82f637fc7b94,ecb075f5-5be7-4f1d-a9e2-c3dc9875c749;83b892d4-57e3-4b79-b722-aa42b86114cd,e1c2faa6-f807-4ea0-9204-001af270fa9d,eb9a280e-e25d-4bbb-aaf5-40ad36ac9028,f6c0ed94-e91b-4a95-b07e-392077abf1ff,040416b2-3677-4a71-a0b5-fb2be0fa941b;;en;91;500000;;;/film/Beat+the+World.+Taniec+to+moc-2011-579852;tt1568139;0;0;0;0;0;21893;15737;11671;4243;1281;640;0;0;0;0;0;0;0;0;0;0;0;0;0;0;10208;6884;6037;1968;468;320;0;0;0;0;0;0;0;0;0;55465
178;860d36c1-8dd3-4601-a4e2-6cc8e6b6732d;2010-03-12;2010-03-12;Beats of Freedom - Zew wolności;2c2fd51f-d2b8-4fb5-aec2-faf911088642,c411b135-0438-40c3-aa2b-88f7c4192e16;;897e5823-a3b2-44d3-80b0-49a9723451f9,734ff879-50c9-4ed5-97e1-adb7ac3cecbc,5614a1e8-dac9-4acd-8da3-4e84db0b579c,aa25618a-1e5f-46f9-af9c-6503a0e4557b,ee917066-b775-4674-867d-1aa835962bce,f9c2c117-0a6a-40d1-ada8-30ca57c7bbb5,47aed3b9-a11e-4a8c-b077-199163bfcafe,3ffa8f2a-1840-4e22-9974-f30361a0b407;e076f3ef-0228-4cdf-ba19-af1e5330d711,5b738975-7c38-42b8-b38b-0b64ee920159;6f1e0b01-00d1-4844-9c68-e9d65479cb3d;e076f3ef-0228-4cdf-ba19-af1e5330d711,5b738975-7c38-42b8-b38b-0b64ee920159;65202cb3-02d6-4bc3-80c3-4e51de94fdb5,605764f6-1443-44c5-83f1-7c5e12d53d4a,c9e4729f-cc12-4a17-b3c2-2f5ade94eff0,462d805a-3d89-4f10-8483-a46e870c8f06,8eba4db8-817f-4034-8c4c-37f12842f4a8;abed8c53-4e6a-4316-a899-261c571b57e2,b0a8f3b4-ce92-4a0d-b482-8fe195db88ff;c29315d3-7743-480d-ba69-783e11af73bf;pl,en;75;1000000;;;/film/Beats+of+Freedom+Zew+wolno%C5%9Bci-2010-527751;tt1542391;0;0;0;0;0;19222;11897;6809;3606;1027;1065;0;0;0;0;0;0;0;0;0;0;0;0;0;0;11717;7362;3701;952;695;288;0;0;0;0;0;0;0;0;0;43626
179;8a1e46fa-f4f8-4c63-91ff-04d2c0097fad;2011-05-13;2011-05-13;Bejbis;f0506edd-d123-41d3-ad36-1d31a8bb23b8;;ce3fc9c9-3c19-463c-94f6-df3944c3f233,de7f9ccb-6d05-4337-a601-93016459a7e5,5c2d6f38-60cc-4175-8365-852f18ffe678,765e532c-facb-4d84-bcb0-5fa002dc1a6e,7a190720-2ac1-4581-9a52-43c6856ef8ed,6389d0c5-0a8e-47ad-a254-2d5d409007f5,4de5b83e-c845-4a78-852f-840f58cbde42,db39eeb7-cfb5-4fec-a654-2a2c08be366d,2e5dc302-11c1-458a-82df-40225ca1be52,f536085d-bf78-4ce7-9efb-e8d5cff2f167,dee448c7-b498-41c6-ab66-33bb51a43547,35b0ba11-a807-4c33-9304-942f7867b277,ecf19489-2fb5-4337-af67-d0f85f38876f,e35c6a95-46b7-4942-ae94-6cc0c0235557,5c18e654-b5d4-44bc-ae58-85377d16d932,13c094cc-44e9-49aa-b859-61ce6d7532c7,f7280c08-be17-408a-9551-75107f532626,a36c7f8e-a859-4309-9427-35770720f1c1;a9112a6b-3dc7-4c33-b27a-9957dd7e6b32;817a06af-b597-426f-8e5d-f006c1b2704c;a9112a6b-3dc7-4c33-b27a-9957dd7e6b32;9c7260c7-4d17-4dcf-81f0-43e645c52f5c,a36c7f8e-a859-4309-9427-35770720f1c1,e2074d22-efe2-4ca0-a797-2f9ef3ebfa8a,02c2fc39-726c-41ae-861a-1e0b7a9c3211,ce3fc9c9-3c19-463c-94f6-df3944c3f233,801f8a39-52c0-42c1-9dcf-3df702c95836,cfeff477-4962-4abc-9a78-7a4f1042fd30,db39eeb7-cfb5-4fec-a654-2a2c08be366d,a4af7e83-1e61-42d4-8dcf-8928447089c4,3bca99c9-83cc-4396-97b1-20fc8bd72c20,c4155b4a-cdaa-40ec-a5d7-fd52774c1010,639d7592-5e43-4526-8e43-c4544e986971,234efab9-904e-4548-b3da-9a4eab29f579,3f3165e0-095e-4aca-b882-4aa46c754c66,d2270022-c386-4067-850b-40c0009c0bef;ecd8812d-1fcf-4e55-b262-060dcb1eb9ee,ebd1fd67-63f1-413c-b4ce-31780b560e56,df68f4a0-d2c1-4a12-b82a-60f8ed7c7773,ebd69451-c64c-4539-ac31-5f54eb910737;dcbf781d-54a3-4734-9b69-a7e119d59fa5;en;90;2000000;;;/film/Bejbis-2007-334480;tt0796302;0;0;0;0;0;2208;906;354;136;0;0;0;0;0;0;0;0;0;0;0;0;0;0;0;0;1217;544;199;88;0;0;0;0;0;0;0;0;0;0;0;3604
180;b8ac5c86-a314-45e5-b19f-8ceb6aed1a56;2017-11-10;2017-05-28;Beksińscy. Album wideofoniczny;2c2fd51f-d2b8-4fb5-aec2-faf911088642;;eb4bf8e8-be9e-42a5-b8ba-01a54ca7f821;c4c7ee8c-3225-4d60-be73-c32753d26327;302bfac0-4eb0-4a8c-b565-8458776ac3d6;c4c7ee8c-3225-4d60-be73-c32753d26327;19b3e90e-05ac-4a96-821c-b2404b040146,18f80294-d7de-4c58-840f-f568040dd492,d7d5f59b-0138-47e4-bd7b-78df075dbd91;07b5b104-582b-44ad-9cd3-0ff70a036ad2,ec684ed5-7110-4663-8c3c-94dd888f3ba5,5f2c3d88-0cd2-4a58-a909-17d9110f614f,3a0d04e3-6372-467e-9896-87056e966925;c29315d3-7743-480d-ba69-783e11af73bf;pl;80;385555;;;/film/Beksi%C5%84scy.+Album+wideofoniczny-2017-787625;tt7444808;0;0;0;0;925;3338;1693;1110;947;273;276;0;0;0;0;0;0;0;0;0;0;0;0;0;0;1706;898;546;164;134;138;0;0;0;0;0;0;0;0;0;8562
181;7c152c48-1533-4865-8b29-7120cfd8fe63;2016-10-07;2016-01-21;Belgica;f0506edd-d123-41d3-ad36-1d31a8bb23b8;;4c61fbaa-e046-4db8-a2d9-04779b95a5c7,3986149c-ce71-4d86-afaa-4e5d3820c57d,9c1d0a54-51d0-4d8a-a47c-dd88e8f81d31,b58371cf-5347-465f-bf54-9e0f5c1fa1ca,ff1cd6f9-6ba1-4f07-b7a4-777f86e14302,f4474858-9a37-468d-ad75-c9229709b381,ed9fc5d1-a36e-4e1b-91b2-23948a761215,8b293133-8637-4d02-9ecf-e47e0b8ffe77,6acf1b40-cd56-44f0-9f22-4d03b1bee5fa,6e1417e0-1158-4f19-b4be-add666516ffb,b7aa04a7-3973-4ca9-b608-0263e6799747,2c34383a-e555-4334-8f6a-fe941ac94ad2,f2376915-6020-4564-91a7-06510aab82ec,4c33e37c-d005-4860-bce0-eadca5f4bf58,a1f89595-6615-4015-89ae-0d1b01642c78,7e3012f5-82f6-49d5-83c6-cad78cb01c0e,5217c58b-b47d-4831-8467-8c24f98a6d60,1935e540-06a8-42b7-a765-73d19e743c44;d83f7fbb-be6e-417e-a2c6-972d1c4ee68a;d8edaed4-aa2b-4b31-8916-c373eaa4ad97;d83f7fbb-be6e-417e-a2c6-972d1c4ee68a,5217c58b-b47d-4831-8467-8c24f98a6d60;b81367eb-9db3-4615-8011-18e00ac08f17,1523dc37-42f6-48d8-8881-8ec1009a1592,762add6f-1e6e-499a-8c7b-b4f0790c230e,77296bed-fba5-45d4-9d4e-47a4ffab165e,da49dac2-3432-4be4-b8a2-6f721c4fa4ed,8cb8d2d3-ff81-47e4-8fe3-19b9534cd159,c73a4074-27d3-457e-a35d-1a0c0b7f1585,614f2520-1eed-44ea-b45b-80aeb858315c;3b8216f0-0a5e-45ee-b989-ce3507e632b9,5abae8ad-a0e0-4fe8-afc2-b0c44f5ae210;51d9043b-068a-4a31-a0fb-74719a5a6a11;qbn,nl;127;1000000;;;/film/Belgica-2016-709510;tt3544218;0;0;0;0;2003;1443;1106;161;168;353;353;0;0;0;0;0;0;0;0;0;0;0;0;0;0;1128;560;50;46;177;177;0;0;0;0;0;0;0;0;0;5587
182;df61b64e-22ac-46b4-81d4-de3a7f0c27e0;2015-12-25;2015-10-17;Bella i Sebastian 2;15c0b1ce-34ec-4d67-ba14-0138c61d5b54,9a150cd3-6c32-4b58-b1a4-aea6992c564c;36,155,177;a1661b2d-a80b-4b08-8dfc-157f5324a277,d2eab115-8d4c-4dd5-84c2-0c53a6752101,fa45fca3-15fd-4002-986b-4b5ec37b6879,bcf9df3e-2520-49a4-824a-3a3e47a0b5b6,c530340a-ebc5-47a1-87b6-3039c837de7e,7b279b97-93db-4169-9750-5846db46b37c,3127bd7c-477e-4588-b1f7-3caca1a12fc7,06d4e0a1-c902-4311-b308-ac0c73d660a8,c7dd38b1-195d-408c-83d7-564bfd012c5f,d839fcf7-3e15-40e9-a280-5c7b83f5f901,d00d1042-baba-41ef-909e-20a434b62c08,70f054cf-98c5-46a9-8544-28b37367382b,d02adcb5-17ac-44ac-b168-79299e4dc4b8,9a18e0e2-b232-4c8b-9403-0a09af524eeb,982dbe48-df1b-47cd-b0d5-a70f3d06257a,fe1ea8d3-2954-4a9f-afd7-f9718e87fd69;91346566-54e9-420b-9a46-e55a91c3ca19;6dc7f7ed-6e1c-485f-ace0-6547ecb1abd2;c2b6be84-24a0-4e75-bad1-cedef95ea5c4,65ad5d86-2b3b-45c7-a826-2a038e6bfafb;0dded786-2a8e-410a-aa72-4405720703fa,2d667693-d509-4973-8bf0-121ecd765538,d00d1042-baba-41ef-909e-20a434b62c08;3a9bbbc9-04a6-4f0f-bae4-0a2fd1844870,7a9890ad-6ce9-4cc3-aaaf-7bad93bdab42,eb094002-40ba-437e-be28-5be2271ecfdc,06c25fa6-6664-45b6-94b7-bf8faec9b70b,08dca5da-1820-4128-a301-87b4f6a9b9e8,a5d26169-387c-41c5-abb7-45eef813e396,3644f5d3-cf09-4cbf-8f69-52812d61ba82,4f8b0f2e-101a-4748-9aff-454b700828b1,e1b2e43f-db48-4cc2-a650-f36a6a9e8bb6,6b2e02f0-9db2-4bc2-94c9-f41fa06f269f,a287b21c-b6e2-41a7-b81d-b2a3134dc302;51d9043b-068a-4a31-a0fb-74719a5a6a11;fr,it;97;10000000;;;/film/Bella+i+Sebastian+2-2015-730549;tt4083850;0;0;0;0;87969;68107;40459;27117;33218;18734;12537;0;0;0;0;0;0;0;0;0;0;0;0;0;0;28357;25678;15983;11232;6804;5737;0;0;0;0;0;0;0;0;0;288141
183;498dae14-39b4-4ea4-8605-c67b4385c460;2018-05-31;2017-10-21;Bella i Sebastian 3;15c0b1ce-34ec-4d67-ba14-0138c61d5b54,9a150cd3-6c32-4b58-b1a4-aea6992c564c;36,155,177;a1661b2d-a80b-4b08-8dfc-157f5324a277,d2eab115-8d4c-4dd5-84c2-0c53a6752101,64f4dd82-9be1-46a4-ac59-7d7212024fc3,fa45fca3-15fd-4002-986b-4b5ec37b6879,03040813-516b-41f9-b4cc-e108228cabb2,82b2ce1f-e334-41e9-af7f-96a252ac4b1e,f6ed0d74-6fa1-4c99-b44f-94f2501a47da,5f6d01f8-d556-4833-b16f-0d02fd7413da,b7cf3b2c-9f6e-45ba-9102-e7fbd8ae01b5,b6962e2a-19ab-46fc-9923-a187b1617ef3,d00d1042-baba-41ef-909e-20a434b62c08,fd97a083-6366-4fe4-ac1d-17a3bf037487,20394c57-e65a-43d7-9613-677734cb5ffa,a983598c-028f-49d3-94a8-7215ef45832d,947cf0d0-30da-4e82-bf59-eec5c81c119c,a82db2de-5d12-4a81-9a31-5600454c5174,ffbafd23-bd8f-4c15-a894-6b2faee34f9e;64f4dd82-9be1-46a4-ac59-7d7212024fc3;6dc7f7ed-6e1c-485f-ace0-6547ecb1abd2;c2b6be84-24a0-4e75-bad1-cedef95ea5c4,65ad5d86-2b3b-45c7-a826-2a038e6bfafb;c3a30eb0-cae7-4012-86c7-67c2cae93338,3f8d35a3-9382-4e4f-8b38-ec4beb3e5205,2d667693-d509-4973-8bf0-121ecd765538,d00d1042-baba-41ef-909e-20a434b62c08;40a6ab76-9c49-4bc8-b762-1b34239ee4ce,eb094002-40ba-437e-be28-5be2271ecfdc,06c25fa6-6664-45b6-94b7-bf8faec9b70b,08dca5da-1820-4128-a301-87b4f6a9b9e8,a5d26169-387c-41c5-abb7-45eef813e396,4f8b0f2e-101a-4748-9aff-454b700828b1;51d9043b-068a-4a31-a0fb-74719a5a6a11;fr,it;97;12000000;;;/film/Bella+i+Sebastian+3-2017-804497;tt6449336;0;0;0;0;19282;70658;34829;38353;15934;10620;5433;0;0;0;0;0;0;0;0;0;0;0;0;0;0;45044;14453;9651;5214;4222;1842;0;0;0;0;0;0;0;0;0;195109
184;684558f4-4797-49d4-ba81-7a29f184831f;2016-08-19;2016-08-10;Ben-Hur;f0506edd-d123-41d3-ad36-1d31a8bb23b8,d33826ab-c38d-47eb-aeb2-db999473a128,9a150cd3-6c32-4b58-b1a4-aea6992c564c;;c2775714-7e68-4726-bd85-0de8a8bcac92,9b059fdf-6ebb-4de0-890f-1ff7dc069641,20cb054f-ce3a-4a1c-a403-70e187372595,dda17ced-bf15-41d4-a29b-b2fa5cb68289,ae791876-5d9e-477f-8e19-2fd945970dde,1b509d1f-f888-4d5d-80fa-1700ccf1e423,39f458ce-f5d5-45b4-8cc3-160bf475f796,f47071c0-c83b-4a1b-b807-7d16c025171b,dce25863-fd85-49e9-a5e0-352bbfcbfe1a,bc751a39-e6bc-42e2-a661-38c7e16cfa9a,d601e7b7-83ff-43ac-8cc5-697a80a02392,d926a673-4504-4b41-8a60-0b4c2a65e1d3,544c3e2e-d83e-4c44-95b0-af93080fa8cf,5383aa9c-1a87-4225-877e-e95ad2996f92,475fd924-dbec-4645-bc37-afc7ad69e1da,e53b6777-6749-4ec7-a6ec-44f59189545e,6e130df8-5c73-453b-8365-4f14a29125ac;084445e0-3fc2-415e-86b7-b7e565b7f402;34b67685-59b6-4f6e-b120-d5a4616fbe1c;868ddee8-7f4f-4ad3-9b42-cbf675d7347b,7e70b9a4-4e4a-4e56-aa60-d36f6f11f226;7e70b9a4-4e4a-4e56-aa60-d36f6f11f226,6da3ca51-f30a-4504-a43c-5256a1059f41,0339a539-ec62-48da-b38a-e405d196acc9,1f8022b5-79e2-4677-a621-1ebc478442ec,55be6508-a3e9-4dd3-a024-2f766d87c4ed,868ddee8-7f4f-4ad3-9b42-cbf675d7347b,995594b2-a10e-4b73-a56b-607559711c33,a8e56965-0738-4577-8d7e-6b4a343ef621,1236c178-423f-4c63-81cc-659f54539d01,3c0a5868-9ee0-4771-bbf4-8babeb581f38;3266d26b-1397-404f-bdef-d62ac7942a20,23a35a21-b21a-4e4d-8327-909f0629e7aa,b563aeb2-600e-439c-8538-b999f097b65f,bb049eb6-47f1-4f4b-b6ac-fc8a31bd3dcc;dcbf781d-54a3-4734-9b69-a7e119d59fa5;en,fa,el,ar,la;124;100000000;;;/film/Ben+Hur-2016-679424;tt2638144;0;0;0;0;0;41526;17839;7555;3435;984;982;0;0;0;0;0;0;0;0;0;0;0;0;0;0;21301;7947;4253;1864;493;491;0;0;0;0;0;0;0;0;0;72321
185;9c5c72a7-41cf-4c2e-9b06-558211d26f21;2018-07-06;2018-06-14;Berek;57366ac3-c349-4e55-ad5d-6f8061179e88;;44822ab8-0573-4c40-8d85-e0b9fa551415,4489dfdd-44e3-4fb8-8b1b-185b05e4d8c0,c6525c9b-e189-45fc-968b-0313dafc9c81,440a1276-bf47-4ed9-8114-fd2c00bfbe2d,7bf53aa6-5a72-4ff9-89c9-cde851415a9b,0200ae1c-1a4a-4a87-bbf4-3fb1b6a190f8,a906f43c-90df-4504-b9d9-506bffe0068b,6882856d-85bb-41d3-bc38-ec63ce0e5fb7;7205a1c1-e876-4506-b312-529014655730;3a6ff2c0-9128-4bd5-a9db-42c78324f0d0;f8c94a6a-cdda-4676-b683-e6cb34a9b713,9fcb59c5-ee4c-4ae0-b6fc-f914fd9a93ed;fac5788f-11b2-4e76-a77a-7500cd7f7e1d,c5176988-34ae-42e4-8c0a-5764f459727f,9fcb59c5-ee4c-4ae0-b6fc-f914fd9a93ed,a276e224-3c6a-4b36-b702-34829984d2ae,f087e63b-e2d4-47f8-a6a0-c7f7392b0a84,730ad08b-1101-489e-9bb8-8f036a6aebf9,2ca4b6cd-46ff-4772-abb9-e4eb6ee5bf64;533c30a5-405b-4df5-badb-ba32b6b48340,4c5a3153-29fd-4c94-abe2-2e0756ba6122;dcbf781d-54a3-4734-9b69-a7e119d59fa5;;100;28000000;;;/film/Berek-2018-791088;;0;0;0;0;0;61965;55033;21918;13410;3684;2055;0;0;0;0;0;0;0;0;0;0;0;0;0;0;26801;24614;10300;6282;2656;1028;0;0;0;0;0;0;0;0;0;158065
186;ef945e41-b5b0-4879-a499-1247b7a9f25f;2018-10-26;2018-05-12;Bergman - Rok z życia;36a330ff-bd5d-4a0e-b74c-8a0d4473b778,2c2fd51f-d2b8-4fb5-aec2-faf911088642;63;db270498-3f54-4a73-afe3-7d1fab499692,01cc9c97-c9ba-4263-98c3-6f721d48dfeb,58950f17-af07-47d7-a0a8-a1277915d2f0,e5f9dafc-aa9c-454b-8b6c-ff57aad543cb,5c3b40dd-e996-4f26-a5bd-6a9c15a3e03f,de42f8ee-4633-46e1-87cf-3098288119fb,9d09531b-c699-4a99-ac1a-bb894c567a97;e5f9dafc-aa9c-454b-8b6c-ff57aad543cb;01d1875f-b7b0-4de5-8528-e813904d923a;8ba746b7-5f29-4f16-be73-bb78e4c9ae0b;8ba746b7-5f29-4f16-be73-bb78e4c9ae0b,e28062a4-482f-47b2-887e-64caf06d1967,a2a252e3-bbe9-47ad-be5f-60985356b259,8ac96151-8260-45b5-9406-b001b522d465,21c6746a-f2e8-4288-9828-dc2874a925d5;f60245a6-2ec9-485f-93e2-ce9308ee96bf;;sv,en,de;117;1000000;;;/film/Bergman+Rok+z+%C5%BCycia-2018-808176;tt6109168;0;0;0;0;779;1220;421;287;168;0;0;0;0;0;0;0;0;0;0;0;0;0;0;0;0;642;192;69;11;0;0;0;0;0;0;0;0;0;0;0;2875
187;514153f2-4e4d-4cd4-9abf-7ee912bf8fed;2019-04-05;2018-09-07;Berlin, Barcelona;cf603e2c-4964-40f0-aaf4-d2e082a07d77;53;e2075282-82a6-44f1-b7b0-2cb92171d3dd,a6dd598b-252a-4b69-81c0-72e5d698b117,e3622929-9cac-4077-b8cf-3469c1f2765a,d6d2d73d-848a-4dad-bb3d-bcaddf09c3fa,a9c2c166-a231-4081-9b1b-503e367e1a7c,9f06b4bb-78c2-4da8-8a48-55fadb3724f6,f4b686c5-c7f3-48a4-b346-31cfa827d126,5d15bac6-39ce-452a-8f56-e9b7f7e57c18;8dfc3b67-617f-4f37-bcb6-1da29bab4f2f;1886bb61-6185-44b0-849b-ed26b23b5074;8dfc3b67-617f-4f37-bcb6-1da29bab4f2f,b3832dae-9440-4b53-96fa-52aea9d0d9dd,be315b8d-c3d8-4656-b48b-07a9409250d8;29b78464-50b8-4c2c-8a27-78fa54aa019b,a5829984-8439-49fa-a374-1af01fe2f9e4,ef0e80d9-d0bf-4824-828c-5446dc9c365f;8e491b6d-3db5-4c9c-8709-f7f95fb196f4,d3b1ca39-ec34-4b6f-8f47-f926833c4699,fabf9fcb-f2be-4b59-914a-6b5c582dcc42,dad3dd86-9104-4d6a-851e-9675f9359bab,67814d97-22c7-40d6-afc5-ede1ebb6872e,a714b7a8-e815-466b-9d39-c1c593d66af4;;ca,es,en,de;99;1000000;;;/film/Berlin%2C+Barcelona-2018-795161;tt6256452;0;0;0;0;1309;1029;752;304;187;85;84;0;0;0;0;0;0;0;0;0;0;0;0;0;0;624;504;66;69;43;42;0;0;0;0;0;0;0;0;0;3750
188;c5aa823d-9f26-4fc9-abb3-c11f199ce5a0;2012-10-12;2012-01-20;Bestie z południowych krain;f0506edd-d123-41d3-ad36-1d31a8bb23b8,45434b4d-8a1e-4d0b-8fce-cd849ae707e0;54,59;b4530223-dbda-4baf-9ad6-370207a0f167,cbe4c6c6-190a-4c0e-a96c-df85b02f4de8,4ef977f7-2cc6-4149-8283-222da1c07b2d,7d1500a9-1eea-4043-b666-ceecb72ac2cb,43f2de9f-7597-464a-8b51-2484a0278e61,39d8b543-07f7-4203-a52b-0c50109e8858,d1418b23-46cc-4e47-8bf8-14a02c4ee6e3,e8c96621-fcd7-4113-9e38-6e0076972cae,0ff5f7f4-b8f0-4925-a00a-57a38ed72181,79e30cf0-af61-47f3-8ad8-1b6f62777385,d856ddee-5260-4d6f-90bd-7ded7108fbb9,f3d75617-581e-49ed-8b95-cddf863e3dc4,b17e4b12-f389-46b8-ac3b-6edf18b597e4,56ffbd37-a1e0-4976-9b23-ee8fba45bdb7,0b379ca1-8ae4-4784-ab76-efbc21850a58,cd4d2313-6934-4aa4-8530-a5de6eeeb042,2de049e0-a199-4e9c-a1aa-46aa717cd35c,7de4a994-57a2-481d-9968-f1b1601e60b6;a70b0332-a324-4b30-ab18-99027fa5343d;a4abfcce-d2ce-4ab3-becd-258c33b13102;6d7b922f-0957-4d54-b057-e8c6ea24e3fe,a70b0332-a324-4b30-ab18-99027fa5343d;4f2c3a59-a912-48a6-93d4-e4c83ad4d98b,03f317f8-af0c-4804-aa56-3947b1fa87e6,89b29543-1e01-44df-9b0d-743a25efe8f2,9e831719-4996-44b7-a1dc-91b1714dc0b5,f4a68d36-76b7-43e4-8267-4f34e98c29a1,66dc66f6-b727-45e2-8b9c-9ca5560d01ef,6c5dd6c4-9e8e-45d4-a437-d8d657f8ac60,234227dd-f7a8-4ab1-ae29-221c412791b1,70f3eabc-f089-472a-ac13-abfc23f941cf,f9e75c1d-3733-4ea0-8b1f-ccc6905adf03,5a556ca7-f11d-44d6-b6fa-e3e06e7b029a,ee833820-da60-4945-9b9b-2e65b391d79a,ed72e344-0470-4a62-940e-93f7d294d829;a2f739e0-fc5a-46de-af9a-f9147c1c6099,ae6f84d3-8e4b-41c7-83f3-81597856d728,c00b8889-866d-4e13-ac92-420658ef9f47;dcbf781d-54a3-4734-9b69-a7e119d59fa5;en;93;1800000;;;/film/Bestie+z+po%C5%82udniowych+krain-2012-644471;tt2125435;0;0;0;0;808;5320;2914;1734;1319;561;450;0;0;0;0;0;0;0;0;0;0;0;0;0;0;2851;1424;1005;621;301;106;0;0;0;0;0;0;0;0;0;13106
189;8325449d-bc82-4dd0-9bbd-64b224c4c53d;2015-11-20;2014-10-29;Bez granic;f0506edd-d123-41d3-ad36-1d31a8bb23b8;;d6ea0f14-4023-4ad1-8e87-db6777af64f9,b150e6b8-f667-4502-9896-4a31a6c8c0ef,a1d23422-88b1-47f3-a015-7ccd1e97a8dd,9a762ac3-d05e-4713-a502-470699e07af6;4778b744-ecda-407d-8308-3ee1ff2638d2;a7794c2e-b6b2-4053-8f41-e2dd000fb17e;4778b744-ecda-407d-8308-3ee1ff2638d2;369d1c24-336a-46a1-b236-a30db24848a5,ba30c24e-9c3a-4409-ab15-75488587da46;;b0233cad-fd3d-4140-b00b-28a045525410;fa,en;102;2000000;;;/film/Bez+granic-2014-752186;tt4131210;0;0;0;0;0;429;80;26;11;22;21;0;0;0;0;0;0;0;0;0;0;0;0;0;0;293;37;26;0;11;11;0;0;0;0;0;0;0;0;0;589
190;49723f6f-99e9-43c7-bfce-567342426666;2014-09-26;2014-09-26;Bez litości;1db1ac18-a83d-4645-9cb7-3c60a03012ba,d34b4e2c-74ce-42ab-b438-86fbbdcaee15;116,156;4ee28051-e7b1-498d-a6c7-d1c82064ee6c,c27baf19-845f-4780-9146-6bade1c127f0,14cd9e25-3148-4100-8f6a-19e8cf608152,9ae99ada-5552-4b2d-8ec8-455e8877694d,4e6758a2-461e-4c7e-9112-80eaf33e2bf0,7d7e3776-ceed-425e-8089-260bba3baca2,b8967343-f80b-4d19-8105-5681b5ef647c,96b5a2b8-7ed2-4102-868a-10c0a99e5fef,5e98f3a8-65e1-4c9a-b145-55aca9ea7bd4,92c18490-2afa-453a-bb00-df8b6b94931d,761820d1-fe94-4ddd-9970-3e0285537e4d,028e0115-25c0-416a-9c7a-d7c27679fb19,523a19d5-1134-4b5b-ae98-cf29b8006001,6c696d73-3e42-4783-886a-c507ff88eab9,648bc9ff-435f-4076-b75a-acc03bfb186d,d6270ef3-b713-488d-bb12-3c04b66e36a4,f24f3331-8f7b-4fd6-8a9f-bf03edd6195a;b19dbe4b-6cbd-45b1-8a95-d1269324de6d;f44346b1-d6b2-41b4-876f-1b6682aad3ab;b3bdb517-6ffe-42c9-8a75-e3cb4ee326a4;4ee28051-e7b1-498d-a6c7-d1c82064ee6c,b3bdb517-6ffe-42c9-8a75-e3cb4ee326a4,6ad2711b-a107-4ffa-9cc0-00e2cd2d7fe2,a82c5afa-9cab-4de7-921c-7222a3c7d807,634c82af-de92-45e7-acb0-21f62b4af805,a630814e-726a-472c-b3ae-d92b2a259400,c58b7764-5dc1-42e3-86ec-edebf636a746,3ffe8532-eef0-409a-a922-f9f6f3c572be,dc26192e-3f26-42d2-91f7-be6e8b59e900,b4d55561-50ce-4b2c-a711-5e4353b91011,a9fa3719-5c58-423a-ae52-588ad30369de,207ad81a-40fa-4908-8e29-2cf57fef8300,acfa6be7-b66d-4387-a999-53b7f12bd229,d9f85895-ddb8-4f36-b618-435bfc9eba9f,53c4634f-4a3e-41d0-8c89-786712d337cc;226bcf6d-8cdd-4700-b0c4-d629c8ebf5ba,0b28d028-e069-4821-b696-c612ab1e96fa,48b866ac-521b-4b2b-bb1a-c9be0f1ce2b2,a80e902d-2c65-4996-b09f-8399b868b560,b584f402-7c91-447f-b035-b3e28cc983e7,f354b968-e20d-4b84-abff-24df9a7ce232;dcbf781d-54a3-4734-9b69-a7e119d59fa5;en,ru,es,de,uk;132;55000000;;;/film/Bez+lito%C5%9Bci-2014-316785;tt0455944;0;0;0;0;0;60308;27927;10020;2278;269;268;0;0;0;0;0;0;0;0;0;0;0;0;0;0;33006;16275;5670;1557;135;134;0;0;0;0;0;0;0;0;0;101070
191;ebeef50b-0225-4ca1-a972-0e08db933e83;2018-08-31;2018-07-18;Bez litości 2;1db1ac18-a83d-4645-9cb7-3c60a03012ba,d34b4e2c-74ce-42ab-b438-86fbbdcaee15;116,156;4ee28051-e7b1-498d-a6c7-d1c82064ee6c,67d6b1a8-dbc6-4414-8a51-cd73022a38eb,875588b2-f486-48f3-b6a7-a60608415bcf,81579b8b-92a3-4ee2-898f-4f98db43bd69,7d7e3776-ceed-425e-8089-260bba3baca2,b8967343-f80b-4d19-8105-5681b5ef647c,6c05d815-7c61-4f64-ad52-5dea962bb676,21e556a7-b0ac-469d-8797-36213337820f,4a6f8734-5e26-4d62-bfe0-4f112ce2f3aa,3b407a6a-e916-4509-bd96-d3147ec58cc0,98653e8b-e9c8-4657-8318-5ebc86712c28,1edb0f38-1281-47f6-ae5c-77e2c6c2c311,a5f2eea5-b144-4a7e-9a5f-29015a6f69d5,94db73cc-721e-4381-86bc-79931bccdeec,d8d59bcf-0c98-44cb-ba19-a5d195a0d8f3,a8d669d9-de72-4fb6-bf9d-9123b1d24e72,b8842d85-24a7-4d48-98b4-32b87e2e0558,f8cdd3e6-08f5-4b37-8c09-5ee0d63ef33a;b19dbe4b-6cbd-45b1-8a95-d1269324de6d;f44346b1-d6b2-41b4-876f-1b6682aad3ab;b3bdb517-6ffe-42c9-8a75-e3cb4ee326a4;4ee28051-e7b1-498d-a6c7-d1c82064ee6c,b3bdb517-6ffe-42c9-8a75-e3cb4ee326a4,b19dbe4b-6cbd-45b1-8a95-d1269324de6d,6ad2711b-a107-4ffa-9cc0-00e2cd2d7fe2,a82c5afa-9cab-4de7-921c-7222a3c7d807,acfa6be7-b66d-4387-a999-53b7f12bd229,d9f85895-ddb8-4f36-b618-435bfc9eba9f,634c82af-de92-45e7-acb0-21f62b4af805,53c4634f-4a3e-41d0-8c89-786712d337cc,c58b7764-5dc1-42e3-86ec-edebf636a746,586c2797-34a5-4343-8e00-f2ca739ade6a,dc26192e-3f26-42d2-91f7-be6e8b59e900,a9fa3719-5c58-423a-ae52-588ad30369de,207ad81a-40fa-4908-8e29-2cf57fef8300,4cff4c6d-b01e-408c-b14d-bea4b3b79c9b;226bcf6d-8cdd-4700-b0c4-d629c8ebf5ba,0b28d028-e069-4821-b696-c612ab1e96fa,588af1b3-7b24-49c9-a4c9-19e878117783,48b866ac-521b-4b2b-bb1a-c9be0f1ce2b2,a80e902d-2c65-4996-b09f-8399b868b560,104f79c5-160d-4a95-9811-ffd8aa341fed,f354b968-e20d-4b84-abff-24df9a7ce232;dcbf781d-54a3-4734-9b69-a7e119d59fa5;en,fr,tr,he,ar,es;121;62000000;;;/film/Bez+lito%C5%9Bci+2-2018-734586;tt3766354;0;0;0;0;0;55598;31804;15557;6781;1918;373;0;0;0;0;0;0;0;0;0;0;0;0;0;0;36241;19597;10190;3966;1067;187;0;0;0;0;0;0;0;0;0;112031
192;16ec1f41-beb6-4a13-83b8-90bb04a89f05;2011-04-08;2011-02-23;Bez smyczy;57366ac3-c349-4e55-ad5d-6f8061179e88;22,110;95058f9f-6ee5-4eba-aacb-08fbfe4bb027,3b9431fe-8b2e-4fd9-8b01-c15cb7471d99,ed6320bc-1131-4f19-84b6-fb3c88d60d55,561289c4-4fec-4da4-b6d3-37e250f0905a,fc2dbdac-d337-4732-a1da-813a9d9c2b77,d34a7524-928c-4e2d-8b8c-52caaecb43f1,e5f0ee4e-913a-4f72-a1f9-d70ecf711598,298832ba-ba7e-4eed-abc5-6b7e5b2bc39c,abc4eb2c-e37a-441d-a740-d83256f26710,dfb7860a-2a8f-47de-974f-323b6337836c,5eb9f3fd-811f-40e8-ae71-14c97370f9b1,2e5dc302-11c1-458a-82df-40225ca1be52,33e7f35d-5fa4-45ed-aa99-11104ff93bb1,569717f8-3bde-44aa-8ed7-b7e0c929302f,d4e90316-dace-4e15-a4a4-fb4a62ef29de,1f1c558a-d1d3-4f90-ae94-8299220147bf,1ae89a6a-647c-46b7-a006-1517e63069db,b469c763-45d1-4c8f-9398-c1c7dd3dd332;57be6eda-f2a2-459e-85e5-29ceed809bd4,81ecd0bf-0a0d-416b-8958-c9d92505be29;3a6ff2c0-9128-4bd5-a9db-42c78324f0d0;c5479876-1bef-403a-afc6-63e752e3d681,57be6eda-f2a2-459e-85e5-29ceed809bd4,81ecd0bf-0a0d-416b-8958-c9d92505be29,54d0d26a-d1dc-4b28-9397-4a4c20b4f77a;71e054cf-5dc0-44e8-beb2-7dd64c00a39b,81ecd0bf-0a0d-416b-8958-c9d92505be29,57be6eda-f2a2-459e-85e5-29ceed809bd4,b6758551-5d16-455d-89bf-7af175bcc0e1,a747e7ae-7ace-49fb-8c9c-814542db3a88,a0175d85-a528-400e-ac71-11501a7cfdab,336d8791-9d8f-4297-8e7e-83ee9ed6d822,148c4c16-9dd3-400b-923c-086f1367a24d,94ad9bda-01db-4042-be25-0ade7dbc648e,f02e06c0-8847-4d1f-9b57-16cb1a5a323a;a4ca13c2-e796-4798-9a4c-b34fc08dae3d,4c5a3153-29fd-4c94-abe2-2e0756ba6122;dcbf781d-54a3-4734-9b69-a7e119d59fa5;en;105;36000000;;;/film/Bez+smyczy-2011-556038;tt0480687;0;0;0;0;0;24754;13930;7964;8998;1090;348;0;0;0;0;0;0;0;0;0;0;0;0;0;0;14762;8689;2334;3619;640;244;0;0;0;0;0;0;0;0;0;57084
193;896ea620-45d0-46e5-ba42-a63300874e9c;2012-07-20;2012-05-07;Bez wstydu;cf603e2c-4964-40f0-aaf4-d2e082a07d77;;65c530dc-e4f2-49d9-863e-c39bf8d9664a,501c3a4a-16bc-4f9e-8758-f527974e0d11,1fea1f68-d337-47b4-a30e-32cb5375b6fd,530ce8c4-46d0-426a-a065-94f1a12fad45,6886dfb7-7170-4c8f-8793-1394d953f0b1,e8197675-73fb-463a-ab67-58ca82c198d9,79d22197-6cb6-4b2f-8d0f-2540ccef8abb,0a8961b7-16e3-48ba-9854-9774ab4db1dd,50b6e4fa-5edb-423e-b85b-c0578a2d8c24;51b4d439-c8ea-48ab-bd67-d875e8d3cf7e;e71270d1-d648-42e8-b1cd-58315299e461;857a908a-9229-46af-9645-4dc65f94bc4d;95e8417f-f83f-49df-8c55-0cd4825db6db,b4a5aec8-cc08-4773-92c0-3fd13759d13c,e993d0c7-01f0-4b46-9a8d-c0bc49b96bfe,b3d6b31f-8326-4651-af98-06c224808a05;2e03dbe6-9ea8-498c-a57a-0a25d9c95c01,08e03e8b-145f-4fe1-8122-3e181f172e3e,2a68c455-6e78-4884-8401-cbbc36619109,5f2c3d88-0cd2-4a58-a909-17d9110f614f,501b3f8f-81d4-4bbe-b081-020a9e8bc3a8;c29315d3-7743-480d-ba69-783e11af73bf;pl;84;3000000;;;/film/Bez+wstydu-2012-650399;tt1927068;0;0;0;0;0;0;0;0;0;0;0;0;0;0;0;0;0;0;0;0;0;0;0;0;0;0;0;0;0;0;0;0;0;0;0;0;0;0;0;0;0
194;ed22f4b6-aed3-4c46-b860-e292e85c84a1;2018-04-06;2017-05-17;Bezlitosny;f0506edd-d123-41d3-ad36-1d31a8bb23b8,c8692873-ebae-4261-a833-4378ab4e126b;54;80a20a19-30d4-44ec-837e-ef10f5f8d351,3843aa37-5065-47c2-8d21-a73bf2fceb8c,b02999a3-3243-4d1d-8503-44cb9d20b777,87439dc3-42bf-4351-a8bd-a2be2de623d6,9fa31cdb-ee4b-4bd7-82f3-caef7d85ce63,f1f37291-6dd7-456f-ac0e-e6237ee13c39,ef136518-aff2-4b07-a22c-351f5aa25c2f,7cef7661-9fb8-4ae2-b5ca-a995cc52cf61;00402956-f142-4d52-96ae-0b089a0c7095;817a06af-b597-426f-8e5d-f006c1b2704c;00402956-f142-4d52-96ae-0b089a0c7095;;26509925-87af-4b8e-bac8-fac6c981daf7;;ko,ru;117;2000000;;;/film/Bezlitosny-2017-782167;tt6777370;0;0;0;0;0;123;10;9;9;0;0;0;0;0;0;0;0;0;0;0;0;0;0;0;0;92;5;4;5;0;0;0;0;0;0;0;0;0;0;0;151
195;3ed2580c-bf45-4d6b-9d76-aa36194e577c;2015-01-23;2015-01-21;Bezwstydny Mortdecai;57366ac3-c349-4e55-ad5d-6f8061179e88,d34b4e2c-74ce-42ab-b438-86fbbdcaee15;;37433d45-398c-4376-a4f2-9c099f4a424b,0ebede71-0ef9-49f2-baaa-ef6db253a55b,e9fc151a-46f5-4e71-a85f-20712aa9d88a,1b7c1a0e-e9e7-44a9-b0b4-fc57729f715c,a459dfe9-214c-4956-a16f-5df93385ebfa,059e15f2-f9d2-457f-b28f-87dcb5ea9aa4,ea8fe85b-a807-422f-8d8b-d55be5e7dea6,f35f329c-0304-4d35-bb0d-b97a8c44d79b,a227b8c1-6f58-4bab-a765-27daf4dc8e16,7a4004ee-1c2a-437b-9cee-b0a766b108f2,5cde504b-b99d-4362-81b5-5a749433bc01,4ed059a2-cb2d-4ddf-8e5a-edf8310ce411,35012896-cd9d-414b-b582-dc7700acbac8,a40d435e-e2e5-4668-84ad-474871ab12b1,3ef473e0-2125-415e-9123-f9e73820d2b1,ad38cdb3-857e-4b95-8df3-18986add3e25,a58391f8-6311-46fe-9de4-eb03e9738a9b,738bb8a1-eb8a-4966-bcaa-faea56ba5639;c54d4415-3bbd-42d6-a7dc-77cc9eca2302;6dc7f7ed-6e1c-485f-ace0-6547ecb1abd2;86319240-d1a7-4a88-8ff1-d0f158a01ab1;37433d45-398c-4376-a4f2-9c099f4a424b,8acfa7c4-fc27-4518-b472-9deb2d30c027,57a0a5d7-4e8d-4615-9fb6-5b6b363a61f9,33bebbaf-e247-4dd8-9820-e99c5c05cfce,f015c84a-6775-4ce0-89f9-7480fed65487,94626bc2-cacd-4614-bdef-bd9798efe027,9f2e38d4-5771-4d5d-b739-cab50d627fa2,6a54c926-a79a-4ac8-8f2a-7a1292b6f6ad,755e0691-ab6d-4277-b9cb-fc6da583ddf0;575dddec-0ec0-4d88-b093-7c7ab46a975a,cd7ed438-caab-401d-9c73-c9772546d339,160cfc41-d70c-45ca-adcb-587072cbd18c,2f8818bd-79a5-4b53-9511-cad77a86a5f8;dcbf781d-54a3-4734-9b69-a7e119d59fa5;en;100;60000000;;;/film/Bezwstydny+Mortdecai-2015-693177;tt3045616;0;0;0;0;0;45296;24722;8126;1794;1563;1562;0;0;0;0;0;0;0;0;0;0;0;0;0;0;26229;14214;4534;1221;782;781;0;0;0;0;0;0;0;0;0;83063
196;f732ddf4-c129-4850-8d51-b2b6f8a2ccc9;2010-01-15;2008-09-05;Będzie głośno;2c2fd51f-d2b8-4fb5-aec2-faf911088642,c411b135-0438-40c3-aa2b-88f7c4192e16;;685d6c41-0df1-447a-8759-81c83915f1f9,6cd33061-8de4-448c-b0d1-464b305081b0,efa33035-7aef-4d13-a413-08ba60e470ed,eb63edd5-72d3-46b2-bb91-9caf4875f973;b40c4998-9e60-46e9-8c45-ba639bbf8982;f13023fd-efc3-43af-98c6-50964c66c585;;685d6c41-0df1-447a-8759-81c83915f1f9,155c2b54-82da-46ae-a0c2-e8bbe3d3f610,c72cb97f-ef34-4cf7-85dd-241ca7247a5b,3dca4bd5-d608-463d-92fb-c7bd6980f294,c0d4ec99-40d5-4cd3-8083-c4e757f64db5,47656494-221f-4128-93a7-4a5bab7107ce,6898382f-cf34-4392-9e70-4fabe9c1206a,b3a16558-e135-4e51-95f4-ffaebaea47c7,c742d0a4-4358-4f4c-b47c-c794d67d99fc,b40c4998-9e60-46e9-8c45-ba639bbf8982,90a4840e-c976-4e19-864e-c21c1a2305ce,aa382790-f5f6-4ccc-b227-a943bceb7ae0,69cb0075-629b-4519-9f9f-10a69cef9acd,9585e444-9274-4491-a519-60cf331ad701;4f5d2fb4-b454-43eb-997d-63b02be069fc;dcbf781d-54a3-4734-9b69-a7e119d59fa5;en;97;3000000;;;/film/B%C4%99dzie+g%C5%82o%C5%9Bno-2008-489725;tt1229360;0;0;0;0;0;132;132;132;132;132;131;0;0;0;0;0;0;0;0;0;0;0;0;0;0;66;66;66;66;66;66;0;0;0;0;0;0;0;0;0;791
197;49c039a3-7ab8-4b36-a9d0-6af95ee67ce7;2013-03-15;2013-03-15;Będziesz legendą, człowieku;2c2fd51f-d2b8-4fb5-aec2-faf911088642,92c04792-0ced-4eeb-9f80-04c13ce20d44;;68032a30-ab05-4112-a528-7132b602b261,6d533415-1662-48be-b9c5-91a8c89753a9,8bfcfd50-471f-4e5a-bfc9-c477ed296572,0b2ce007-59f4-4d9d-a74d-ee0bd1f0b162,459f32ef-7835-4e8b-a023-81e2c48c65c4,955809da-7c00-4986-8278-c21e61cb7477,7811b0ce-e859-4495-9281-1a85ecf5528d,2ec37a5a-422f-4cc9-889e-5fa29faf15f2;9d4a7fca-b530-4c0c-a632-bd25ae4c99d0;e71270d1-d648-42e8-b1cd-58315299e461;9d4a7fca-b530-4c0c-a632-bd25ae4c99d0;cf8c872d-a34a-48f6-ab2e-da75fbaee404,3a281e78-cf5d-4613-aa53-c321a1076d5d,c66b050a-892a-410e-a0eb-bc576b43d166,813166e8-13a4-4cfa-b701-158cf4213369,5502355c-aa77-44b9-b0bb-a4bd4805f97e,b6280b52-4a62-45e6-bcab-607749895548,f88f3ed3-9a61-401d-8d0c-d9fe3f57ae8e,462d805a-3d89-4f10-8483-a46e870c8f06,2aa762c2-19e0-4540-8f24-dfea19ced2d9;490a66a1-8c4a-4e4d-acf3-494ff592669f,39e719ac-1d76-4f71-88fe-9ab905c51a66,abed8c53-4e6a-4316-a899-261c571b57e2,ab81b490-687b-4f37-8f46-b344143a5e01,5f2c3d88-0cd2-4a58-a909-17d9110f614f,00ff1c27-7d00-4232-8635-ee79a6d95d4e;c29315d3-7743-480d-ba69-783e11af73bf;;77;1000000;;;/film/B%C4%99dziesz+legend%C4%85%2C+cz%C5%82owieku-2012-649864;;0;0;0;0;0;1179;231;230;4;3;3;0;0;0;0;0;0;0;0;0;0;0;0;0;0;490;116;115;2;1;2;0;0;0;0;0;0;0;0;0;1650
198;35c0d551-c32f-43e8-97f8-1decfe74272f;2017-12-22;2017-12-21;Bękarty;57366ac3-c349-4e55-ad5d-6f8061179e88;;95058f9f-6ee5-4eba-aacb-08fbfe4bb027,44822ab8-0573-4c40-8d85-e0b9fa551415,5482a35c-ba9c-4904-9b81-cc11bbda1ae9,f41be881-839d-447e-b642-f6b56b4afd38,7291fabd-fac5-4ad8-a093-c5a6b0137127,e5f36196-8968-4c46-b0d8-e88d5adbcceb,b7c66448-00da-4bb1-a350-3c7a7ecd58b7,cc847186-f8ee-4653-a10a-db97bc364e0f,715253e7-58ee-4c78-bae6-f45807d37901,b73871f9-680a-4e6e-8007-7c89c82a4f18,e5697480-43ab-47f2-925c-d0673c8b7964,07636c23-4438-4fd1-a2d3-8226a731ae4e,51878c1b-9c2d-4351-93b4-c9adbaa847c7,fbc4d059-bf5d-473c-982e-7696801c6029,36733eb2-28a8-4b27-97a0-942cd65ce8b3,80c553ee-87d4-46cb-ba27-27098368943c;98e4daf6-855d-43ce-8e03-944bd47ff5ff;3a6ff2c0-9128-4bd5-a9db-42c78324f0d0;90051bb6-659c-4cbd-8a75-3c737f5bc294;57c8f089-6905-4855-9d0e-f163d8429b2b,e7f694af-d177-44d8-98b4-79785f25f8ba,d7f04fdb-70b9-4100-b02f-4724ae695b4c,c9f05843-40b1-4d66-ba43-4d6112cb2b49,b84c34f2-5af6-42a5-8706-4acfb4a234ae,2799ac50-ab0c-4b65-ae27-68321dc50150,c1aefff1-a6fb-4146-99c2-9e3e6a4357a9,70fc8489-3270-4d7c-8b7a-89d5d8501575,95a670bb-98a2-4319-bb31-81b1874055ff,d8b8d0bd-a60e-4522-a73c-8d75570492e8,ed659a64-f58d-4eb9-81d8-d8a2741dc081,04aa69c4-d667-489f-9a6a-2846fd42b71f,a72f5828-4e9e-41a7-aa5e-2e5d60234351,c25dd693-78ce-47a8-b433-59126a215368;dc51233b-58f9-4da5-8d6b-1810115f8fd0,7dd3709f-f5cb-44e4-88aa-30595f757134,13adde1e-945e-407d-926a-f91532d446d0;dcbf781d-54a3-4734-9b69-a7e119d59fa5;en,haw;113;25000000;;;/film/B%C4%99karty-2017-751878;tt1966359;0;0;0;0;0;0;0;0;0;0;0;0;0;0;0;0;0;0;0;0;0;0;0;0;0;0;0;0;0;0;0;0;0;0;0;0;0;0;0;0;0
199;3369f45c-266d-46e0-b630-aa09e2f86c1f;2016-07-01;2016-05-14;BFG: Bardzo Fajny Gigant;15c0b1ce-34ec-4d67-ba14-0138c61d5b54,45434b4d-8a1e-4d0b-8fce-cd849ae707e0;;8d02589b-b272-44ec-95a0-d38f77f2b924,796c367d-7001-483f-9560-4dd8725ad945,72370fa2-0744-4a79-949e-334d8fb50ce3,02876d6c-6732-498a-9f0c-2550d10776a5,c2d3fc31-4685-4ea4-8260-7bf0bd78392c,3e4c07c0-703d-4011-8608-c6e84406ca84,5892acdf-dc8f-4e4e-abf2-ca2425263c28,85883a0c-c175-4c5f-8f87-3dcfa6fc6190,9ae78e0c-f4d6-458f-ba55-a62d2a54ef90,e5673a2b-414e-437f-a937-7203478e61a1,19424d7c-12b5-485d-aa47-6b11b99ae8e5,c58a2978-f564-4e85-a0fe-b2ac376e23be,e6fd7639-f6e5-4a84-ac27-b38c047d175e,d9ffefe5-ae7d-4d61-9b02-689a99b37f83,c60b8085-b5c4-4b26-bc76-f5982eb3714f,6a86c214-307e-49f4-92ea-f93dc07a754e,57417135-bab1-43c2-bd7a-8a3abe5d6407,792ccea7-a251-4263-b67d-17439587b7bf;10ad3205-d4ae-4a78-855c-217b66cdc505;6dc7f7ed-6e1c-485f-ace0-6547ecb1abd2;a66d4d8a-d470-43e3-bda4-0ca635753ed4;10ad3205-d4ae-4a78-855c-217b66cdc505,124ab9f7-4874-4a94-aea2-40c0495feb66,1242a5b8-bf40-4a79-916f-8796f45cdfd9,890ed6fe-5afc-4fdd-93cf-9e7a4bb29493,236fba0e-6e34-4f94-8f2d-4738b5f9ae38,475b7386-b209-4c80-b8ae-0f4ee11d6e2d,7a4bbee9-cacb-4252-bba4-bad42d147567,d37d2d67-54f5-41ea-a7b3-324660030e5c,cd8f768a-72fa-4396-80fe-1600640c8607;749e0433-7d9f-4022-9406-35cd2fc48fb2,08d2094c-302e-43ee-a868-5891c01e1455,59f86ebc-e639-4306-ab1b-1045fca19024,2fbe1422-1078-4e47-b64f-e5198ee9b3b1,bc4ffba1-8301-470a-b224-19f210d5438f,3c3fee43-f828-4c35-81d6-5bf009be4ca1;dcbf781d-54a3-4734-9b69-a7e119d59fa5;en,hi;115;140000000;;;/film/BFG%3A+Bardzo+Fajny+Gigant-2016-715135;tt3691740;0;0;0;0;0;126541;100129;70928;27884;17571;10770;0;0;0;0;0;0;0;0;0;0;0;0;0;0;50217;45993;36631;10336;7769;4018;0;0;0;0;0;0;0;0;0;353823
200;87039d16-eba1-47db-ba89-196a2f79d6b0;2010-09-17;2010-03-18;BIAŁA I STRZAŁA PODBIJAJĄ KOSMOS;4fc66943-7c2c-4e0c-a93f-8f7abb752c8c,15c0b1ce-34ec-4d67-ba14-0138c61d5b54,57366ac3-c349-4e55-ad5d-6f8061179e88,9a150cd3-6c32-4b58-b1a4-aea6992c564c;;acfd72af-d152-45d7-90a8-106e53aa20d6,29430f76-2bb1-4578-98ce-20d5ada32b8c,f233b13c-cf00-4bd9-bed6-045a19bd6c84,c934c5c8-1f3c-474c-abc7-c0e6beaf18df,03217526-367e-4547-879b-c39f560bf03b,44900731-869b-4a3f-9330-12dc193ea998,715acc6b-5ab4-42c0-b8a4-3e93213ecd7a,3e9a5d98-4d22-4668-afb9-9f36a29e3062,b313eb3f-8542-45c5-894b-867d50b8f768,f676e468-73fb-47d0-b6ec-d29391eea237,e50026bd-8810-472c-b76a-ab9d7577227b,e3aa9222-93bc-4782-86d3-75becfc0c8b3,e35bd767-5413-4bb0-8bfc-b2426e9dddd8,f8c3f42f-5753-4eba-ad12-99568b1132b2,420b11ac-0028-498c-8572-930be19bbba3,76855bcd-34ef-4374-9807-c6277ac6b3bc,11355cca-a441-4bf4-a34c-b3711b91a0c6;017dbf52-91b0-4c3d-aaa3-889f227f1b6a,c91661d0-ad37-44b3-8d64-23fa12f409bc;6f1e0b01-00d1-4844-9c68-e9d65479cb3d;8dbec125-b2a1-4d29-b19a-cfc8c4551c9b,8cd37b0f-8d33-46de-b103-b6760cecae2a;8a0f31ea-960d-467c-8bd5-8bd5c19f73c6,8dbec125-b2a1-4d29-b19a-cfc8c4551c9b,d5b2bdaf-fd32-42a4-bb28-541c078c73b6;a2fede62-5e4b-49e7-9d8d-d8f000763bc2;;ru;85;25000000;;;/film/Bia%C5%82a+i+Strza%C5%82a+podbijaj%C4%85+kosmos+3D-2010-490204;tt1272051;0;0;0;0;1725;48601;51756;24763;32407;13200;7066;0;0;0;0;0;0;0;0;0;0;0;0;0;0;37980;34123;18866;24995;9158;4274;0;0;0;0;0;0;0;0;0;179518
201;a9a5de90-f8d2-480d-9f0c-b40717ecebaa;2011-07-29;2009-07-29;B-Girl;1bc8cbbe-fb9e-490f-a24a-e54e6013de4e,c411b135-0438-40c3-aa2b-88f7c4192e16;;3a724a04-aef1-42d8-81c6-cd9379242488,dee550b3-42de-491c-9ffb-59c8306d6505,289c7e94-4f31-4f5f-bae8-cde127a007a0,4836b0c4-54e8-4b60-abff-837b8d088c65,46211e74-e68e-46a5-8bf6-378166f9011a,c50630ee-f65e-4289-8d96-ff99e438295c,7b2a9401-6474-4c04-84ec-ac6fcaf16dd6,f46fa568-265c-4577-be9f-830e83f3e12e,1df427e3-0a6f-4bea-a3a5-5a680b9e46c2,57e9e350-04ea-45c7-8bc0-725862520348,13be28a1-4740-4738-84cf-88fbf3588d50,e07aa227-c490-40ae-bae7-2f61c12fd476,fe96797d-4252-4e87-8143-0b5f17d1a9ba,a411b2cc-857a-4554-86e9-dc3d1f92eb01,410de883-8205-4811-b1ae-347752185ed4;ba97cb25-2bc7-4b4f-b69c-76c81dbb235b;e71270d1-d648-42e8-b1cd-58315299e461;ba97cb25-2bc7-4b4f-b69c-76c81dbb235b;fd1eead1-3dcb-4ec5-93da-0541728debbf,747b8d65-19cd-4b5e-805a-1467593b950d,d6aa83c5-ec06-4dbc-960c-f7606ddd0b96;c7ed8edb-a280-4f43-8c0c-6324f4be4f3f;dcbf781d-54a3-4734-9b69-a7e119d59fa5;en;88;700000;;;/film/B+Girl-2009-432798;tt0964179;0;0;0;0;0;94;24;24;23;4;4;0;0;0;0;0;0;0;0;0;0;0;0;0;0;82;12;12;12;2;2;0;0;0;0;0;0;0;0;0;173
202;e1beded1-fe1d-44ae-99d8-e3672f9f522a;2012-12-07;2011-11-16;Biała noc;1db1ac18-a83d-4645-9cb7-3c60a03012ba,d34b4e2c-74ce-42ab-b438-86fbbdcaee15;;1f77012e-f7be-4cb5-8309-db915ec1f122,a2ff8280-e16d-4bd1-933d-f41bee58e0cf,35c64c89-2c4e-489a-9426-08527e2c3d89,408800b0-d69c-4762-b27f-0ba8cd9ce08c,992f3308-41ef-4aea-9b6b-7137682fa2f2,ba850181-7849-4fae-b66c-d86a690d7a38,c1884b63-7bf8-4c8c-9931-e33764aeb658,92efd5cc-a467-4f2a-8f8e-f06688683198;e10040e8-cfaa-4e1e-8002-246a3545047d;f13023fd-efc3-43af-98c6-50964c66c585;e10040e8-cfaa-4e1e-8002-246a3545047d,584e5741-c6e5-4cdc-af93-eec519705aa9,cf2bc06f-8fd7-43c8-866c-3d8d69b6d428;c88df9a0-8cca-44ca-9dc1-e21220cce03e,80414b4f-565c-437d-a724-e66864133c1f,3628c19f-24cc-41e0-bf21-1b3a379f25d9,c75ef767-f2c3-4112-bba7-80611a26d08a,d1499206-6be3-4c22-bc9c-c78e9559ff07,03a61985-ef1d-4fe6-910f-6749a200c5c1,3efc4913-c976-422b-ba08-08bee7fd118b,ba44e8b2-a1c3-437a-b8c8-4e2a3d6fac70,c6a5fdf8-36eb-4c46-ba78-1d9779d3b1d7,34d80b04-2e8d-4518-a40a-d15c9b571389,7c994353-c2be-435d-a780-fb0f9e11980c;3a9bbbc9-04a6-4f0f-bae4-0a2fd1844870,7a9890ad-6ce9-4cc3-aaaf-7bad93bdab42,d6864ac0-262b-4650-82dc-38646c6403f8,85b0c869-66fc-4018-ae24-cc9f833e9a2c,55191a4e-f182-43d0-ade5-75bd9bd052d5,c77a2eb3-9137-4ed8-8ea9-d19bab402fe0,d448c4ba-029d-4398-830d-cb51cb21a6a4,f71ed295-64d3-44b2-a509-678483ee1e8f,bc5ec647-aa87-45ed-84e8-aa4e7ad24113;51d9043b-068a-4a31-a0fb-74719a5a6a11,03aa0c39-3180-4314-80f0-e1abc5482cd9;;100;4600000;;;/film/Bia%C5%82a+noc-2011-585784;;0;0;0;0;0;798;797;798;797;0;0;0;0;0;0;0;0;0;0;0;0;0;0;0;0;399;399;399;399;0;0;0;0;0;0;0;0;0;0;0;3190
203;25fb73e9-cfd6-4ab5-bc07-48103d7e384b;2015-02-20;2014-05-17;Biały Bóg;f0506edd-d123-41d3-ad36-1d31a8bb23b8;;93bbfc3d-f271-4522-9fb9-b94855c74995,c884ec48-c37c-48aa-a21d-5ed047b86aa0,1ff747d3-d780-4f01-acc7-3f1497fcc2c0,61d9cfb1-62b9-4878-bd82-255d19b31e6d,d6c24c58-55f8-45cf-889a-7115a064f48a,0ef6c05f-ccd0-464e-9b3c-8e3267d2830f,8918f507-7ad6-4304-a32c-553ba03945e9,b483bc1e-3de6-4724-b274-ccc3e8734fd6,1e957dbe-703c-4c9f-9936-ddb840554e59,c660cd6f-bfa5-4e3d-84b8-70745a1eb31d,b45f93e2-d811-4583-89a7-d3fb988a568a,2a6e88b1-913c-4178-82d0-1595aaa95617,29153be4-c200-4923-a4ee-11b639c7885c,29b28857-db65-4a78-9500-ae737bfad6bc,d9d9da68-e33c-4760-b547-2bbdef43db41,de4ca13e-6bd6-4093-afbf-42555881838b,f4c0c77c-ed76-49b9-8ac7-0b2dbbd9e206,c6db587c-8459-4cc3-80b7-ca4f6a2e0d6b;de4ca13e-6bd6-4093-afbf-42555881838b;01d1875f-b7b0-4de5-8528-e813904d923a;de4ca13e-6bd6-4093-afbf-42555881838b,1d18af84-790f-4b7e-88ac-eda61e9f24d0,91805354-2259-49c0-b2cf-a3f10426f132;23ae1087-53c5-4145-bb5d-b3e4399c8aaf,ca994600-e7b1-4a92-b8bf-74324c1089fe,1d18af84-790f-4b7e-88ac-eda61e9f24d0,5b943a4d-93dd-4fee-9f51-9e5ad665df16,9d7e318d-ee71-458b-b9a0-55c7e124c745,64820009-e3b9-477c-b3bc-b0d944408bbd,a9240d81-2490-4fe4-a321-b06e8d894c10,59640196-a4de-4d61-897f-4277ada0a59a,d9286744-6f1b-4553-9258-47036ed19176,12c28e84-cfdc-4d59-90eb-6a3cd05d4a2e,a9df454d-a902-41b9-9fb6-903022769877,dfbf5b56-4dfe-4e74-9cd0-038f0d889f25;f3493e4c-e5e6-4500-969d-44daccda241b,972ce11d-3c42-4c2a-9db0-978776c5b3b2,629679ba-d516-4d56-9175-dcef7b511080,155da645-3057-44ac-9f8e-3b5741846016,e6a1faf0-2a4f-4f0a-8ecd-b150e25b0182;40b32eec-a75c-4549-b8b7-0d3b90e2ef32,6614b794-9b07-4de2-837e-3aba6098ec7a;hu,en;121;2000000;;;/film/Bia%C5%82y+B%C3%B3g-2014-712735;tt2844798;0;0;0;0;0;2297;218;110;59;27;26;0;0;0;0;0;0;0;0;0;0;0;0;0;0;1980;47;53;9;14;14;0;0;0;0;0;0;0;0;0;2737
204;68720e70-bd7d-4c40-9403-5c1c9e65b159;2019-03-29;2018-08-31;Biały kruk;36a330ff-bd5d-4a0e-b74c-8a0d4473b778,f0506edd-d123-41d3-ad36-1d31a8bb23b8;53;8e3412fd-0479-4056-9795-32260d5b429e,9e95335c-f8b4-47e9-8d64-1f2d16057718,c99cc58f-7640-4792-9213-191d56002fb9,9f87aad2-bbda-4238-b14c-0acf533b2514,1d763f79-bba1-4ae5-bd11-8d0c2df82f42,f8d1b54e-f37a-441d-b6b2-2de7f211c91a,9dcfbf84-b362-4334-a495-eb642cb818b3,2f90d078-449a-4515-a98a-efc8381bb022;9e95335c-f8b4-47e9-8d64-1f2d16057718;f44346b1-d6b2-41b4-876f-1b6682aad3ab;937fcf17-357a-4a83-94b6-a0924e44744a;d967f660-05b9-426b-91e4-eeb889463808,d9208ba5-a916-4aac-a716-9ff357ae7d71,7638b5b9-f21a-47b9-90c0-d927a2344194,d9ffda4c-74b8-436b-aefd-9af974dbf8dc,bd1ba95b-6f06-403a-9550-1911b5e98257,d285cd02-b6d5-4a1d-aae6-523d3aa8ad01,1e42bf15-d523-42cf-8ea3-de3e15779904,56cc067d-e7ea-49dd-9756-c717b91e7aaf,665f8fb6-ed00-471d-9586-b2d73edd873d,c3c10d42-2c45-4aa0-b4f2-94864558a2b0,3ccd994b-1921-44ee-b054-c31a0b680126,4f2e2fb5-d075-4c35-b22a-3f8c54f11f11,02955dde-d499-404a-943f-95ed56551422;03925e40-f29b-49db-a42c-998ac5aa4b7d,b943eca7-57e6-497f-b51d-b6d02686126d,5e0a2d1a-b818-443a-8a73-1e03266369c9,3611e415-e632-49c1-a4db-8e15f4a17f8b;;;122;1000000;;;/film/Bia%C5%82y+kruk-2018-793629;;0;0;0;0;0;6180;3267;1573;614;614;179;0;0;0;0;0;0;0;0;0;0;0;0;0;0;3642;1704;946;307;307;90;0;0;0;0;0;0;0;0;0;12427
205;ea5c5509-36ad-48f8-8f2e-e3ef47cb8871;2018-09-07;2018-01-21;Biały Kieł;9a150cd3-6c32-4b58-b1a4-aea6992c564c,4fc66943-7c2c-4e0c-a93f-8f7abb752c8c;36,56;9d7e2670-4ac9-42ad-823a-0d6997623813,9dcfbf84-b362-4334-a495-eb642cb818b3,e0bafd52-78ba-45ba-ac7c-6744c439c41e,bd3a5f56-de4f-4038-b4cd-661659889951;e6153e9e-54fb-4363-b708-ab3d6304ad20;e71270d1-d648-42e8-b1cd-58315299e461;9aedfc4a-138b-42e0-a9b1-4f61a5da4d96,262329e5-d5c7-4b51-a9f4-14bfe8551aee,8884c771-a799-4da1-9e60-4a3d28e6eecc;8b75f981-900d-435b-8a95-1d121fcb08b1,4082c222-42fb-4c66-8c8f-e3fe59266e0b,43969ed1-6518-48da-84d7-8d8f6c60b524;16f7b930-5c79-41d9-a6eb-d2aa6538b096,c80a811e-d777-47ca-8f36-f1e20081f652,6270564d-e86e-4241-84c4-6bb06f1357da,20ca6e8e-567b-4667-b374-5c502b1bd13b,3d23d782-4545-4ff0-bc0b-77de703d1454,3a9bbbc9-04a6-4f0f-bae4-0a2fd1844870,730ce0b8-ed1b-4f4c-872a-9e6730e4999d,85b0c869-66fc-4018-ae24-cc9f833e9a2c,b2f1ec1a-01d0-4357-b4e6-4eae724a459a,131e4050-12f7-4aa9-98f4-cc0deec1eb25,fe31c645-c290-49b2-b043-387c34667f34,1d315dbf-ea87-4140-bc2d-2c0f798268cf,c3be267d-ccd0-4fa8-a80e-ecc1b6d2b4ad,72a0b702-5d1d-438e-85bb-c1ac19920c27,6a7c4f65-3a30-4076-9b7f-77f65caec057;51d9043b-068a-4a31-a0fb-74719a5a6a11,03aa0c39-3180-4314-80f0-e1abc5482cd9,dcbf781d-54a3-4734-9b69-a7e119d59fa5;fr,en;85;4000000;;;/film/Bia%C5%82y+Kie%C5%82-2018-806652;tt5222768;0;0;0;0;0;44669;59972;45672;37423;17711;8133;0;0;0;0;0;0;0;0;0;0;0;0;0;0;32650;43359;24682;20472;8552;4385;0;0;0;0;0;0;0;0;0;213580
206;120f4db1-5187-410a-a71c-14f688b79e65;2017-10-20;2017-10-20;Biegacze;2c2fd51f-d2b8-4fb5-aec2-faf911088642,92c04792-0ced-4eeb-9f80-04c13ce20d44;9,63;12577c8e-d2df-49f7-94c1-b6627d23a3f3,0ed8cf58-5d99-4140-b363-5b0b2a8c45ca,72c1033e-b2c6-4846-8a86-c6367c996a63;0529d154-c87f-4f27-bece-26ad23c1c8b3;817a06af-b597-426f-8e5d-f006c1b2704c;0529d154-c87f-4f27-bece-26ad23c1c8b3;6f58ec59-5699-444f-bd76-a248efba522b,72351d24-9a96-4412-bb94-77d80339910f;5f2c3d88-0cd2-4a58-a909-17d9110f614f,47b8b7ee-4da1-49e0-979f-42a4329064cb,3a0d04e3-6372-467e-9896-87056e966925,2fe74ac1-8bf4-4fae-a704-31ab445c1ed3;c29315d3-7743-480d-ba69-783e11af73bf;;72;2000000;;;/film/Biegacze-2017-789500;;0;0;0;0;1241;1281;905;724;705;307;306;0;0;0;0;0;0;0;0;0;0;0;0;0;0;869;586;266;127;154;153;0;0;0;0;0;0;0;0;0;5469
207;7c4f03f4-2d9d-4770-9086-8de2c1e03081;2017-09-29;2017-02-14;Biegnij Amelio!;f0506edd-d123-41d3-ad36-1d31a8bb23b8,9a150cd3-6c32-4b58-b1a4-aea6992c564c;60;06bfda3f-d593-4297-9dab-c851b64fc21b,e15dd8cd-4cfb-4ba5-bf27-83447f863399,fb75851b-8613-49d1-b5a1-c60036456b87,ed3ff661-629a-4648-83dc-a361f76b2a92,7aa36ab5-17ab-47c6-bcf0-f61ab8fa8a31,b5f197b0-aa24-4ed7-a89c-d7f5376c1840,5e5c3a34-de81-440f-8d69-f37ad447e850,5fdec253-4d67-4f87-ac0b-b482243394e4,4d08b539-7c2b-4148-a2a5-1e987450ff08,5eba21e9-0dd5-4d09-8163-46389a88bcd8,1e218984-0599-4249-b786-4c1ede71180f;4b784a8a-dc18-4617-ad82-a5dccfc90649;f4b55c4c-9fd2-4c03-94c8-94c595093805;44f79b09-b761-4210-9714-64084f73b47d,1f41444e-7e06-4296-8fde-e1846ec1369f;17090d38-e26a-419b-95d7-8c0b8cb6708b,cb7f1131-e3fb-45dc-bca6-6d8c060919b2,3263a194-8e57-42c1-99e8-075fe5bdbc44,212b541d-9192-447a-9ce8-831d4a7df429;aeaabf63-d6e4-4782-a5bd-f86f2fd5b6c4,e1417c83-642e-43ba-a4d3-13d08943e3e8,4797241f-b8b3-4166-8014-b3be42c02824,8c8c3799-8e2f-48c4-b0ae-69806613cc8f;6614b794-9b07-4de2-837e-3aba6098ec7a;de;97;1000000;;;/film/Biegnij+Amelio-2017-781286;tt5712474;0;0;0;0;0;1664;1261;1548;869;7;409;0;0;0;0;0;0;0;0;0;0;0;0;0;0;979;524;459;370;4;205;0;0;0;0;0;0;0;0;0;5758
208;23c12cbb-9967-4026-a085-8e4254c638f0;2012-02-10;2012-02-10;Big Love;1bc8cbbe-fb9e-490f-a24a-e54e6013de4e,1db1ac18-a83d-4645-9cb7-3c60a03012ba;;9ceca586-502b-4479-bfaa-f57ca2be40b0,731ccb1b-fda0-4931-827a-217b628e2cbe,eca62d68-bf00-433e-9224-d8efe1350a96,5a8b2c18-3b3d-4c8c-8e54-0773253c93c7,8a346c1f-2e1e-457e-ae95-9d949b573d8f,1abf1bb3-ac3c-4e25-a173-be9aa3182411,f52195da-b082-4006-9347-5488ed69d061,347ec2de-e6e6-4791-bfc8-3707f503fbc1,a6bcc7c0-eb1e-42b8-9d45-e178dccce047,b57a6382-2753-4496-8963-afe43c6569ea,f9bd84a9-70e2-4385-8e60-0230bc60324c,e01da8c0-b310-4a75-b29a-e7da6c9776b5,de343bc0-1cab-47ec-9c05-016e5b167fd0;6f93f09e-bffc-489d-9ab4-e11ae71f11e7;6dc7f7ed-6e1c-485f-ace0-6547ecb1abd2;6f93f09e-bffc-489d-9ab4-e11ae71f11e7;7d0d385f-0b6a-4c01-bb15-458503454214,359bfd59-f70b-4bb5-9444-749a46298659,caacc1a5-c010-4837-90cf-29b4cb097bfe,75acd41f-7ef6-4ced-a3f5-30b2ef35efa4;5f2c3d88-0cd2-4a58-a909-17d9110f614f,324a299e-1afb-4dee-a79f-3146cbfdf385,afe3c0df-dd68-4411-a237-a01ffe5b1541;c29315d3-7743-480d-ba69-783e11af73bf;pl;100;2000000;;;/film/Big+Love-2012-628710;tt2226301;0;0;0;0;0;141269;45401;16273;4153;1857;1570;0;0;0;0;0;0;0;0;0;0;0;0;0;0;54495;26093;10628;2398;1460;785;0;0;0;0;0;0;0;0;0;210523
209;244b356e-cda7-428e-bdb3-f959e8544f95;2016-01-01;2015-11-12;Big Short;f0506edd-d123-41d3-ad36-1d31a8bb23b8;;7b26e28d-b033-4936-b914-ee82dbeaf34a,004fed6d-6fc1-436a-b4b9-ae0966889137,d6d2ad54-1091-4a8f-a7ea-3a5f7cfd1886,c968c3c2-e8e6-48f8-8a54-c7036c28f00a,0b3b724f-91f6-4c9e-b745-70a9dff5064b,68bea354-433b-42ce-8075-66fd4066a5dd,a6fef582-9c29-4d8b-8567-43c282848439,36f3ac7c-dad7-47cb-90f9-b4037c6aa3ff,0fda38c4-d1e0-4c55-8676-6f83d2e6cde4,d0c5dc85-4ad5-4832-a4f8-e1acee3e5a41,c6466bb3-c5da-4cb7-be1b-d8c908090ce7,ad641f2e-643b-48f1-a61a-eb50b5f4ebaa,f4cdb38e-aa70-40af-a7d7-07eeaace2295,6a5cb253-c782-4210-bcd6-d57497fce66a,7fb3de99-2a3e-45ed-ada8-e12d25bfac58,cf6806dd-1de5-4647-ad46-879ce2a2929c,03b9034d-d7c6-4bb0-91a8-2049c3eefe58,e7d271af-281f-40da-ab97-347700b99d2a;7a86f154-4603-4888-8c87-41ae842fb321;f44346b1-d6b2-41b4-876f-1b6682aad3ab;7a86f154-4603-4888-8c87-41ae842fb321,cf51a2a6-8ef6-41ed-bff2-f9a237205771;13ee4b77-10e0-4dd5-878b-53462a2e63ee,a92eb62a-b876-470f-9e44-b8e905b9b38d,9899396b-206d-4275-be9d-978e77f6e3c4,1f5bb108-0135-4069-a5ac-63dfb587fb84,dbc6fc2b-2efe-48f3-a7a3-eefaf0a6e88f,074c7bca-b942-483b-bd01-4ee5d8128a40,f0a482fc-80c0-4496-b9b6-8ef808ddb259;61981091-39a4-4ed8-b493-e3eed43be62f,20e620cc-11f9-46e9-b18f-f07cdf550544;dcbf781d-54a3-4734-9b69-a7e119d59fa5;en;130;28000000;;;/film/Big+Short-2015-732548;tt1596363;0;0;0;0;0;61025;31874;18728;10475;6335;3577;0;0;0;0;0;0;0;0;0;0;0;0;0;0;33507;18083;11070;5980;3479;1814;0;0;0;0;0;0;0;0;0;132014
210;1e73382f-ec0f-4598-a260-193423122fc9;2013-11-08;2013-09-12;Bilet na Księżyc;2cc23d9c-a2c5-43ad-8ff3-747de8e71b80;;deeb867e-85de-4d8a-b388-f0c49ebd4447,6f6be25e-35fc-413c-8b20-6a26d2caa9c5,de639bbc-d24f-405f-993e-fc66901c6839,af74323d-5510-486b-8097-bda2fd1cd401,318d0882-d44f-4089-9480-ee0292c14218,d3047e45-80e4-4938-b999-eac4c251a5f5,3316126f-782f-40bd-9f04-e91a409be3c4;b74f8c6e-9015-455f-8ea2-4da07b53f76e;e71270d1-d648-42e8-b1cd-58315299e461;b74f8c6e-9015-455f-8ea2-4da07b53f76e;75411cfc-df95-4bd9-98d8-635c8e7b46ac,b74f8c6e-9015-455f-8ea2-4da07b53f76e,95e8417f-f83f-49df-8c55-0cd4825db6db,2d711f2c-2322-455b-833a-3c5e9f14862a,6bd8d762-b798-4a45-899e-f0550b92bbab,b0c0c61b-2704-462b-a2da-ba8dc85cbf31,0d0a3da5-5d17-4e8e-a9fa-f30bb6473609,3f50711a-9852-4a0d-b20e-e95505ef338b;5f2c3d88-0cd2-4a58-a909-17d9110f614f,b592aa0d-1501-4ec5-b3d5-ae7225cc3b59,501b3f8f-81d4-4bbe-b081-020a9e8bc3a8,3a0d04e3-6372-467e-9896-87056e966925;c29315d3-7743-480d-ba69-783e11af73bf;pl;120;5000000;;;/film/Bilet+na+Ksi%C4%99%C5%BCyc-2013-662224;tt3092590;0;0;0;0;0;45732;24635;4116;1121;1460;1168;0;0;0;0;0;0;0;0;0;0;0;0;0;0;26404;12643;2631;709;876;584;0;0;0;0;0;0;0;0;0;78232
211;f1683f41-1cb8-4ce1-bfa5-62f156b6e21f;2017-04-21;2017-04-19;Bikini Blue;f0506edd-d123-41d3-ad36-1d31a8bb23b8;;fef5da93-4163-44c6-a9bf-885a18f83c5d,2885131e-3640-4d34-9371-3f77f8596dc5,06a1735f-c603-4c2e-b91a-9720b89c1404,8ed3866d-929a-4b0c-ac9f-76dc457c5d4e,4ab7b8e6-dcba-4de2-889d-a43c35178984,e14a2f6d-ae22-4d39-8025-e01ec9deafd5,044bda8c-7839-4b22-ac87-c5741e9353f4,f945733c-a260-4d05-94a8-af411fc3ff64,5e2e4afc-8f79-4fe4-b609-9a66f7504265,60476571-af46-4138-9fb6-2afc4c0618e4,07de5e1d-f4e9-4ad4-904f-3df5b12fa76f,9440c1c6-35f8-4cc3-99dd-4787b3d04d4e;d882ed56-54bb-4780-a5e8-553b75bc3797;2469ba5d-8a2c-4349-b38d-227be4d8eb2b;d882ed56-54bb-4780-a5e8-553b75bc3797;75411cfc-df95-4bd9-98d8-635c8e7b46ac,b74f8c6e-9015-455f-8ea2-4da07b53f76e,2d711f2c-2322-455b-833a-3c5e9f14862a,576826ae-5375-437e-8fbd-601bebb1eb2f,5866f481-2bba-493e-a5fd-5b763dde4dfe,b6280b52-4a62-45e6-bcab-607749895548,2126f8eb-f6e8-4a4b-a569-56c205ea3470,15f512e9-ed83-4bae-ad80-6f22f87b5993;ab81b490-687b-4f37-8f46-b344143a5e01,5f2c3d88-0cd2-4a58-a909-17d9110f614f,0acede43-f638-4747-8e13-68d189602f9f,cf30c55f-0fa3-4c89-88fd-885fa6a8e899,b592aa0d-1501-4ec5-b3d5-ae7225cc3b59,d771e04b-027e-44d0-b58e-69670c15907f,37e925bd-19d4-41e6-be8f-b8c8483e8f77,92695579-640b-4791-9343-1c6036a4eb44;c29315d3-7743-480d-ba69-783e11af73bf;en;90;4446684;;;/film/Bikini+Blue-2017-770640;tt6770034;0;0;0;0;0;6561;3255;575;196;303;167;0;0;0;0;0;0;0;0;0;0;0;0;0;0;3973;1612;114;53;85;155;0;0;0;0;0;0;0;0;0;11057
212;ac96a611-a236-48a5-b043-0db250bdd3f0;2015-01-23;2014-08-27;Birdman;f0506edd-d123-41d3-ad36-1d31a8bb23b8,57366ac3-c349-4e55-ad5d-6f8061179e88;;753fdee3-2b26-4148-885d-d80da7bc3797,11f87736-c43e-4184-b1ca-fa003bc05e66,02963b3b-cd98-4e4c-9b55-5dcca1c5a598,abfa736a-929f-4c0b-ab8f-a14ea6610801,dd23bda2-a479-4c82-9407-c968443b37c0,bab9b0fd-926c-4aab-a4db-e1f12f68254d,668fc77a-b572-427f-b0dd-951d54caf56e,d2c50259-6e61-465c-bbd3-95ad184247f6,f6fde28d-6cdb-42ed-960e-d27a72f03d4f,ad684b45-2ba8-4c2d-83f2-e9330fbb1dff,72a1b05b-7364-4075-b70f-ffe3a250f13d,9469a8bd-3d01-4760-99d7-a68734d69be9,60248217-c466-4b88-8b48-b4e97c7b487a,07377ad6-23ae-44e1-85d9-bfc4aa4db432,6580767b-9866-42d4-8252-7db0d179b935,e1b7a700-642c-4f63-bee9-e14ea285057f,90482eea-6d8a-4ff6-9e95-b912e7526112;3a42b684-080e-4abd-90bf-7897ba900792;f8c298fc-ffb3-4397-9e1b-d709aee89d2a;3a42b684-080e-4abd-90bf-7897ba900792,df80c839-1f70-4619-b7b1-9f6f7d16a8ee,abe7f99a-336a-4738-88fc-a22e9c873cf0,a3516f71-88a2-4240-858e-09ed24d74699;3a42b684-080e-4abd-90bf-7897ba900792,9899396b-206d-4275-be9d-978e77f6e3c4,beb6f2ee-1133-441d-8821-354b20b04a42,1d58bd17-bb35-4a25-9d63-a6834b1c00c5,2ad8d80a-2cea-47ae-b407-7a14882f0e99,7e9c583e-2699-4955-9c84-62d33d211dac,ee4483fc-c471-42b0-bc9d-7224ab5117aa,a3516f71-88a2-4240-858e-09ed24d74699,df80c839-1f70-4619-b7b1-9f6f7d16a8ee,afcffeb4-be6c-44a6-96cc-70b695e81944,dde13fc9-5389-4f50-a574-2389333f88d1,1b2ef041-b238-4544-ab16-5718b7ce2371,abe7f99a-336a-4738-88fc-a22e9c873cf0;4e52a1ad-d575-400c-8cb2-926a07ddd950,20e620cc-11f9-46e9-b18f-f07cdf550544,0b5dd0c4-41dc-4b21-a302-e45b1eb17acc,39ed37b6-2569-47ea-8d79-7322170034e6,88b40b40-290c-4eba-bdce-86c9e6125d90,394e262f-6d1a-46e1-9572-3ad9e10317fa;dcbf781d-54a3-4734-9b69-a7e119d59fa5;en;119;18000000;;;/film/Birdman-2014-680709;tt2562232;0;0;0;0;2261;35345;21184;12418;5760;12189;17143;0;0;0;0;0;0;0;0;0;0;0;0;0;0;18702;12041;6723;2910;5980;10526;0;0;0;0;0;0;0;0;0;106300
213;8fb9e42b-4769-490f-ae70-78059d3d9419;2012-10-12;2012-09-11;Bitwa pod Wiedniem;9a150cd3-6c32-4b58-b1a4-aea6992c564c,2d137c0a-c773-470a-b094-2d2ab736788a;;a9dffdec-c7d1-4343-886e-0a5b9e489e1a,46064991-ec2c-4d6d-a882-e2287ce2acf5,a5d648e2-7e9d-438f-85d4-86d024da31c9,5111533a-677a-40d8-9cf0-aeed059bb185,85c9ca54-04a9-4edb-b17f-ac72298d71d7,e7c9a9f0-403e-4197-bbbf-4ac4447b4583,227478c6-37ae-496a-918c-d3dc07b62723,9c6a21cd-c2d9-4b59-8d46-b4e70d6948d6,9ffa652c-852d-41c1-bc51-27b9601fa4c4,347ec2de-e6e6-4791-bfc8-3707f503fbc1,23c05b89-c936-4a3d-8b13-cbdd0fe3bbef,9899c05c-7172-4794-871d-9ac9ad1462fe,172c2b3f-0d5b-41d6-b469-df6c2249f3bf,48bc6be1-eb7d-44f6-b393-d4c0c2b2b3c5,143ca23c-9b03-4cc7-8072-698980db572f,76f64cf3-43a2-47e5-add2-acbb9fb19740;36e32a19-d3c7-4991-9b1f-af38b2a7869b;6dc7f7ed-6e1c-485f-ace0-6547ecb1abd2;36e32a19-d3c7-4991-9b1f-af38b2a7869b,e05756dd-35f2-4021-ac88-c3549a7e578a;36e32a19-d3c7-4991-9b1f-af38b2a7869b,63d07897-63e7-42bd-9438-804ecfc1ecd4,9f64ffb0-eb9d-424d-8e54-55d6485c646b,f3be54cc-7e22-4366-a0b4-1994de3bd34a,1d8f4a47-98ae-489b-9c4e-439db805a972;27f83eaf-a259-42b9-ad8b-4787f82c70cf,47ddc682-075b-4ee6-9c46-85fe60188452,de279830-5d26-461a-aae9-798b194b401a,5f2c3d88-0cd2-4a58-a909-17d9110f614f,42af4de9-6eaf-4337-b574-b9d600fa74d6;c29315d3-7743-480d-ba69-783e11af73bf;en;132;13000000;;;/film/Bitwa+pod+Wiedniem-2012-617280;tt1899285;0;0;0;0;0;184173;137178;68985;31532;21969;12631;0;0;0;0;0;0;0;0;0;0;0;0;0;0;90142;49333;27349;7760;7358;3916;0;0;0;0;0;0;0;0;0;456468
214;b6eaccc2-47c7-4447-9c3b-ff6d9f4cbd92;2014-10-17;2014-10-17;Biuro detektywistyczne Lassego i Mai. Cienie nad Valleby;15c0b1ce-34ec-4d67-ba14-0138c61d5b54;155,178;015effe6-c692-4207-908a-acaf5aeb9f60,eb4ebc11-1e6f-4565-be82-0e5c0378a740,cac6b143-0440-4558-8a57-1e3044bdcc21,c6fa7018-b407-40f2-868b-f9cbebee8067,bff55603-a6d6-475d-8bcd-9e2390d43adc,29f94e03-bd9a-4696-a9a7-46d1a73576be,8734dfc7-e065-49d0-b5d3-abc857367ee1,d85cd5f9-d237-4fc7-a00c-ba4bee736546,32ca2eb4-6ae9-47e7-8986-41164ed7c1fd,a61986c3-7147-4b5a-a2d9-b5039cead5e2,ad8eba67-1b51-4572-bd86-5bd89c52a138,58c48598-f71e-449f-bbcd-370117d76667,f842eb73-b9bc-4895-b0bc-6913d77e9af4,9cd44313-4d3d-4ed6-b508-c14822b4c108,1b55a095-db36-416e-897a-9ede8493b1e6,da008835-1873-4840-89ae-066f6ccb9020,2f81e8e8-9f48-4b04-b576-c37b22ae3dc4;f88626cf-077e-4aa1-bf35-4d4b46337a29,6ab9b932-f69f-4fd6-970a-4592a1421ec1;;da008835-1873-4840-89ae-066f6ccb9020;196512fd-e4a1-434d-b5c4-d248b6eb1b23,438a302b-7f07-4fc6-81db-c0ce976943c2,689951d3-11b9-4802-af52-612cb31172e0,31f7f657-44a9-4f90-a89d-4e9179596d3a,bd645258-6aae-4829-97f0-51200389bbc2,799616fb-80eb-422e-b48b-f3c36ab2dabb,686adcd2-bed7-479f-beef-0f12d8058f3f,304554d2-9683-4ba7-b507-f58e2f7659e3,5f08abf2-644b-4fdd-8223-042b230fde7a;02a4a301-09cb-446e-bcbd-053a42022d1c;;;76;2000000;;;/film/Biuro+detektywistyczne+Lassego+i+Mai.+Cienie+nad+Valleby-2014-726072;tt4243172;0;0;0;0;12681;346;208;286;110;20;28;0;0;0;0;0;0;0;0;0;0;0;0;0;0;242;100;162;102;6;14;0;0;0;0;0;0;0;0;0;13679
215;dd66a957-095c-4560-bcc7-e9a6d1b26be8;2013-10-25;2013-09-19;Bitwa roku;c411b135-0438-40c3-aa2b-88f7c4192e16;;576d3cfd-9b7f-4d48-ac3f-c7b1fbffc31f,833644e1-9fd3-4236-a463-90f675faae73,85bec6cd-cc9e-4e86-b886-1d0cac58b6c4,3adac34d-bdf2-4d59-acdc-a75f8c29515c,6721cdbf-0baf-4d7a-bdd0-006141461e78,c195d046-135d-48c6-8f68-752b9f370269,35781445-f129-4574-b75c-720fd8a65b61,2d6302a9-3b54-4af4-a9b5-af45325772b0,c772153f-1bf5-4455-b310-83cc26b4f3e8,bb1a8073-40cc-4952-8506-629c5540802f,3e33c291-6d4f-43fa-8340-14f86fb7f05b,f2732e63-79c4-4072-9963-3e8586958772,a39def3d-bee7-4a4d-9609-2975e47af1e0,5bf562f0-8b33-42ac-a0d4-14c4699f577e;69be84e4-b18b-4221-b0c9-c0f8509289fb;f44346b1-d6b2-41b4-876f-1b6682aad3ab;002a7666-2e94-40c9-bbce-39fef4af951c,727d5f70-f4f5-4ef7-aa6c-b04ce4c207b0;10e4be98-91d7-4a36-a24d-6157e50fab08,d783053c-99cd-42c9-b71e-cb85f6657c8b,a72a98ce-0316-4619-914e-c691500c2e30,0e93b071-87ce-414f-9536-70e57e1945c7,d434e6e0-f1f9-4341-84b9-7ad5b2fd28b0,0a8aed44-e947-4fbc-b25a-96f52ae4e35a,cceffe2c-e102-443b-a28e-a7649b5fa972,c4452284-ad14-40ac-a188-42dfd217b633;3a8e5b7c-205a-417d-8267-5caca301b852;dcbf781d-54a3-4734-9b69-a7e119d59fa5;en;109;20000000;;;/film/Bitwa+roku-2013-653493;tt1532958;0;0;0;0;0;12800;6921;734;56;56;54;0;0;0;0;0;0;0;0;0;0;0;0;0;0;7788;4378;421;29;29;27;0;0;0;0;0;0;0;0;0;20621
216;4b3aa8d2-c9b6-4bd5-98f6-3468b78c4f1d;2013-10-18;2013-10-18;Biuro Detektywistyczne Lassego i Mai. Sekret rodziny von Brom;15c0b1ce-34ec-4d67-ba14-0138c61d5b54;155,178;015effe6-c692-4207-908a-acaf5aeb9f60,eb4ebc11-1e6f-4565-be82-0e5c0378a740,c250bcfa-1c9f-4627-a380-e987f25feac3,02807f64-e3fd-4b6e-9c58-919a6dc515e3,48deace1-acf6-43f3-9e91-7013fc5e4aa0,cac6b143-0440-4558-8a57-1e3044bdcc21,1af2d5d1-63d2-4c82-a53d-dc868e0b2c9a,ad8eba67-1b51-4572-bd86-5bd89c52a138,2f81e8e8-9f48-4b04-b576-c37b22ae3dc4,32ca2eb4-6ae9-47e7-8986-41164ed7c1fd,f842eb73-b9bc-4895-b0bc-6913d77e9af4,0c74f23a-c59a-495a-a58b-49b3ec70f1ee,c555e40b-8d80-4e27-abc2-84dbb2d29239,0f179d81-272c-4aae-87e4-bb5b2baad2d0,e28b22c1-df65-4fc5-a5c2-81e4ea212007,2713ba21-8120-4568-b38f-dfba55f4bc5c,2e0cdb17-dbf2-408f-8661-fca40c587e2e;f88626cf-077e-4aa1-bf35-4d4b46337a29,6ab9b932-f69f-4fd6-970a-4592a1421ec1;;d12ec7a6-1a4e-4198-a581-f33fba1c1001;196512fd-e4a1-434d-b5c4-d248b6eb1b23,438a302b-7f07-4fc6-81db-c0ce976943c2,689951d3-11b9-4802-af52-612cb31172e0,93bd1377-89d0-4251-b0ce-13502a8744c8,31f7f657-44a9-4f90-a89d-4e9179596d3a,bd645258-6aae-4829-97f0-51200389bbc2,799616fb-80eb-422e-b48b-f3c36ab2dabb,3d77c8d7-3d55-4a73-a2e1-04304b514b4f,686adcd2-bed7-479f-beef-0f12d8058f3f,a6710b41-6ffc-4140-8ef6-890f9aa0fa9e,304554d2-9683-4ba7-b507-f58e2f7659e3,5f08abf2-644b-4fdd-8223-042b230fde7a,24a450f1-1c8a-42b4-9033-3ed1c78e12b6,f3a2b053-c2eb-47fe-a7d1-36738ddb7e6e;02a4a301-09cb-446e-bcbd-053a42022d1c,e3a679ff-ef84-4e25-b07e-1abe271059ff;3ec394f9-c247-4179-a1fe-185c3e57bb50;sv;83;2000000;;;/film/Biuro+Detektywistyczne+Lassego+i+Mai.+Sekret+rodziny+von+Brom-2013-726071;tt3276390;0;0;0;0;16385;360;132;72;59;65;79;0;0;0;0;0;0;0;0;0;0;0;0;0;0;221;86;33;37;65;40;0;0;0;0;0;0;0;0;0;17152
217;49bb9d8d-047d-4504-ab32-9c1edb7fb459;2017-10-06;2017-10-03;Blade Runner 2049;1db1ac18-a83d-4645-9cb7-3c60a03012ba,6a5af1f4-128c-4ca8-960d-3f0f36d29764;52,59;d6d2ad54-1091-4a8f-a7ea-3a5f7cfd1886,21050c55-ccea-4c07-a27f-0822a4430889,ac877454-3b2b-4dca-a476-114bcb383040,1b5451d8-dc1f-40a3-b725-586087c7493e,d54a990a-67f2-4ed2-b00b-2e4d5c50414a,d0b2c992-e495-418f-86ec-533fd26145ea,e5b8951e-1079-4951-bc5e-c07f92522cc7,334d4629-7a0b-4629-a33f-43c669856dfa,5d672222-ea7e-4438-a2c3-f21abdecac4c,e08de682-dacd-40f9-af85-51ef45ccb92e,b56c614b-4ef4-4eee-aa2a-f780ced820e0,bc1b4d94-26ac-46ae-bbd4-ed42a343b69a,5e504a80-1cba-4211-be40-547e1e260754,e30ec905-e512-4033-9161-2a4eb91d020c,df261513-44cd-4956-8dc5-3ffe86a8792c,2e6f317d-ba96-441f-87be-cb2bf1ac8403,d579dfb1-db0e-4bc5-97af-fde3ed19b3bb,2b047c94-2b6d-4c45-9a05-ec9bdd2d5220;62b78859-1503-4aa2-9f70-b36aaf858eb2;f44346b1-d6b2-41b4-876f-1b6682aad3ab;ba8d03b2-1e4f-4ca7-ba79-47fed5423740,c209b3b6-a64d-4416-9dba-15daafb20ed9;91d1fa82-d819-487a-a541-6fb0c7cfe74c,d8e8f089-a71a-4611-9226-639c84d8febc,9bd2e826-5ed8-4dd3-9ef6-b3d3636fbdee,d7f04fdb-70b9-4100-b02f-4724ae695b4c,c9f05843-40b1-4d66-ba43-4d6112cb2b49,eefb14f6-94f3-4fa0-95b4-fe0fb1d8b6cc,9b0a4b60-8424-48ae-a634-8e86303cba8c,7b0ab6fa-1bea-482a-a957-a20fd6e8e987,ec219319-450e-421d-845d-4ad13e2af024,e2e9cce3-830c-450e-b277-d22ff14e37fb,1a78b125-eaab-4e84-bcee-83546e41c79f,bcd201fa-8e7e-4d07-96de-3bf0bca56a12,95a670bb-98a2-4319-bb31-81b1874055ff,4cff4c6d-b01e-408c-b14d-bea4b3b79c9b,04aa69c4-d667-489f-9a6a-2846fd42b71f,3cc2bc3f-c888-4896-a651-d293ce2a9feb,8cd69b11-cec6-44f9-b3ba-d35d6e328162,7ae9c4c9-47c1-4d0f-9483-4e663a5c77fb,c5233108-b75e-443f-bb45-3203c3741088;dc51233b-58f9-4da5-8d6b-1810115f8fd0,226bcf6d-8cdd-4700-b0c4-d629c8ebf5ba,590d4322-0ba2-4558-8b53-5560a0ffc383,0350e028-451b-4d91-abde-404665380b1c,ce107982-9f41-4620-9ca7-89fedda7d87f;dcbf781d-54a3-4734-9b69-a7e119d59fa5;en;163;150000000;;;/film/Blade+Runner+2049-2017-630798;tt1856101;0;0;0;0;0;219041;134841;78224;42187;28460;17016;0;0;0;0;0;0;0;0;0;0;0;0;0;0;127404;81545;47055;24262;17492;10492;0;0;0;0;0;0;0;0;0;519769
218;06c6e2ce-0ca0-4839-b579-28f62d42dc84;2016-09-16;2016-09-11;Blair Witch;d31939d6-e42e-40f4-8e25-f18e47a1e035;;bbb7c310-b2f2-487d-b27b-00387365f53f,76d23445-349c-4976-ac36-9d726571c16f,31966624-d9da-4cf3-b7b0-f49e51d60cdd,f90e53ce-40ef-49e2-a00e-33b09b3e892a,3861c8bf-bf06-4333-8d00-de6bdc8013a1,dc0a24c4-7976-4ac7-b8f5-5f574f1daa8b;f4cfe249-3187-46a2-b614-15568624603b;6dc7f7ed-6e1c-485f-ace0-6547ecb1abd2;ebf93df2-786e-47b6-b5ba-4eb29266c0f8;09cd0b5b-ea28-4863-9178-5cae112eefdc,a4531f60-8550-47dd-b368-132c1903adcd,699a3968-0813-4484-863a-79be4cc8da2c,cf39a1b9-4a98-493d-b9ef-50c61b441232,5655cc0b-de81-4bac-a26c-fdd4d01de970,ebf93df2-786e-47b6-b5ba-4eb29266c0f8,cded1050-b50c-4aa2-8ad5-3e79f2ead323,35e31486-2406-4100-9085-45f116ca1a37,f4cfe249-3187-46a2-b614-15568624603b,5a55f502-d404-4491-ad58-82d36d7ee55d,0624125b-ba75-4b34-b23d-e3de344deeb5,766b87a6-5ea6-4e35-9437-35a092445ca4,ca507e70-6d5d-4d38-927d-62ca86d8d77b,a93e8b37-d258-4e22-a727-dbb091c26ada,e6ef0e71-de25-43b4-8a11-8547600874bd;1dbe8b5d-cf4c-4fda-8b37-a0649f561093,8199aa88-9de4-4337-b8f3-c0aa7577fd58,6214a020-5332-42a4-bc20-56b2a0271829,820387b9-b616-4f05-8fc4-9374037a96f5;dcbf781d-54a3-4734-9b69-a7e119d59fa5;en;90;5000000;;;/film/Blair+Witch-2016-743305;tt1540011;0;0;0;0;0;66400;34099;12871;3276;4765;4765;0;0;0;0;0;0;0;0;0;0;0;0;0;0;46869;21943;8264;2042;2383;2383;0;0;0;0;0;0;0;0;0;126176
219;cb0ee09b-518b-4cc1-94ec-fb9b8fde8e01;2018-07-06;2015-09-05;Blanka;f0506edd-d123-41d3-ad36-1d31a8bb23b8;53;d4b2dba9-842f-49b0-816a-309dec71b232,e98aa008-1669-4d83-843b-c271df21f3bc,6500a96b-4f46-4b87-9d67-9067db570e99,c7a3736d-2f53-45d6-9c3f-d30d5e096847,cb184605-de6d-4e49-8528-5d3e2fd50139;b5a3f7f3-5d8e-49d7-8739-51296235aec1;01d1875f-b7b0-4de5-8528-e813904d923a;b5a3f7f3-5d8e-49d7-8739-51296235aec1;;15c6ad90-c900-4118-b666-8637a6158f4c,6a80b1ee-c88e-4367-8944-7f3afed617ee;86ada895-cdea-4fbd-bf7e-ade7848bcc4e;tl;75;1000000;;;/film/Blanka-2015-753736;tt4679144;0;0;0;0;14232;591;471;159;112;39;39;0;0;0;0;0;0;0;0;0;0;0;0;0;0;302;185;130;10;20;20;0;0;0;0;0;0;0;0;0;15643
220;a7f91931-c2a4-4592-8c01-ed49f8e81516;2013-06-21;2013-05-16;Bling Ring;f0506edd-d123-41d3-ad36-1d31a8bb23b8,57366ac3-c349-4e55-ad5d-6f8061179e88,c8692873-ebae-4261-a833-4378ab4e126b;;c48a8c71-7dcc-4974-a0b5-66f02ef31cc7,881cf1b6-46a2-46d1-a6c3-29dd9c5e4ac5,eb2a44d0-1d8d-40e1-b40c-669f8f1967ec,68c6f5ce-5ffe-4036-be84-666680d4f07f,576936b8-f6b1-41f1-b185-713af28b88a6,5f55c891-5638-42c8-a929-5a1d1e17f00c,312749a9-0ec2-4091-b517-6133b4ac2ca0,5ee5f921-339f-4835-9fa8-104aba400bfb,491056c5-bde4-4e0c-a12a-bb877c4ba928,ca617505-d411-4230-a796-220aabe30351,c8b592b8-4cc7-410a-bc07-49d2cb09a840,a56224dc-bf02-471b-b9a6-ecb94ead3774,29e8ab3c-88f8-4c74-8284-ae12b8de28b5,08fe5b66-e953-4c9a-9864-d2f824e41564,ebb6909c-8b64-4132-bdf9-6c0af5be0e1b,293961fe-cea4-49f5-9c99-35265521808b,8042f507-a5f9-4aa2-84c3-88cc511ab40a,fd5e6b45-8c54-45c6-abd5-4bd8c4e2a5d1;b2e4a601-653b-4a2c-9a32-4aa19a252f06;34b67685-59b6-4f6e-b120-d5a4616fbe1c;b2e4a601-653b-4a2c-9a32-4aa19a252f06;a740803d-dbc5-4205-a61b-233565ca094d,b2e4a601-653b-4a2c-9a32-4aa19a252f06,946c1dc8-c7c2-4956-87b2-ef1324bfe7c8,efaefa82-7d5e-40ec-a8ed-96d3ca42bd54,770efbe4-86b1-4d4c-847b-40816ffe4b44,88dcb055-58d1-421f-a7c7-d27ac0f17288,2f3009fb-85dd-41e2-adc5-eccad95a6043,6ff65e6e-7dd5-44fb-8dfc-3eefd1950e6f,bc090c14-8459-4afe-aaa6-36ce164dd2ad,2dd8c6fe-3b48-46de-bb52-7a6b4bf9b490;12255dbc-17b4-488e-8303-2b14de0724d9,d92ce1fb-4c56-469f-8339-41d197b62518,1737cf79-008e-47fb-8585-0e240856ba51,3ccd35c9-40fd-4838-b31b-93dabb655353,f4aa9a7f-cda7-4b52-af32-084c75fef069;dcbf781d-54a3-4734-9b69-a7e119d59fa5,51d9043b-068a-4a31-a0fb-74719a5a6a11,6614b794-9b07-4de2-837e-3aba6098ec7a;en;90;15000000;;;/film/Bling+Ring-2013-648190;tt2132285;0;0;0;0;0;28446;15636;4316;1778;252;252;0;0;0;0;0;0;0;0;0;0;0;0;0;0;9471;8195;1652;803;126;126;0;0;0;0;0;0;0;0;0;50680
221;b1fe2a70-4f87-47bc-8ed4-e07db84cedc0;2018-03-09;2017-05-24;Bliskość;f0506edd-d123-41d3-ad36-1d31a8bb23b8;54;dfbf1e62-17e2-4429-bdde-5e05b41f294d,26b60b45-ba34-4bbb-ac1c-e39d34e41ba4,3ac376e4-8514-4b20-9204-32b3f52e0a97;d2084233-9ba1-4289-b796-6a02d1746fca;01d1875f-b7b0-4de5-8528-e813904d923a;d2084233-9ba1-4289-b796-6a02d1746fca,b89d82a7-8c53-44f3-9961-057b13c76805;50556489-ebe8-4292-add2-777f0d79300d;e420821c-f587-484a-ae0b-76f2877c2cfa;;ru;118;1000000;;;/film/Blisko%C5%9B%C4%87-2017-787469;tt6777056;0;0;0;0;1751;1152;293;0;0;278;277;0;0;0;0;0;0;0;0;0;0;0;0;0;0;584;293;0;0;139;138;0;0;0;0;0;0;0;0;0;3751
222;c8228b8f-0e4b-48a5-9b80-7d7bd6e4a1a1;2019-10-25;2019-09-25;Bliźniak;d34b4e2c-74ce-42ab-b438-86fbbdcaee15,6a5af1f4-128c-4ca8-960d-3f0f36d29764;;3555b0c6-b7a2-45a4-851a-8ffe675a5e87,b2334f31-4868-4736-a010-252bde2fe826,8b7c0d4d-c96a-4abd-808b-a28d016c08d5,a4c62e11-183a-46e9-a4bb-c8860271f631,c670a9ad-454b-418a-b129-bf4597557986,edeba6d8-0c0e-4bc9-be04-d0bae845f6e9,b128deea-453c-4d90-9579-559784e11ae0,5ee207db-40e1-4831-b7ad-b6dcbc3bb443,0bb5ae3d-0ce8-4754-ad80-29b5da5385ab,7f36782c-3374-48fc-9cfe-363bfa95945f,a89d43ae-05e3-4b41-8979-ea863cdec9d8,a71b482e-3fd5-4de7-9136-68152c17a9bf,bf66bab1-7c87-41e8-84da-41e0c840cc02,e063cb8d-4956-4099-acab-04ab78df84af,38faecdf-c154-4bf6-8186-aa204f9939d2,2ebc41a7-de91-4406-b630-85dd6dd22bc1;e4d78957-8a75-4999-a731-327a546db0d9;f44346b1-d6b2-41b4-876f-1b6682aad3ab;39653a56-d284-4cc9-9ae3-7db4ecf25602,1da82e17-9d0f-44df-bddd-66d1f7b8ffb3,00db12da-928b-49d8-b26c-9b4af356b714;c9c879cf-6511-40bb-9e6b-1828af46409b,3969439d-a58e-49f1-a392-04be93df6515,7d82685e-5d81-4c5a-bde8-bb41d97165ed,813626dc-e8eb-428f-b6c4-c6d6f265c3c0,d5733a19-2ef5-4aa6-a82d-eb67ab2d4d46,af9aacd1-c4d0-4b3d-9c00-ebc2026d4e28,e0b29e22-bea0-46aa-a1e7-264328ed73cd,eb330930-29c0-430b-9247-96cc520e6ef4,6b3125d6-b732-4b25-9cfc-9dcdccee0155,bd440f64-e758-42d2-872c-2f7085fa4f5e,83cd38a9-6d0a-4421-916d-1d3fbab5b8f4,017954e5-8c5c-40ad-b653-ad86c73cb618,8b1e58d2-1864-4a03-badb-50ee4715e090,8e7a9f1f-68e9-4735-9b9a-f5b5fb92a3b7,4c518132-be17-4f6f-ab7d-d327f8ce4241,f1df55cc-4371-47a9-b2a2-b3477b899a65,a1fac8a7-e9e9-4788-a289-ce221f393fd2,204862c0-1d86-489d-a237-2d8a3ce54e4d,9fe0c760-8c5e-49fc-ac80-8c108f665646,6969316d-6280-4661-943d-76623494d255,058bea19-ddfb-4059-aeba-0ab8ec44dcd5,61788358-5c86-49c4-bcbc-e7b832fc1e80,c8be2f55-7e4a-4a19-8162-943078282b58,8183e02c-4d9e-4b39-88b5-3de2084c402b,4626ea24-3cd2-42fc-b89f-a558f3118a7d,e868b2cc-1132-4886-bd87-945065cb5144;fe6e05b8-42ad-4515-a0d0-fb3d7913b690,82a92381-3b18-44fc-90be-3e8203c86605;dcbf781d-54a3-4734-9b69-a7e119d59fa5,270542da-ad6a-4404-8f03-01fd73a4c545;en,fr;117;138000000;;;/film/Bli%C5%BAniak-2019-811509;tt1025100;0;0;0;0;0;52156;20212;0;0;0;0;0;0;0;0;0;0;0;0;0;0;0;0;0;0;31576;20212;0;0;0;0;0;0;0;0;0;0;0;0;0;72368
223;fe3f87c5-08f9-4146-840c-a44a33d3146e;2016-06-24;2016-06-24;Blokada;f0506edd-d123-41d3-ad36-1d31a8bb23b8;53;bf3ee139-8ec4-44ca-8844-52953c0b77a5,08f15e6e-224c-46c3-a3a3-110e614966d4,8515d8c1-5654-4172-b042-32619d14c909,9b428017-6d32-40b8-87e5-88439e11bcf3;84d701ed-8f6a-4e5c-aab9-2318e9a84d28;a4abfcce-d2ce-4ab3-becd-258c33b13102;84d701ed-8f6a-4e5c-aab9-2318e9a84d28;c7517982-fdbc-483d-b41a-cbf97eba5424,0529321e-95ab-44e4-9120-80e405786410,0a5c0820-ec60-45cd-b888-b02f8b3a0eb3,03dabbd3-e242-4a66-99c0-3069bd766d95,4c3d2279-6c0f-4dfa-9b00-d7fa1b7586ed,5581b2a4-d439-478d-9f3c-7a47c9e6bc11,c030e36e-8586-4b84-b8b2-ed83921dbcc2;730ce0b8-ed1b-4f4c-872a-9e6730e4999d,b7dfcd0c-d5f0-4105-861b-42f8808ad154,c0226ee6-d6f6-4163-a4a1-7db15e16e185,f74cf98c-3a58-4aec-9556-d819b496219b,927e156f-c389-426e-b5a0-e8c74a4b6777,f29d6593-c916-47a7-8edf-59c7fb6ba0d0;51d9043b-068a-4a31-a0fb-74719a5a6a11,22012dd5-4f96-44f4-bdb7-48bc02c5e8d3,0e532683-6733-4a28-ba59-48d7c577169f;tr;119;1000000;;;/film/Blokada-2015-747676;tt4895740;0;0;0;0;86;1324;695;507;350;241;92;0;0;0;0;0;0;0;0;0;0;0;0;0;0;404;331;220;152;105;24;0;0;0;0;0;0;0;0;0;3295
224;ade3ea30-2ab3-4abe-8217-9d1474e860a5;2014-03-07;2013-10-25;Blue Highway;57366ac3-c349-4e55-ad5d-6f8061179e88;;683335b6-fc04-4e89-810a-08d65da0cbfb,1e2f69e1-8dac-4c73-918c-1b4ace669556,0a80cace-7995-40bb-be03-2b2ac4c08d95,e0fe6aa5-6a3f-4001-834a-ddefd3dd253b,8937ab17-6600-42c9-b947-21849fe587d2,fc3244ea-f2b6-41cc-b88f-43c4f61ef66b,59b41b28-ed99-4476-b1ff-39d0b2b14810,4e403574-99ad-48ce-be5a-6ae49b188c15,6d3e0d22-367f-4ce3-9efb-fdbd32a1c1d4,2f863035-9091-4dac-bf77-62874ef365db,e49ff46c-0ac7-4f94-91e9-73b0f81dc520,8ec4a9fb-09f4-425e-a173-9acff8b7a921,8043bdbc-c953-489e-9b0e-2148cfac3b13,91ee4db0-fb3c-4fcd-9f48-146987f5fd96,087eab35-0e49-4461-8e6d-0156e632a178;a9c22207-b1be-4b9d-9e84-071f05ed996d;46a3f4a0-1dd5-4912-87e1-367ecc6d6900;a9c22207-b1be-4b9d-9e84-071f05ed996d;f466f6b2-b581-413d-bb69-c33c85b8781c,ee5852a0-9efe-4f26-af37-0ac572fb95ad,1f8aecc5-1e7e-4a95-b20a-796ff61bfad8;51fe1e12-f622-4b23-a836-cd840220c6b9,48016c32-e163-4c95-8538-df7f7a7442bf;dcbf781d-54a3-4734-9b69-a7e119d59fa5;en;71;1000000;;;/film/Blue+Highway-2013-694473;tt2732666;0;0;0;0;950;1376;541;410;62;0;0;0;0;0;0;0;0;0;0;0;0;0;0;0;0;840;282;125;50;0;0;0;0;0;0;0;0;0;0;0;3339
225;b102f6d5-faeb-4995-8142-23ce8fb87a79;2013-08-23;2013-07-26;Blue Jasmine;f0506edd-d123-41d3-ad36-1d31a8bb23b8;117;9753a1fb-3caf-42e7-a6b6-e3348d354fb6,50ab9866-67ce-44b4-99d6-45bd5bc77c29,ff08324c-e81f-4be3-aea7-eeb0665a5669,23d413c7-4991-4ad8-ba51-b3e03f741b41,07b28798-acc0-4dd9-9d26-a50dbb874a10,90a3983d-f3e0-4642-9fec-042af9576dd6,6daae7f5-601a-4d29-b76a-282be70592cc,a5626a08-c8db-463b-b0a1-8e72305a89ad,d607d939-7c34-4cf2-87ce-4400a8089cce,b2d815f3-2979-4c32-8228-ef198cc71e29,861ef0ee-d116-4555-816b-b4fdff2c188c,632f0150-ca6e-46cd-987f-555d3daa1711,c0365dea-8e0b-4911-ae73-09528cece358,ccab50f7-4659-45c2-ae61-a217a74e55c7,ce60d846-228b-42b8-9684-a6063d08f77f,833dde63-ba8c-46a6-acba-1aca3476de4d,8ed2b8d3-f448-47f3-8739-2fafa88c6473;29eda06a-bedf-4353-96cc-da5d3b0b7ee2;e71270d1-d648-42e8-b1cd-58315299e461;29eda06a-bedf-4353-96cc-da5d3b0b7ee2;6844bf71-8418-461e-8746-32c0cb1fc166,f57ec411-9e5d-4b40-b111-0542fea7942b,45567906-3f79-458e-9614-e479d4e88dfc,c08e8a97-f929-4e53-885f-f4516bb9c6fe,01b50c58-701f-4643-99ab-9f63982edee4,82c8ae80-e7d3-41aa-9118-c7bce8e9a894,bf54e513-9b59-4bfa-aa6a-cac386dc180e;b65a1c87-511c-4680-a0ce-39fa931fb1f6,f8290d18-5bd0-42dc-8f54-f58f1ddf8e78;dcbf781d-54a3-4734-9b69-a7e119d59fa5;en;98;18000000;;;/film/Blue+Jasmine-2013-657891;tt2334873;0;0;0;0;1776;155249;97969;52342;44086;19361;13943;0;0;0;0;0;0;0;0;0;0;0;0;0;0;75240;53822;24974;26095;12197;8483;0;0;0;0;0;0;0;0;0;384726
226;e59ca63b-4bb7-4bde-92ad-90bf14e33bd3;2020-01-24;2019-02-08;BŁĄD SYSTEMU;f0506edd-d123-41d3-ad36-1d31a8bb23b8;53;26aea07d-2c96-414b-a62c-cf6eac30bfba,d92ee55e-cdab-4e56-b42b-dbfcee717fb3,a415e2bd-8c18-4051-a58e-2ead6863cba7,19695d49-20ec-4716-8831-1bcd5d74cc90,3121a4f9-5222-47ca-acb4-2a8658f3fdb7,d603eea6-312a-4d60-842a-e18896d01c9e,992962bf-ede8-42e5-8dde-73ade0de9ab5,a494cb18-7743-47f9-b690-8d88b29479f6;45ccd3c5-c811-4241-a3f7-508d046ce307;1886bb61-6185-44b0-849b-ed26b23b5074;45ccd3c5-c811-4241-a3f7-508d046ce307;f94a77c2-1b22-418e-a105-15169309c024,1b130db8-5c29-432e-b363-c216cf437f86,eadfabc2-6f35-47c7-ab36-d8e3cd2c6423,cd83a411-5228-4652-9145-7208145b464c,351f270c-a802-4544-96b1-2df7a6c97dc9,77e501e1-0fc3-4b01-ae42-b12310fec0ec;625df2f7-a39f-4f5c-a93d-7a9977906155,0b1c4cb7-5283-4d8f-8e57-c0368de14c64,18e4708d-a5c0-43ee-8aa2-a56f3066e9cb,af5d3da3-56d4-4ba9-bb8c-4c65ff79df70,5a3d6271-b78e-40c9-8395-32ebc2898e18,b23c850f-08e4-4d3c-9dd9-3c3670b5aeaf;6614b794-9b07-4de2-837e-3aba6098ec7a;;118;1000000;;;/film/B%C5%82%C4%85d+systemu-2019-823221;;0;0;0;0;4482;3015;1084;343;201;354;354;0;0;0;0;0;0;0;0;0;0;0;0;0;0;1375;395;118;23;177;177;0;0;0;0;0;0;0;0;0;9833
227;b82fae9d-1238-4e41-a004-5f9f9e4d6d07;2014-08-15;2013-06-29;Bobry;57366ac3-c349-4e55-ad5d-6f8061179e88;;a1d7f90a-3db3-48d7-88e5-289fd8999fc8,099b927c-930e-40bd-b271-d36da81b79c3,79d22197-6cb6-4b2f-8d0f-2540ccef8abb,b46d62d8-9d8b-4118-a9cf-a1af020538a0,adade8a8-41f2-4108-9c5d-269decb5e889,09f3253e-3db4-458b-afc9-ea78056a1734,7e30cb80-8f40-450a-a78f-dab8d034b474,60d77103-da1d-46ba-912e-43fe592ed5a7;cd8ec6d5-3e4b-43df-8647-7fd225740236;5c713a5f-2909-46e7-9bdc-0dd911c9ff31;cd8ec6d5-3e4b-43df-8647-7fd225740236,b46d62d8-9d8b-4118-a9cf-a1af020538a0;b46d62d8-9d8b-4118-a9cf-a1af020538a0,cd8ec6d5-3e4b-43df-8647-7fd225740236,1ff09a6b-ee7d-47a6-a627-599a33948732;;c29315d3-7743-480d-ba69-783e11af73bf;;95;1000000;;;/film/Bobry-2013-681135;;0;0;0;0;0;497;388;256;37;36;37;0;0;0;0;0;0;0;0;0;0;0;0;0;0;363;260;128;19;18;19;0;0;0;0;0;0;0;0;0;1251
228;2097628c-a405-4d81-b4da-0d45c85daaf8;2016-10-14;2016-09-22;Bociany;4fc66943-7c2c-4e0c-a93f-8f7abb752c8c,57366ac3-c349-4e55-ad5d-6f8061179e88;18;1a2423df-bb19-472f-a8ef-e81181827c18,182b7ac6-08c8-4005-9439-05d513ad4b6c,b13a2cb2-e4d7-45ba-ad62-9414260386b3,b6fc702b-ad51-48a9-9c69-cb65c5d48257,6f8d7bae-2176-4977-995d-8ff01ab8d69c,c4014e70-e1a6-4671-8256-2e74427f41bd,4a41251a-2b5b-43a7-b81e-ef94ee686857,66556c59-9baa-4931-aadf-08ccc7a2a5d1,bcce4c05-a85e-424e-a2a4-fe07958aa446,1c4c1108-f01f-4536-8060-318318327c43,f4c166f7-106d-487c-9560-34e824d59473,524e5165-e2b0-4317-a8b7-6c3c4a5a1c7b,8c77a78a-4034-4951-8f72-767362cf2857,e81210e2-05cf-4a8d-8cc8-1ae011549b3e,4b2cc174-8f23-4dcf-876a-7a1956ab9ab8;704bd9b6-62fe-4abd-8b7f-cbe7c32c4f2d,b952a3ec-1c7c-42e8-9a1e-414b1430e980;3a6ff2c0-9128-4bd5-a9db-42c78324f0d0;704bd9b6-62fe-4abd-8b7f-cbe7c32c4f2d;209ec2bf-a02e-4dfc-a201-aa324419fa7d,5d1c550b-4ff5-46a2-bf51-b48cd76b9149,6587448c-8b23-4970-a725-c1f901358f31,704bd9b6-62fe-4abd-8b7f-cbe7c32c4f2d,7cd65757-e326-444c-b50a-428bd5fc1f28,72c3c3b3-a8ef-4a02-99c0-c4b786c9af9b,17726c10-ac98-49f9-8201-3e94a5198908,decec613-c840-4cc1-9f34-4fe29e02881d;0197343f-2a8b-41d3-98ef-57b6f73bf6ae;dcbf781d-54a3-4734-9b69-a7e119d59fa5;en;87;70000000;;;/film/Bociany-2016-743045;tt4624424;0;0;0;0;0;150319;131689;95339;46108;29162;11117;0;0;0;0;0;0;0;0;0;0;0;0;0;0;114438;91827;62587;35471;22501;9464;0;0;0;0;0;0;0;0;0;463734
229;1060fcfa-1904-4ac6-8c77-dc2f0751051b;2017-08-18;2017-08-10;Bodyguard Zawodowiec;57366ac3-c349-4e55-ad5d-6f8061179e88,d34b4e2c-74ce-42ab-b438-86fbbdcaee15;158,179;7b0bd762-3609-4485-9e39-f625b0c64c89,f2cfb75a-c36e-4a14-b83d-499fb54e1406,c1ef7f4f-5b4a-4737-b502-3ba18f2b23ee,17328fcd-b8aa-4342-b760-bdce04ab2429,d1fb5531-ed02-4f2a-9c73-5301a28218bf,ef0b961b-2f34-44df-9710-104ea1226090,2dab20e1-a5e1-4c6c-863e-bfaf2e438249,45ffb50e-4773-4c02-b624-fda011055d90,f596d903-15c6-4557-b881-b3f1b126c5d6,f639ee59-83f9-4c9e-966a-372ec3dd0396,d244f027-1c78-4e6c-8fe3-0f6eba5c50b9,0edc9014-7cb4-498f-94cc-6e84a4c79c80,014d447d-0a0a-4f34-b219-24e699d7519b,a7d0ccc9-deb6-45c4-8ed8-6bcb945ff94e,4378cb71-4d04-43e0-91ff-ad360382082f,b3b049a4-146e-47be-b819-aed1eff13587,337c0403-0fc6-40ac-b100-e1aa7b6f10a2,23df9c68-942a-4c50-8907-b466ea20b2f0;2afa4d82-adac-4431-b12a-b3ff8465d67a;6dc7f7ed-6e1c-485f-ace0-6547ecb1abd2;d49850d5-6849-47cd-a0cf-6bf49902bb3e;4c010506-107e-4275-8017-bbd3bbb47bab,3b626a2c-9791-4488-9b6d-8aa740ee50f8,d16cfa79-b6dc-4e10-8858-40d417ba5d76,ef493106-8ed3-447f-a10f-fa267f676356,a1a70094-9cbe-4b49-a261-402b9125f192,fcaf0496-81e3-426d-9002-ce3899cf839e,58d6c552-0988-485d-a174-771dd34d2a26,eb1c9b94-9412-40aa-a694-b80e0c2b10e6,880510b4-f658-4e6f-8a66-5fde22a677db,337f71f0-7dec-46f6-8f28-425cf4e9d467,6460a8c9-910e-41f6-9614-560575055bb3,5b84d98d-1639-4adc-93e8-d03d2478f340,af9aacd1-c4d0-4b3d-9c00-ebc2026d4e28,b46cd978-9735-4338-b9fe-7540cb16322d,83cd38a9-6d0a-4421-916d-1d3fbab5b8f4,1ab6a5fa-49b2-4a83-a94e-1b4fe00a856c,153dda4e-db62-4255-951e-f1c3b7fd576e,b173845d-8152-4343-97ed-074cc2947c78,8860b9d0-c2f2-4eee-aeca-f14f01feceee,97058033-afef-4d2e-89c5-ed5373a594d5,08b36532-94af-41d9-b20f-b2a3f203d072,cbacc94e-0302-4404-97cc-a75c97742e4e,b9eb7ebe-11bf-4833-93a5-cb86c72bb915,cf846265-6e1f-4aff-9629-206805490059,68a68a29-beac-4e52-a1ce-5e72d5db5efe,76701a74-5488-4498-b48d-0b968a3c5298,1b98cba8-691b-4e33-9689-5425344a95ce,52e6bdcb-ade0-40d2-b50b-ffc25eab7532,39ba9e69-b73a-48f8-a28d-41e45bb18bdb,a7185542-9986-4b8e-a25c-735c8fe4bd2b,6ffb04f0-2bc7-4181-8572-876260ba67d9,88f8e287-80fb-4e85-bf80-f6d9bd6374e8,d19b9b18-8346-474a-a55c-94135bd660c7;e3511975-d725-4894-b637-6589b57556c7,e6f38aea-25b1-46a5-88a8-a9b576423d9a,6749b191-851d-46ea-88f6-1bccc7c53b9c,44ee0d72-26be-4682-a951-a2d0667c0b08,90cd955b-503c-4ff4-a826-472d18b30695,5287d863-ea2d-4162-88e9-a851c4958c99,3bbd6faf-b3bb-40c9-a9ac-a12f0ad777cf,82a92381-3b18-44fc-90be-3e8203c86605,e6b81684-8b5a-4ea9-8c7e-04abf6b74cbe;dcbf781d-54a3-4734-9b69-a7e119d59fa5,270542da-ad6a-4404-8f03-01fd73a4c545;en,ru,fr,ja,it,nl,es;118;30000000;;;/film/Bodyguard+Zawodowiec-2017-663259;tt1959563;0;0;0;0;10021;144092;123196;63024;31368;24940;15157;0;0;0;0;0;0;0;0;0;0;0;0;0;0;77814;56600;40325;18748;15798;10085;0;0;0;0;0;0;0;0;0;411798
230;d4c32907-977a-4577-9c25-f2809bab2722;2015-03-06;2015-02-09;Body/Ciało;f0506edd-d123-41d3-ad36-1d31a8bb23b8;;9d9a7760-112b-4d4d-83fe-985696b6b2e2,3764579a-f87f-47c5-8fd0-57ee0087022f,5f8960ed-bea2-42aa-8ad0-282ecf7b8dea,595f1abf-f0b0-4ae7-a760-4124c531677d,008592bc-f0c2-48e1-94c0-a46135b07b2b,e4ce337b-ae7f-4f15-9704-24f85f2c6be8,29029249-52e1-438a-b3fe-099812c0441f,7c96834b-0c6e-4d62-8f56-fe16ff0773c6;1b1e9d5f-a2e9-4cbd-bebd-a34addc26b1d;e71270d1-d648-42e8-b1cd-58315299e461;1b1e9d5f-a2e9-4cbd-bebd-a34addc26b1d,53fbc34c-fb01-4030-a7be-80d5afe2093b;1b1e9d5f-a2e9-4cbd-bebd-a34addc26b1d,53fbc34c-fb01-4030-a7be-80d5afe2093b,c64678bb-8aca-4f27-9ad9-d946fd78fb43,ab66fcad-136f-4028-8c01-fd887bd7db1a,039cb1ac-414f-4663-ab2a-05b34e30644d,c2e7cff7-bde1-4ce5-acc4-1630835681ee,c6cea807-6158-4824-8c5c-ff7891e63e1f,2c43bad1-202b-4ef6-b420-a31da8fb6749,47de3d2c-3160-4543-bbfa-3b2788f58df0,01f1bd99-1716-47f0-b936-7f35235c18df,28470403-01ad-4e0a-b854-791c9ab5e6fa,057b3ffa-78d2-43bd-8682-d4d29152df02;f0c51272-7dd5-45d2-a87a-1cb6d6f491d4,06ba17ad-9831-4cc5-bad8-d427e872f33c,6192772e-9e86-43c0-b5e2-f7ff95ae6da2,5f2c3d88-0cd2-4a58-a909-17d9110f614f;c29315d3-7743-480d-ba69-783e11af73bf;pl,es;89;5434540;;;/film/Body+Cia%C5%82o-2015-714087;tt4358230;0;0;0;0;0;102844;75114;42195;22453;12017;9725;0;0;0;0;0;0;0;0;0;0;0;0;0;0;59022;46110;26810;12913;2520;5422;0;0;0;0;0;0;0;0;0;264348
231;820948fd-45ec-4c38-b443-6ee1734e2981;2014-10-10;2014-09-18;Bogowie;36a330ff-bd5d-4a0e-b74c-8a0d4473b778,f0506edd-d123-41d3-ad36-1d31a8bb23b8;;fef5da93-4163-44c6-a9bf-885a18f83c5d,9d904854-d8f2-4718-bab0-ed6f052ab76f,409588d0-c6fe-4bde-9fc0-486e4a51c74c,a1d7f90a-3db3-48d7-88e5-289fd8999fc8,3a1fc21b-73b4-41be-bb9f-dbfa8e034526,3316126f-782f-40bd-9f04-e91a409be3c4,f9c1fd9e-c75f-4e33-a50c-3230a9b51623,7b0bc686-fab0-4706-9358-079a639ec2b3,b729d7fd-5ba6-4229-adfc-88916f67f882,53c874d9-0ea7-4ee7-a41f-ca6a8deddffc,a660f7c1-1e8c-4274-83ca-7b6b5cfc1540;263f7a16-0ecc-4082-8775-4e8845c5b8bf;bbcbff15-ab9a-42f4-a7e7-3534672666e2;359bfd59-f70b-4bb5-9444-749a46298659;95e8417f-f83f-49df-8c55-0cd4825db6db,75acd41f-7ef6-4ced-a3f5-30b2ef35efa4,b0c0c61b-2704-462b-a2da-ba8dc85cbf31,5d4b0e4e-3090-49e6-bead-827b2cbe6ce6,01f1bd99-1716-47f0-b936-7f35235c18df,2cc8d54b-6bed-4635-80a6-b848fb5e906d,5fbba13a-62bf-4f68-8fc4-b2ccdc8c833c,69cf40ff-dc86-45de-b2e1-d8b06ebef80a,6076078c-650c-4bc0-9f67-ad37e8892725,a00d4875-58e0-4d70-8625-e203438f72d6,264c25d0-fbad-4aff-8f95-de92e6b55c11;1c6a5745-8e0e-45cd-a3ba-86948a7d23fb,06ba17ad-9831-4cc5-bad8-d427e872f33c,5f2c3d88-0cd2-4a58-a909-17d9110f614f,501b3f8f-81d4-4bbe-b081-020a9e8bc3a8,da69ed3e-2ce2-495e-9599-5e0686b046f3;c29315d3-7743-480d-ba69-783e11af73bf;pl;121;10000000;;;/film/Bogowie-2014-694378;tt3745620;0;0;0;0;48385;445473;462870;343505;189735;240611;122266;0;0;0;0;0;0;0;0;0;0;0;0;0;0;216478;251838;192332;78977;117949;74116;0;0;0;0;0;0;0;0;0;1852845
232;4ffcda16-efc8-436b-beb2-54d638a09f4d;2012-12-14;2012-09-08;Bogowie ulicy;c8692873-ebae-4261-a833-4378ab4e126b,1db1ac18-a83d-4645-9cb7-3c60a03012ba;;1c43295d-6b2a-4f25-b1fe-966e91f22051,a0516290-73ca-4981-a65c-8b6d0a9947d7,5b02856b-2415-45a8-b371-cbc55601367b,ec8a8ab1-4740-4f30-9aee-929bce29e951,9ae99ada-5552-4b2d-8ec8-455e8877694d,844c6d11-f295-4ad7-b6de-c3c3550187e6,e0ff6b1e-a56f-45cb-911e-b06c05a33d9d,43910a41-03a9-42f0-b961-6b5e8457f313,cd698cda-f84f-42b0-a3cf-438bbe43f78e,2903b57c-15b4-4e2e-a0d1-3bdf023d7aa4,e4b52f5b-7f34-4b5c-b6e8-045f1e85fa4d,49031a7c-097d-459d-9a44-cd883b6192c5,3fc25016-920e-4891-ba64-0b7d0320b147,d6399b1e-a8c1-4f1b-897d-d363bda7f60d,9368616f-c4f9-4328-b0cf-89baa273868b,7be16884-2b73-4266-8998-7dd16c177200;892bcc92-754b-4db6-9616-66d4c9e888dc;6dc7f7ed-6e1c-485f-ace0-6547ecb1abd2;892bcc92-754b-4db6-9616-66d4c9e888dc;892bcc92-754b-4db6-9616-66d4c9e888dc,1c43295d-6b2a-4f25-b1fe-966e91f22051,85f8f0e3-38ef-4997-acd9-947c51f4065b,de8e4c96-845f-4044-a593-329a9daa6c72,abc178b0-7359-4538-8cca-0c1ae8b95fde,22139a6d-dbd0-4dee-a26e-bc81032d4b08,a2df36c8-0eb1-48c4-b4da-3d00166f057a,8be0a248-bfbd-4493-a291-522f72412e16,1d58bd17-bb35-4a25-9d63-a6834b1c00c5,7ee450a1-2bae-4988-b842-3ff35dfa8b2f,7aabb5ed-c985-4879-b27f-267b54e241c7,dc260d5c-29ac-453f-8ab7-d30a50f68e38,f0c84eac-889a-44cb-9b37-659959ab90d2,051e6b9f-3951-466a-807b-42f30bd037bc,0a751319-40d3-461b-a34d-9dc6f6c2f696,787de3ca-d35d-40b2-890e-4bef11d5c4d8,0edda002-7fd8-471c-a0c8-5e6b41c8e7f1,7f1f6aa7-7a1e-4bb0-9569-bc5bec637601,5e678803-df87-4c82-93cf-1088b76358c7,08c7d105-e298-4511-a7f9-52f8198b86af,4df0c79f-1a06-4046-93be-e9310e716ed3;003440c0-60a0-4cee-9ee3-58fab5f4582a,516db29f-b7ea-4872-88a9-31d69fdc7eb8,b3eaa84f-4daf-48e7-a773-946b1e5db13d,14e4f5ea-3e62-4f1f-b071-a4962f48a62c,0b5dd0c4-41dc-4b21-a302-e45b1eb17acc,5e57ff16-ec52-45f3-8cb5-887850846d46,5d7fed55-5dd0-42b2-9382-e6e980ca6961;dcbf781d-54a3-4734-9b69-a7e119d59fa5;en,es;109;7000000;;;/film/Bogowie+ulicy-2012-624792;tt1855199;0;0;0;0;0;24062;11647;8197;214;213;214;0;0;0;0;0;0;0;0;0;0;0;0;0;0;14658;7379;5031;107;107;107;0;0;0;0;0;0;0;0;0;44547
233;e3bdeb07-8d2b-4ee1-a0f5-5b78e9b4c960;2016-02-26;2016-02-24;Bogowie Egiptu;45434b4d-8a1e-4d0b-8fce-cd849ae707e0,9a150cd3-6c32-4b58-b1a4-aea6992c564c;;51aeaffc-8da2-4f78-8783-890213e0a247,30ea4455-4058-4be8-9b8e-c314b03ae38f,6a430bb6-57cc-4c64-a4e3-9166bc1cd990,17328fcd-b8aa-4342-b760-bdce04ab2429,24381ac8-304b-4282-98b0-ff7305ed7aac,23c3f727-f910-4be8-80ee-9202732acd21,60017701-90b3-4c75-9112-0a169d22c428,fa5bb3b6-12a2-4fd5-b6f5-3ed6742f9105,3a833b38-1333-4240-9ee2-809819dd4180,4b017f75-abb1-4d2e-b00a-cd65edb83fc1,625459d3-49dd-410b-8e03-b3b876e0c3ec,0083f181-d84c-4f1f-a92d-d931c016f723,a06c9adf-8801-49cf-a0cb-a3708c13fdcb,7dc54717-0918-496b-a025-58826159c3ea,84b32768-19b3-406d-ab71-2c0ba532a8c9,9092d536-c231-40d9-aa5d-8de30ef133ae,e42a6080-3b29-4a1f-9c0f-6f8311ff0b94;1de21ed8-b94a-409b-867b-2bdc388e6731;6dc7f7ed-6e1c-485f-ace0-6547ecb1abd2;bc736191-487c-43d1-8138-4c333ced5d45,d7137ac5-9e5d-472d-83bf-2d69bacd4538;1de21ed8-b94a-409b-867b-2bdc388e6731,d9dfa738-8733-4fdc-9014-1c03656b833f,ba56903c-2d45-4879-b2f0-d819b15949b5,301e6401-6222-40fb-9f53-ceacb53087ab,98230e9d-f03b-4bf7-8827-fc97dcb461c0,94927325-2443-42d8-9ceb-3c95373bc453,53a2ed50-2d9e-4d26-befa-a0b11b4f850d,e2a09afd-37c8-4811-a34e-59502c396a6b;298e4272-5624-452d-89d6-4b4ff16d9346,e6f38aea-25b1-46a5-88a8-a9b576423d9a,110b4508-6aa4-4b35-9338-de59add68a9d,e6b81684-8b5a-4ea9-8c7e-04abf6b74cbe;dcbf781d-54a3-4734-9b69-a7e119d59fa5,7bc66e23-af7a-4d1d-a72b-b745f9c430d4;en;128;140000000;;;/film/Bogowie+Egiptu-2016-695338;tt2404233;0;0;0;0;0;55979;39086;16746;15222;4012;1424;0;0;0;0;0;0;0;0;0;0;0;0;0;0;37686;22384;10978;5491;1385;627;0;0;0;0;0;0;0;0;0;132469
234;bb4574d2-1fb9-4346-98ec-1621651745c1;2018-11-02;2018-10-23;Bohemian Rhapsody;36a330ff-bd5d-4a0e-b74c-8a0d4473b778,f0506edd-d123-41d3-ad36-1d31a8bb23b8,c411b135-0438-40c3-aa2b-88f7c4192e16;55,59;95e45e9e-5da9-4f1e-a421-40d574d39d2c,098c0d81-d7a9-4d13-b1b7-4eb5c3b27ed3,b2fc584a-84be-442c-bd64-e422b205c40f,7217b88e-d29d-4d0a-b1b2-4c19d52d833a,cd329d91-4550-4874-911e-e93440478f52,3e66615c-910e-4bac-957c-1627380eb98d,1fed0b64-fb9a-4c73-8bea-53bbc7af7650,23787ea6-dacb-40f4-87fc-91d6898be3b8,cf86e51b-0fb6-4683-b198-266dd23e7d0b,8d90ffb8-1248-4514-96bc-5768e2fdc909,1b98a569-ee0c-4aa7-a302-11484ad3c166,623c683d-4688-4927-b387-1b2e40a41e3d,22a95f14-2f14-446f-8290-ffdc4a5b3a4d,d9249a5f-7acd-45f4-8470-2908cdb7fb4a,ce87bddd-2c35-4b07-b386-8401c15b1102,84d2f547-9b8f-4ea7-8dd6-1fdbea1a656b,059be3db-a979-4c11-b2a5-31415b833a2e,a869c578-57dd-47f0-aee8-a69a39f64818;5fdd2f35-f7b0-4cd7-b7fe-b93999dd0b8a;f8c298fc-ffb3-4397-9e1b-d709aee89d2a;567bc930-7e9e-407e-a553-03918a5e92ba;753a5aeb-56c3-41b1-8d42-0f575ab68110,5fdd2f35-f7b0-4cd7-b7fe-b93999dd0b8a,7d6b875f-3fd8-415e-acba-7debcbd10502,69d45f4a-a76e-4a7c-9277-a2e6797bc145,9899396b-206d-4275-be9d-978e77f6e3c4,19654a2f-0fd6-46a9-a299-b4b0e395f748,1d4c705a-1a4c-47a4-b24b-92903406618d,3e53a750-da75-4620-ad73-d1cd61426636,cf07aa21-83b5-42ea-9d5c-1c0b2b2492aa,d05d0174-60f7-4c72-8393-d687a512b88f,ef69e115-851d-4a5e-9506-24980b58fc4c,8142604b-f799-4c4f-801c-3ee52315659d,5c3c03ce-6f61-48d3-8171-b094e460e3fd;e91eef3f-6f62-4954-9447-1a96b65df7fb,39ed37b6-2569-47ea-8d79-7322170034e6,c7fa4749-5884-458e-8936-7eb1d75d705a,20e620cc-11f9-46e9-b18f-f07cdf550544,ddd87daa-2091-4cb8-bcd5-07cfc5681ee6;dcbf781d-54a3-4734-9b69-a7e119d59fa5;en,bfi;134;52000000;;;/film/Bohemian+Rhapsody-2018-619201;tt1727824;0;0;0;0;34776;275005;252940;160871;131472;101510;93899;0;0;0;0;0;0;0;0;0;0;0;0;0;0;162741;127553;92727;73581;56379;57309;0;0;0;0;0;0;0;0;0;1050473
235;49487f05-6715-4502-a56e-7f23ee25fe87;2017-04-21;2015-09-14;Babilon Bolszoj;2c2fd51f-d2b8-4fb5-aec2-faf911088642;63;58842b0c-d4e5-4a56-afe5-723d088c4d5c,ba8f4e06-4908-40be-bdbf-e8cb0348d9e0,354f08cb-6d27-49aa-a719-d7f9caabfc42,129a9ef4-4484-45bf-aa2d-362e807fe60c,5e052a2d-fc94-4a3b-8d9c-2af12aa3a556,ae74e8d6-9678-4748-9393-5ce25588c979,1a3bbde5-c510-486e-b988-1bda709070eb,af25c5f6-fb16-4b8d-90ee-f135000492f3,e0e8ef94-38d3-4a1d-8dd0-a1b9fe27d1d1,9857ee53-3f00-478e-971c-c08274e1626b;df9c0995-09f4-4180-87fe-8394a17cc64e;df9dfbab-c133-4f86-bcf9-65c30130af8b;;cc2f9f7c-6baf-4814-af7f-8bff3561f0cc,35508a1d-3704-4498-a081-5d632eda67dd,7eb2abee-084d-47fe-9f66-6fa42e14f4c4,b3d2ba60-1d64-4904-b9c5-c82b36120ef0,32ee2474-9682-4ec6-b601-f9cb4fa51a80,75c2f4d1-1a6d-492b-8667-1892c2b528fc,30dffcba-f7b6-4f71-98c0-be8f44b4a555,2d4909d7-c579-48a8-b02d-d1dd7cb2484f,438d0990-d4d4-4aa3-8df5-6e22ead92e88,c3bf6330-1b54-4547-9db9-1d514173586f,dd6e8e63-1577-4858-834b-406e8365e95d,ec49ff0f-2fa0-4a33-b0e8-dcd40eac303f,991b5fd9-2ace-4d8d-9361-7c9bf75f1f29,a1c78042-3037-4883-9e68-a4a2164adaf4;411f3188-d659-4beb-ad58-c981146cf4a4,f6a33026-3845-44b8-b9be-b34a7e3f7b2e,2275cf24-1595-4608-96fa-78bfa82d3f98,f5d14bc6-2b7f-49f8-bb51-953b11495005,c5d8b091-f871-4ed3-9cc8-0780998167c4,28316f46-3a87-48b7-9a13-1334fcc192b1;;ru;86;1000000;;;/film/Babilon+Bolszoj-2015-720601;tt3505682;0;0;0;0;0;354;408;11;117;0;0;0;0;0;0;0;0;0;0;0;0;0;0;0;0;218;210;11;117;0;0;0;0;0;0;0;0;0;0;0;890
236;c7917ad3-34a1-4c62-bf9c-cd168ae34eda;2016-04-29;2015-10-01;Bone Tomahawk;d31939d6-e42e-40f4-8e25-f18e47a1e035,c83f4583-787b-46ba-97e6-b46c20d7ca09;90;12cbd522-57b3-4f27-a77b-3996d740c139,41e52828-54ee-4287-be99-5894a7c4b279,77c4f002-0302-4f74-967c-1e971c1e83f0,d34a7524-928c-4e2d-8b8c-52caaecb43f1,dd8f5281-b3e5-419c-babc-c5029bd621fd,ab4f7957-28cf-4825-aab5-984b4223ea2e,31fb8eda-8f07-42c3-a615-1b70f33a9b3a,96e9aba0-c1e4-40ee-96c5-e81d3f40ab3b,d850ca5d-9934-4291-aa61-8e0af1ca8481,1153e5e1-7c0a-4da6-9b8f-1b63757f404f,44736df6-482f-4e31-b356-94f55b3fd2f7,00d0996d-6064-423f-bf73-712480adb2fb,17233d63-9626-4b2c-859c-817456cb8ac2,725c7978-c223-48dd-9e3e-44559760c351,79aa55f4-12e9-47b3-a35b-71d41148bd57,5395d524-991e-434d-a4c4-d169466a36cb,fcc098f9-865c-4026-9a11-3152897210f6,de0264f7-d3a3-4883-942a-f60a61c1d404;2619ab1a-b33e-49aa-9ff5-5752468ab370;df9dfbab-c133-4f86-bcf9-65c30130af8b;2619ab1a-b33e-49aa-9ff5-5752468ab370;d9208ba5-a916-4aac-a716-9ff357ae7d71,f43430af-9235-4eff-ba27-dae1c8af9aa4,b1ccec5f-40d8-4c85-b17e-ee8fbc5149e3,665f8fb6-ed00-471d-9586-b2d73edd873d,a298d28c-6e21-42da-bd48-a23f8e157050,a99f389e-5951-4b55-b2d6-ad7165727878,5323f6fe-35fd-43c7-9660-25250aa78022,78a5e59d-0b88-4f03-9588-6ff2bb2be659,161e50b6-99be-4447-acd0-88b8ec1a5688,b487a1d7-8217-4110-a863-beac307a87e9,1fae84a0-ade3-4d57-b556-7ec14f4ef6a3,06465dcd-8b0d-4643-a8a1-2ca61f9baf41,99b75949-f6c5-44a7-91c1-4beae74a9801,8ac331ad-881a-4b3d-85f9-54e6b168dc0c,fa263ac2-ee14-4584-94b4-4135b06bdcdf;2cd1954d-2f93-4cfb-89e9-e5f892437b4e;dcbf781d-54a3-4734-9b69-a7e119d59fa5;en;132;2000000;;;/film/Bone+Tomahawk-2015-671707;tt2494362;0;0;0;0;0;13831;1551;304;52;33;60;0;0;0;0;0;0;0;0;0;0;0;0;0;0;12049;894;109;27;33;30;0;0;0;0;0;0;0;0;0;15831
237;273060df-6ca9-4ae1-a7e8-18b8da02a900;2017-10-27;2017-09-07;Borg/McEnroe. Między odwagą a szaleństwem;36a330ff-bd5d-4a0e-b74c-8a0d4473b778,f0506edd-d123-41d3-ad36-1d31a8bb23b8,92c04792-0ced-4eeb-9f80-04c13ce20d44;9,55;984191b4-4cb6-425d-b8bd-69d3f2e4aad3,8af6c96a-83ca-44e2-9900-564c1d913587,bf0c0fc9-dfdc-4673-a12e-3b680f2237f8,efc747b8-9799-4c52-84e7-61cbc5c3e464,61c72089-25d2-4522-a3a4-47485a636a74,33aa1a3c-80bb-4d71-b263-1035280af136,5ef3c6e8-3aba-4632-ac18-b885105b9894,805e1ed3-d763-42c1-975d-d29c77aa89af,9be3ec05-f423-4ec2-af8d-97487f1f9ea3,cc9756ad-2c9a-4798-b40b-4b7a08961630,8d2b1aa7-fe6d-429d-ab16-ca58553003b7,d785b588-ac20-4941-8afa-76dde7b4ed9f,78fa8937-bef2-44e1-ba53-386c8291113b,890bf03a-d97d-4c24-8778-a139da1f201b,8067e269-dcb0-4360-9191-69afb04311f9,ad5ecb49-40c7-4521-acaf-e6d8b96dc7c5,83a4cdbe-84f8-4ded-b453-43a4928e75e8,031f7ce7-2613-4c82-927e-dedb3fa69b20;cff71a1e-fc22-4668-bd12-412bb96f9c64;2469ba5d-8a2c-4349-b38d-227be4d8eb2b;5be0bce5-b2d6-482d-a070-d43fdeab93fe;6cb137b6-33a0-4be9-9ff4-cc29c28282a8,5058abc4-ace8-433b-8ed9-3d87be9f0586,8b698fb7-6415-469c-b4ef-3821c4d522a3,58503dde-43a5-4afa-9819-63d987806358,6b3fa8e3-cbb7-43d9-ae0e-012f38408430,833a6c5c-ae12-4dd6-b20f-7dd59dff5fcd,cf974b69-8b42-46dc-9f81-61af64879a10,8f7650ca-f987-400e-9bbe-9114f371e30e,ac5cb342-4333-4b92-89cd-012ab5d4c6e1,d7d34f3e-73ee-4388-98d4-0e693ec56ced,6b693a4c-9849-4822-81b0-21c4ee5f5763,15ce71b4-d52d-49b8-9712-2c36c63ce34a,a92371f7-393c-4fbd-849e-2860a001943b,894ee7ae-65da-4288-add2-751a8a92cb28,5b6fcd49-12be-44d0-911b-1c0b6686e5d5,6bbd7849-e0d5-436e-92ee-ee78b3500a14,1c250e64-8043-40d2-b471-1f9a19d04e03;d5087482-cc32-49c5-9f64-f4e730b7bd86,972ce11d-3c42-4c2a-9db0-978776c5b3b2,bfd3d082-2de0-43f1-9bca-bef15b7a20fd,e73749da-7fd5-4ca9-a293-a1e82bcb2873,eed717fb-1f82-48b5-96d2-3b1b6e357ee9,176296a5-48fc-4212-a406-e88738041f31,79ebd780-0223-4e67-82d5-049240d318c8;1b7463ea-f722-4147-a4b2-261b08bede20,3ec394f9-c247-4179-a1fe-185c3e57bb50;en,sv,fr,es,de;100;8000000;;;/film/Borg+McEnroe.+Mi%C4%99dzy+odwag%C4%85+a+szale%C5%84stwem-2017-775409;tt5727282;0;0;0;0;0;11943;6510;1854;939;503;417;0;0;0;0;0;0;0;0;0;0;0;0;0;0;6873;3909;1168;492;154;102;0;0;0;0;0;0;0;0;0;22166
238;004cfc9b-b37f-46c2-bafb-afe2352fb1e4;2016-08-19;2016-04-23;Boska Florence;36a330ff-bd5d-4a0e-b74c-8a0d4473b778,f0506edd-d123-41d3-ad36-1d31a8bb23b8,57366ac3-c349-4e55-ad5d-6f8061179e88;;f9477690-e0e6-4b95-b452-f93d807314cb,54d16ff1-9e8b-4bca-9acb-37404834d06f,695d368b-0e1f-46a2-97a1-6b80913b50b4,aae2ad3e-2ba4-4b3f-a0c3-f6c491526cdb,44ad0360-53cc-4746-9575-345b3b47a20c,09d0e0fc-deb0-441e-a8a5-125605c0e2b0,94376870-f401-49dd-b585-b7ddde020e70,bda4e86b-26bb-490d-9e25-e58bc1a5f3dd,260dbf93-82d0-4e4b-a7de-c8d138a1eb62,01709e2a-ebba-4489-a9a4-f111090df871,02173e87-ea31-4673-902d-68a5558b9f09,fbe433bf-620c-44ef-ba7f-ea727284856b,826bb4d5-9087-4109-9761-438c26416552,b86a3818-ea49-498b-a122-9b09f9baefb5,b23e13e5-7a7a-48a0-99e1-8248757fd091,a58436da-3cd4-4536-a3cd-33af12e264d5,1cac83fe-0af1-4846-bd14-4469e3431f09,df4ebbe4-a51e-4550-a9be-2e034f2eaffc;774023d3-da97-4600-bf51-88a6860edd0e;6dc7f7ed-6e1c-485f-ace0-6547ecb1abd2;80494fff-d1a9-41fb-9472-6120a955efae;e0ec458e-ad52-43af-a4c6-56734d7009f5,722a0b19-0c47-4bd8-8b6b-3be1055a04db,2d0a38e8-382c-474b-8cbd-09888b073fa7,83dba43c-568f-41f8-a27b-951ef497365c,80494fff-d1a9-41fb-9472-6120a955efae,cf5f296a-3084-474d-a1bf-817c303431ea,f978d05d-2366-4bd6-ac18-303b3453197a,59cfe1d9-4f84-4189-9418-b026019dab57;03925e40-f29b-49db-a42c-998ac5aa4b7d,0dcd9ad2-2996-44d9-a69f-ea06a7831bf0,843082d4-3ef3-49a4-9513-ac6e23371909;51d9043b-068a-4a31-a0fb-74719a5a6a11;en,de,it,ru;110;29000000;;;/film/Boska+Florence-2016-731317;tt4136084;0;0;0;0;12292;105401;66308;48927;26505;16361;9188;0;0;0;0;0;0;0;0;0;0;0;0;0;0;45589;28507;26176;14325;8562;4951;0;0;0;0;0;0;0;0;0;284982
239;68854f09-8934-43d0-a632-547672889982;2017-09-29;2017-09-27;Botoks;1db1ac18-a83d-4645-9cb7-3c60a03012ba;65;b2bb4fcc-05c2-478c-9f6c-745949106e79,33a532a4-8811-4097-abec-ba02e5ce5ff2,e6ad9046-1058-4ace-9516-58f8b8221304,9c24dba9-b340-4243-a4d6-1a86e0d8b050,1b56b260-fab8-44d7-b77f-d436707a5391,159bdc44-4490-406f-8902-2005cd0d7bb7,b0d27209-edcf-401e-93c3-a12f7ceb3bde,a17fc5ca-90b9-4397-94f0-9867c1abddca,60e28737-8e4d-4cd0-b804-c09f2117aa99,2644b849-c434-4707-9cf3-96185d500c90;bf80256f-a773-4a03-ad02-5a6b92382502;e71270d1-d648-42e8-b1cd-58315299e461;bf80256f-a773-4a03-ad02-5a6b92382502;bf80256f-a773-4a03-ad02-5a6b92382502,2b79beb3-3d94-483e-97bc-53b40c04eb6b;b670b9cf-316d-4707-934a-aa8bdac3440e;c29315d3-7743-480d-ba69-783e11af73bf;pl;135;5000000;;;/film/Botoks-2017-786410;tt7250358;0;0;0;0;0;1066410;595223;302927;160844;86353;54966;0;0;0;0;0;0;0;0;0;0;0;0;0;0;711906;392199;209344;110275;58918;35671;0;0;0;0;0;0;0;0;0;2266723
240;0d107aef-a277-48bc-a1b5-be79778f2be2;2010-10-08;2010-01-22;Boy;f0506edd-d123-41d3-ad36-1d31a8bb23b8,57366ac3-c349-4e55-ad5d-6f8061179e88;;4321f355-2d83-419c-a478-9e6dde26788d,f4e4c858-2ba8-4897-9632-7c3fbf4dc524,ffbebcae-54b6-4a93-811c-470d0fca747d,6f5b7bb2-a38b-4c1f-bef9-c0d40039a87a,a7af5678-1ea0-4be8-9c29-887c475fa520,29d35820-977b-4f07-925a-746ed542d5b5,951989a4-e225-451e-a4d0-46bff06baad2,fd17af66-b860-4856-87cc-f7d015756a99;ffbebcae-54b6-4a93-811c-470d0fca747d;d5e669d1-f258-4ce4-b22a-1c5360abb0d4;ffbebcae-54b6-4a93-811c-470d0fca747d;0232a370-2769-46bd-b071-7ed44510c8a8,f942592d-b55a-4364-afe1-8c26279dc9cd,50ed5239-7b92-4c09-a419-914f87bde876,c4ee9d69-1618-41b9-ac0b-efe2a8bcc43d,0e497193-24e3-408b-a3af-6691143d7652,e7ee49a9-219a-4371-a92c-8555f9cb6e0b;c8eec8ec-9477-4ab4-80fc-ad8ed2a00c1b,4d229ca5-cf31-4ea3-9a24-c3f0badb1308,791961a7-7cfe-44eb-9282-24ff529506b2,1fb62aec-348e-4af9-bbe4-c26bf144b50d,84c038b1-e598-4b2d-917c-eef66ad592e7,bcc7564f-088f-4e89-8cd4-b16bdf7dbb3b;1bcfcd86-d925-4c61-89ce-00b38e268d7d;;87;10000000;;;/film/Boy-2010-555243;;0;0;0;0;0;0;0;0;0;0;0;0;0;0;0;0;0;0;0;0;0;0;0;0;0;0;0;0;0;0;0;0;0;0;0;0;0;0;0;0;0
241;108f284f-be02-4b26-8e15-b5ffcd6560dd;2014-08-29;2014-01-19;Boyhood;f0506edd-d123-41d3-ad36-1d31a8bb23b8;;2841936f-6505-48d5-a0d1-e1a988d111e7,aef10139-46b0-4ffc-bc43-814a4f348bc2,571c33b8-9ec0-4a5b-93c3-c62d8812fde9,589145d0-55f9-4857-b048-eb00caf38bd4,cc5b8269-3fe2-4960-bde7-33df38a514d2,94c58768-cce0-4a66-a232-5f53ea8b6449,d161b89d-9e17-4abc-9cf2-4b9ae7386b9e,75a20ff7-08fd-4675-9696-f8418f2b3437;8356e42a-64f0-4ed7-ac5c-bf98990d0d9f;f44346b1-d6b2-41b4-876f-1b6682aad3ab;8356e42a-64f0-4ed7-ac5c-bf98990d0d9f;8356e42a-64f0-4ed7-ac5c-bf98990d0d9f,7c1cfbdb-1e77-424a-9b05-933c7dcaf3a1,e0ca11eb-c8e5-4331-a284-d60ce6036c00,68d0546b-39e9-4248-b3fb-d90696d57585,43d91e3f-1edc-4919-8938-bc4531926b15,9d026fdf-1ea4-4253-a2c1-be5b9e527cc8,7e37861c-546c-4486-ba9c-ac6500fd8167,10f21355-2878-4fcb-ab6d-aed54299f4af,18a3ac54-9e12-444c-9d05-d429e0708aac;1b0dd73b-a7f5-462a-8d5c-7e4e5295daa9,e16efaed-39c2-42a4-987e-b2edc3f2d9a6;dcbf781d-54a3-4734-9b69-a7e119d59fa5;;163;4000000;;;/film/Boyhood-2014-629125;;0;0;0;0;0;13982;10145;6851;3529;2851;1611;0;0;0;0;0;0;0;0;0;0;0;0;0;0;7624;4677;3441;1512;1204;642;0;0;0;0;0;0;0;0;0;38969
242;e457f35a-46a0-403d-a039-91997d0abc41;2014-02-09;2014-02-09;Chłopaki;f0506edd-d123-41d3-ad36-1d31a8bb23b8;;b8d012ea-b5b2-4f49-a5a4-8ccc21a189e8,3e4daec3-534a-4655-a25b-5eaca7afe865,304fc956-df1f-4c7d-93a3-5b022fc60018,53ca9e40-e787-4586-91db-8e822ff1bd0a,bfc6f809-79c0-4c8d-b1e0-c06aed8baa9e,44c0db46-945f-4f94-a4ce-ec11440cb29b,95c510b2-6df6-4e9b-92a6-256697f41c1a,2d353d0e-27d1-40d8-b9f0-55b5af079b92;5e7d718c-1d54-4e30-8553-b9f5384009de;871441ae-5355-4c68-b199-a73960992257;86b76b47-1859-410e-a4a1-4b2a7e997992,160ec06f-86aa-4a84-b2c6-8198efe56c6e,85200981-aefd-4ec1-a613-664af35e21ee;5912b9ce-7de7-4b02-9561-f3eb5cb7d4ca,0648c43d-daa4-4e90-b37a-6ea9bf91de29,53970038-4b65-4a7d-8cf8-1cc1da1f4648,dba1484f-aed0-4f43-b74f-5eefe74bb964,7a09ed14-f3d5-44ab-84ed-25127c248b7a,85af59f5-a2d8-4648-9e10-74303242045a;46daf762-ed91-49b1-b17a-9b166bfd4645;35c5b59b-76d5-40ac-b685-928ade8f184d;;78;2000000;;;/film/Boys-2014-709532;;0;0;0;0;0;0;0;0;0;0;0;0;0;0;0;0;0;0;0;0;0;0;0;0;0;0;0;0;0;0;0;0;0;0;0;0;0;0;0;0;0
243;89f761d1-7327-4bb2-baeb-5afb99dd0b0c;2019-10-11;2019-08-29;Boże Ciało;2cc23d9c-a2c5-43ad-8ff3-747de8e71b80;43,108;1b165355-6f84-4ddd-a089-8ebe5f2a46f9,c019abf5-0d6e-4795-ab17-72c0d140b6ba,9875db4f-d8bf-4a37-957e-74f16890d5c4,02b4f837-91ed-4a74-9106-e1f068aa70f1,8adc7315-6f47-4330-a0ba-d500b2d6610e,5291b252-a2ac-4175-946d-4b8c55fba2ad,be7d46f9-f8e6-4b64-acd5-f40b7ccaa3a7,63ed72a7-ca2f-4977-8345-d27bec0de894,490d28f2-f01a-48f1-87ff-59bf8dbaff88,7cf5e1d9-2e6d-45da-b077-26837e9bc0d8,be961243-e59d-41a1-ae1e-04600a9e61f7,861436d3-1341-4643-b7db-7dcd5cc35bb0,a9eac154-20d1-43a0-91eb-d1914e97a1ec,55f8fa6b-1874-41ab-acfa-bff8c02c2562;a5b16213-fca8-4287-8026-afc75dd4e07a;e71270d1-d648-42e8-b1cd-58315299e461;c71ea923-f2ae-42c0-bc28-1a908dad7887;367b7680-446a-476a-bad2-24583f1c7e65,113b02a7-a593-46bd-be50-252aeb5546f3,cbd284bc-debc-40f4-b56f-360ffec85fdb,c7585e98-b4f4-4d9a-9264-8170eeb358b5,2898cd73-a349-4415-88e8-f92d5fe44fc5,4792aad5-6796-4ba4-9020-3b5e57bcb74c,e91cc992-e026-452c-8813-36a19324d12c,c412b410-207b-4fdf-b3c8-85218e47e624,1bd5f6d7-d738-40e4-b280-a1f3096cd202,f9003589-bcc6-4864-8c7a-a8e88e620789,301f2e24-ef6a-4d4e-8f25-f70ffc7cc649,a5ce4485-20c0-4952-bb60-2b7afba2bcb2;fa810b89-d61f-46e6-95af-1c8a701ac578,e73070ee-df70-4ba2-9a3d-f03c41111771,7a9890ad-6ce9-4cc3-aaaf-7bad93bdab42,d6c2473c-72c6-4c4b-8f96-cf047eadcffc,fbdbada7-4514-4b53-934c-300bf8cf6aaf,5f2c3d88-0cd2-4a58-a909-17d9110f614f,f49b2cd1-fe89-43ec-aa32-a226e06b3d27;c29315d3-7743-480d-ba69-783e11af73bf;pl;115;1300000;;;/film/Bo%C5%BCe+Cia%C5%82o-2019-808863;tt8649186;0;0;0;0;1121;318126;302276;240288;197289;171226;82161;0;0;0;0;0;0;0;0;0;0;0;0;0;0;164545;169216;138369;114121;99574;50841;0;0;0;0;0;0;0;0;0;1312487
244;d2bce304-6432-463b-8f6f-8f2f323aa226;2019-10-25;2019-02-10;Bóg istnieje, a jej imię to Petrunia;f0506edd-d123-41d3-ad36-1d31a8bb23b8;53;6b510866-8aab-4f50-a74b-6a19d60a9c00,2e00daa8-2163-41f1-b98f-7d7d5fe41dba,91ab9c5f-5e7f-4b02-b8e8-beba3cd41a77,19333c46-67c8-481b-8c9a-fc786eaa92a2,2103ca0c-109a-4233-bdfd-7253ea88cf9b,b4b4d4b0-80ac-426b-914c-9c6d88b8c351,be366c4d-4f16-424f-9567-23bb144f9cc3,2c01952e-4486-49ba-8e6f-d0a16a84fa69,420e65f8-b642-4507-becb-fc17eb849a3f,e25a7ad6-a88c-43a4-a81f-2302520c387f,bf3c688b-7ceb-406f-83c9-cc77065c3997,37ba1717-d14d-4967-9199-02ed1ced5628,25b1e89d-21dc-48e1-896a-dca54d0c1bbe,7b84df63-bfeb-4ea7-be43-cb502dda96e9,07ec7f77-c378-4593-9800-156ff3b87486;52a07900-db4a-41ca-ab82-453cfb22286e;1886bb61-6185-44b0-849b-ed26b23b5074;52a07900-db4a-41ca-ab82-453cfb22286e,e30e4327-a301-40a0-827d-0908a9053b77;2e00daa8-2163-41f1-b98f-7d7d5fe41dba,75b94e17-6daa-4f20-ad5b-1de6042f7242,aae29401-73b2-42a8-acbb-f5e5d624ed2c,22964aec-3811-4f3b-bf8d-29005a44f191,b6fcdb80-8923-475f-93dc-861279c51bf4,caa06a34-9382-47b3-9788-29feb8188488,f4eb94e6-2ec3-4518-8f3d-d0a78f3a2676;cfabc218-1d95-4656-9941-1c0282980ee2,4d84ac5f-7b8c-4988-8b06-bfadc74648ac,b38fdf9e-57ab-4879-bd80-28bac6ede815,d3db4d2d-8cfb-47aa-97a6-a0945d3a37db,63dce0cb-13ea-4339-b11b-c2b052f3fd94,aa4db1bd-a94c-400a-96be-9ae69bebb26b,b839a20e-8d52-4df0-b0df-2841ae41a254;116f84ab-f821-42b3-a646-dc8a2444256f,51d9043b-068a-4a31-a0fb-74719a5a6a11,5674f9c6-b66d-40c9-8527-817c5cabc554,d6d221c6-8669-4947-b2f7-60f211214380;mk;100;1000000;;;/film/B%C3%B3g+istnieje%2C+a+jej+imi%C4%99+to+Petrunia-2019-819684;tt8054608;0;0;0;0;1482;702;501;339;478;17;319;0;0;0;0;0;0;0;0;0;0;0;0;0;0;425;183;71;0;5;9;0;0;0;0;0;0;0;0;0;3838
245;4c67ab77-6673-4c5a-b6ab-58dc9f369e8c;2015-03-06;2014-03-21;Bóg nie umarł;f0506edd-d123-41d3-ad36-1d31a8bb23b8;181,258;dd4a153f-5c0f-4c26-8a67-f3c26620b366,a2d15ca3-6a91-4ea6-a2d9-dad58a8aeec3,002f60d5-19cf-4e37-9c7f-1c29b049b795,a386d553-92d1-457d-88c6-c6699a6959e2,b3cc9deb-dba6-4efe-ba8c-b22f4bf74c1b,a555ac40-9db2-4124-89bf-703e11f8477d,85a4145f-0598-4560-8731-9c46cb5253fc,0c055b1d-a503-4101-8127-5e046477511f,03ad2add-8096-425b-81ed-29ccef53de3a,196549d2-6bf4-46a4-b587-b0040d6e8033,d35efad7-59b2-49e9-9a91-155c060d1fa5,20685554-45b2-4a0a-8b7f-acd6b9c10039,7ccf099f-c621-4ba8-b5a6-a7d1255588ad,12085768-01ae-40d0-ab00-23ab52fc32c7,025c62f4-9e60-40d8-bc8c-3c50d123eb23,50aaa0e9-f0aa-4d5c-869a-fc3ba2dd4b7c,b8b4c30c-703e-43a2-99ac-ae2f1e468b87,11d514e1-a4d9-4f3b-8290-acd8065f90ff;169cfd89-ae0b-41ef-895e-57c001b8ec97;;69619a4e-3de0-44e2-ba7e-2ab9ade99b6f,60cd38ab-c007-482f-8955-ea0dd14c630a;69619a4e-3de0-44e2-ba7e-2ab9ade99b6f,60cd38ab-c007-482f-8955-ea0dd14c630a,002f60d5-19cf-4e37-9c7f-1c29b049b795,b8b4c30c-703e-43a2-99ac-ae2f1e468b87,7eff2d4b-f989-43e0-9381-bb552361974f,16288db8-8c9d-426b-8eb1-fab60b8b8662,6e6c5165-ec8e-49cc-9b1e-b8e84e8bf276,0711e6f1-cde2-41f2-8e3c-edb04b576957,c6f7558e-458c-4868-8d1c-bac55d102d8b,ef20cbbc-8f1c-45e5-b4b1-28217134b21f;434297e9-8489-4a29-a88f-cd844d968472,312daa17-eefd-4d45-9041-efc2f3a8fe98,c36ae2b2-9e98-4f6b-bb2f-152c5e6c1782,5b1a6ac4-9669-43f0-96df-4c4abbb9f12b;dcbf781d-54a3-4734-9b69-a7e119d59fa5;en;112;2000000;;;/film/B%C3%B3g+nie+umar%C5%82-2014-684049;tt2528814;0;0;0;0;799;26384;31244;27177;29012;7458;5147;0;0;0;0;0;0;0;0;0;0;0;0;0;0;11201;14637;14186;12818;806;2273;0;0;0;0;0;0;0;0;0;127221
246;c444ddee-84c9-40fa-ad52-b520424a9975;2016-04-08;2016-04-01;Bóg nie umarł 2;f0506edd-d123-41d3-ad36-1d31a8bb23b8;181,258;d7683a62-1f18-4684-bbe7-6715413411f5,2550a05e-d115-4528-988f-e149a6fc11d4,002f60d5-19cf-4e37-9c7f-1c29b049b795,71045bf9-75a1-4100-8d51-315769d9e998,b78d63a9-3bb5-4d8a-b9b0-0455e0fed9ce,9379e4b5-ee56-4f9e-a9f3-2876971331f5,c6e4316e-2079-41c1-8414-27ef6fc74612,329ac0d5-194c-41f1-b9d7-1571d4db9a6f,eb8399f3-e0c9-472e-bd91-f30068fc822a,efd8a255-c592-4b46-a90a-4f8b446ea721,c855758c-9b37-4b90-89d4-9f90b52784cd,59014667-19b4-499c-9995-54b58ca0af25,03ad2add-8096-425b-81ed-29ccef53de3a,196549d2-6bf4-46a4-b587-b0040d6e8033,bfec642f-f0fc-4f1c-a54e-23fc0dda10be,7ccf099f-c621-4ba8-b5a6-a7d1255588ad,8a3fbe62-9ded-41b2-b74f-27d91d09851d,a89da178-5a90-4f5b-822f-345397e5fe7e;169cfd89-ae0b-41ef-895e-57c001b8ec97;6dc7f7ed-6e1c-485f-ace0-6547ecb1abd2;60cd38ab-c007-482f-8955-ea0dd14c630a,69619a4e-3de0-44e2-ba7e-2ab9ade99b6f;69619a4e-3de0-44e2-ba7e-2ab9ade99b6f,60cd38ab-c007-482f-8955-ea0dd14c630a,002f60d5-19cf-4e37-9c7f-1c29b049b795,b8b4c30c-703e-43a2-99ac-ae2f1e468b87,0711e6f1-cde2-41f2-8e3c-edb04b576957,c6f7558e-458c-4868-8d1c-bac55d102d8b,33b71e2e-4637-4622-807b-6fb23fd3af8e,ef20cbbc-8f1c-45e5-b4b1-28217134b21f,c143979b-6292-4bc0-941c-32aecd965c5e,a0865747-f6d9-443b-ac61-778dc2925e11,a2f7e6ba-df5a-4287-bbc9-9539dd864486,06662187-d5d6-4256-8b50-ece275570fc3,8484413a-af1b-467d-a361-42b18f9fb06c;312daa17-eefd-4d45-9041-efc2f3a8fe98;dcbf781d-54a3-4734-9b69-a7e119d59fa5;en;121;5000000;;;/film/B%C3%B3g+nie+umar%C5%82+2-2016-750635;tt4824308;0;0;0;0;1026;24366;22653;20736;9867;5513;3311;0;0;0;0;0;0;0;0;0;0;0;0;0;0;13646;10946;10895;4751;2329;1165;0;0;0;0;0;0;0;0;0;87472
247;bf327fba-df78-47e1-a27c-b3777f7b71b1;2018-05-18;2018-03-30;Bóg nie umarł: Światło w ciemności;f0506edd-d123-41d3-ad36-1d31a8bb23b8;181,258;d0a461b9-89fd-4425-8ce7-846929ebfca7,58cdade5-9bef-4b2e-b77b-cbadbe2875f9,6280e287-5424-45d6-a032-5b888ae18772,9a1e3962-2131-4c8e-809a-3ce611648f96,ffc1843c-d3a8-452c-a43c-b6e7c2339df5,4f2660ef-6a23-4e69-a0ad-7605ffa5eec2,0635716d-76dd-40bb-be0c-393de2ed9548,35323d30-26df-48e7-a5cf-4e3ae0c052f5,e3f65866-b6a8-4597-aa5e-c44468aa8e57,7dda7b33-44af-43e5-8bf3-ec5f3b696a80,8a6afce3-16ad-4591-9d28-53d48ff43ed5,964e2da3-f300-41e8-9906-10d5226e6d42,c9f646ff-4d08-46bf-a32d-c0fd7ca1fd6c;80a71c1d-63e9-44ac-ad26-4c203832bc74;6dc7f7ed-6e1c-485f-ace0-6547ecb1abd2;80a71c1d-63e9-44ac-ad26-4c203832bc74,a856bf58-8253-4b9c-9135-fe1ffcf306ab;ba8cf0ef-e31a-4923-ad30-540c6de8df64,a0865747-f6d9-443b-ac61-778dc2925e11,06662187-d5d6-4256-8b50-ece275570fc3,f20c15ad-e9f3-4828-865d-6b765db383c6;312daa17-eefd-4d45-9041-efc2f3a8fe98;dcbf781d-54a3-4734-9b69-a7e119d59fa5;en;105;5000000;;;/film/B%C3%B3g+nie+umar%C5%82%3A+%C5%9Awiat%C5%82o+w+ciemno%C5%9Bci-2018-798462;tt6652708;0;0;0;0;287;10304;7902;2102;2092;1223;588;0;0;0;0;0;0;0;0;0;0;0;0;0;0;5526;3216;754;805;331;358;0;0;0;0;0;0;0;0;0;24498
248;6056b18f-df1e-4a6c-9776-38ce11431ea5;2016-06-03;2016-06-03;Bóg w Krakowie;2cc23d9c-a2c5-43ad-8ff3-747de8e71b80;;1942255a-ae27-4fda-828a-57fe3e887bc3,f6adae57-afa8-4bb5-9586-8042eea1632a,9a14a189-5aa1-4737-b627-3deb0cd31d99,7d7a5e92-6e13-4b38-8143-32ac63b1c1e0,b60e0719-6ca7-452f-ac38-337a97d9fa6e,40a4a925-6f4b-4d14-a2c0-1a12aaec5073,118ee986-90f7-49a3-8414-d34cbea18e76,6444a92b-2e6a-4e6c-8b49-13c427a0f0df,7db1820d-9eaf-4ab5-aa6e-eb25d4e6ef62,490d28f2-f01a-48f1-87ff-59bf8dbaff88,dd5ac12a-a18c-4404-b8f4-8f1f45ae5476;f72a7bde-b39e-498d-bd73-56712a4e18f5;ceca3de1-2405-44ce-9f40-7b8755569baf;f72a7bde-b39e-498d-bd73-56712a4e18f5;6292ba2a-dead-4de7-9a31-ab7a656b1c6b;;c29315d3-7743-480d-ba69-783e11af73bf;pl;95;2000000;;;/film/B%C3%B3g+w+Krakowie-2016-761544;tt5893538;0;0;0;0;0;9929;9556;7527;3552;2338;2271;0;0;0;0;0;0;0;0;0;0;0;0;0;0;4255;3828;2739;895;1054;1161;0;0;0;0;0;0;0;0;0;35173
249;4f5e62c8-38e9-48b9-9a51-f6bc3e3bc6a3;2019-08-30;2019-03-13;Ból i blask;f0506edd-d123-41d3-ad36-1d31a8bb23b8;53;143ed4e8-196d-4cfe-8f4b-da05877b19bc,21bf6567-cbee-457c-9e77-d53782f6be4e,0cc338b1-4096-475e-ab92-7fe85fe6be61,fffc16aa-418f-4699-87af-3b937fa90eaa,e0ac9ba1-51e8-4cb8-91f8-3d567ebcf397,0c586d6e-5d31-44d6-ae1e-61d6f7a9c202,646d90c9-36bb-4347-8d48-94d7c1d3be74,b3edcf51-076e-4eda-8946-104cf80b718c,be775077-2413-43a2-bdac-23e87709dcfa,f94f1479-3bda-4611-aebc-faba6fbe9351,da8f21fe-efb9-4925-86d7-4fa329ebc0f7,cc0ca575-956b-408b-bc11-b6fac7625a2e,3e0ae5f4-ad29-461a-bc4f-4d7b3a6adf6c,b1af96bb-9b79-4ecd-a760-7263b3c96f72,31648de6-56a3-4e2e-85b3-fba1471e11bd,d2cb2476-bf20-4796-ac87-93c139e04d04,d1e657b4-cffb-4193-8b5c-22bc8f3d57e6,8f3a9e57-af14-47f8-8f81-496977f1bc90;e7a0b7d6-0bb1-40ef-bdd5-d1e4a317ffa9;a4abfcce-d2ce-4ab3-becd-258c33b13102;e7a0b7d6-0bb1-40ef-bdd5-d1e4a317ffa9;8c33d475-0b67-4f23-98fe-154fb0d6ff0a,f3bca596-b221-43ba-8b0d-ce492be33548,8e6d26c9-de24-4e29-9a49-2dcbe4c5af30,7ed25f6c-e4af-4d4f-a728-4e72358d23ae,59ff1cfb-7f7b-474f-8989-e3564df6fbde,45cb589b-fde4-4e6d-82c4-4e6198fcf0e3,9ad3cba2-ea47-48b7-b98d-849c68dc8ad6,e2892c7c-b8c3-401b-9adb-827543b5cdb4,2d8d1970-a6ce-41c4-a13b-f08adc61f9c5,ab867cc6-6867-4e88-b9b1-b7ac91f6402c;e0d45b0f-72c9-4e3c-b22d-b9df108edf2b,fca3bc1b-d668-49ff-8fbe-617acce87c4a,67814d97-22c7-40d6-afc5-ede1ebb6872e;51d9043b-068a-4a31-a0fb-74719a5a6a11;es;113;11000000;;;/film/B%C3%B3l+i+blask-2019-823007;tt8291806;0;0;0;0;17185;59404;46521;28876;14476;11597;8156;0;0;0;0;0;0;0;0;0;0;0;0;0;0;28312;25316;14044;6788;5481;3739;0;0;0;0;0;0;0;0;0;186215
250;b588c9c1-59e8-47ec-8614-671df229d550;2012-03-02;2011-09-02;Bóg zemsty;1db1ac18-a83d-4645-9cb7-3c60a03012ba,d34b4e2c-74ce-42ab-b438-86fbbdcaee15;;e2a859da-ed0b-4c64-abcd-36c39719b000,a689c00c-ad63-4796-9fd2-9abb9b761238,e0576cde-179f-42eb-b9dc-5016ec019138,060be87b-b1ee-4bde-8af5-b34c0c568661,94fffe59-2ede-4fc0-a65a-502967de96c0,dad91b93-1ce3-403f-a457-935c9d648876,8c0cc475-60ec-4797-ae5f-eee0ad950693,82bf734b-eb2a-485f-8e7e-3b219a23f993,b46b8572-32b4-4346-b03c-de682340a2c8,4e4cbf7d-5fa7-4cd8-85b6-eaa60b8ba678,6ac9f471-26de-43d7-873d-f1aa244f39e9,0e8f4210-aed3-42c8-aae6-7d2f60e10c54,3826c634-679e-45c5-a0af-5ca6c765b571,b0aa99ba-fc9d-4f28-84b6-89610b0e18ca,e4120f99-fd7c-424d-94a4-99de2ab0cfbd,4631a021-f429-4cd4-a706-1f9c74583d1e;155c7c25-b531-47f3-bf03-694bf3c6a5ad;e71270d1-d648-42e8-b1cd-58315299e461;15addeee-61e3-49c2-b1ee-0b89e1a5c486,d06a3d92-94a5-4597-914e-e2cfa1d6f619;315758fc-3828-4206-b828-ea8b198df317,187c936c-f36c-4914-9380-3036fdf6e5f2,88774ffa-4627-4e98-af62-14c41a23cb06,42367a6d-ce62-4945-97f4-0e43cdce278c,a867ae02-7c94-4e7d-9306-964e5723677e,a5779b55-2916-471e-bbb5-e97376489770,bc4913be-a496-47c2-9691-db26954c1982,5802396d-14ec-4d57-aa91-4d160d9bd17a,29421c46-bb46-46b2-9777-562277935cec;bd90d0c2-76a9-4a51-93c9-140c5655694b,6ed80427-ae08-4dbc-81e0-c105d179728a,36ee8ce1-c31a-4c0f-b755-edbf14af6e0a,f72b6de8-546c-4f82-b413-2eabe7374e6f,0b4fb92e-6728-4183-9ffa-79f9ab4b7a20,ebc6834a-9320-4f66-b025-a299fa89dbde;dcbf781d-54a3-4734-9b69-a7e119d59fa5;en;108;17000000;;;/film/B%C3%B3g+zemsty-2011-485629;tt1214962;0;0;0;0;0;32881;21940;5891;1588;1192;989;0;0;0;0;0;0;0;0;0;0;0;0;0;0;19627;14285;3571;1103;861;286;0;0;0;0;0;0;0;0;0;64481
251;e0ac3f06-6f2d-40a5-b1e7-d8b9c520093f;2016-04-08;2016-04-08;Bracia;2c2fd51f-d2b8-4fb5-aec2-faf911088642;;29b07222-559b-4690-a163-e57d44e8db56,8cb537dd-4353-4e04-b5da-6f0a2f472e17;083f842f-89fd-47e9-8c02-e2063835e2ad;c87d1ceb-2a0d-4d66-8aaf-668f8a03ad62;083f842f-89fd-47e9-8c02-e2063835e2ad;cf8c872d-a34a-48f6-ab2e-da75fbaee404,b39a3552-bd9e-40fb-a9a5-c565ac81b01c;5f2c3d88-0cd2-4a58-a909-17d9110f614f,f72a6f17-2d62-4935-bb4a-7f3ac5fca15a,3a0d04e3-6372-467e-9896-87056e966925;c29315d3-7743-480d-ba69-783e11af73bf;;70;1000000;;;/film/Bracia-2015-751008;;0;0;0;0;0;0;0;0;0;0;0;0;0;0;0;0;0;0;0;0;0;0;0;0;0;0;0;0;0;0;0;0;0;0;0;0;0;0;0;0;0
252;338b6b93-dcab-479b-8bc6-0b8eeb7f2bda;2010-05-21;2010-05-21;Bracia;f0506edd-d123-41d3-ad36-1d31a8bb23b8;59;315758fc-3828-4206-b828-ea8b198df317,1c43295d-6b2a-4f25-b1fe-966e91f22051,3e58e1c1-4719-4eee-9cd7-6dde292aa88b,98490168-5790-479e-beee-2e1cb37daa0c,32f16df7-ac80-4b9f-ae17-ba8edf54c499,33118213-5b68-4dc0-bc2d-78a435999fa9,0933353a-d252-4977-b8cc-a8c0910335fe,fa0ebbc3-c8a4-4f88-8aed-81443e61fcaf;446bce61-d500-4f18-9b20-a7385ed0f478;6f1e0b01-00d1-4844-9c68-e9d65479cb3d;00db12da-928b-49d8-b26c-9b4af356b714;5b0e9c3a-4d5d-4c96-a515-0281d61a9e1e,9764d6ac-d6c4-4292-b9b5-cba2c911482e,2a666871-1b59-4cbb-8048-42ae24d5997d,97979b4a-d7fa-47dd-8777-5bcd8424bf3e,5b540445-8e71-42b3-abcb-b353096f39be,5e1294c4-335d-4ede-8625-b3f9763bc87c,1c0e31ba-7de3-4221-a114-ba8eba2c9219,a93077f3-a4ef-468c-a7fc-3d67aff98dc7,daf8b4b0-e942-43ad-b105-912b95824fb2,125afbb7-57a4-4300-8fa8-229739762a47,86873e7d-8a57-443f-89c3-7de4f6e4ed5f;1dbe8b5d-cf4c-4fda-8b37-a0649f561093,2378206c-5e13-43e5-9f03-48370d9d5ed1,35d5222c-c4b8-48d6-ad5f-7b094f0d07ed,e3d7ed83-77ee-4c73-bc8c-20aba18bf192,636e963d-a832-423f-9a49-d8cbb580bcda;dcbf781d-54a3-4734-9b69-a7e119d59fa5;;104;26000000;;;/film/Bracia-2009-459973;;0;0;0;0;25;31008;32924;12703;7134;4509;3575;0;0;0;0;0;0;0;0;0;0;0;0;0;0;16966;16125;6920;3364;2343;1985;0;0;0;0;0;0;0;0;0;91878
253;45ede451-6df5-4474-bddd-21cfbd97006f;2017-09-01;2016-09-11;Bracia Lumière;2c2fd51f-d2b8-4fb5-aec2-faf911088642;63;92df614f-a5b8-4b83-8be7-d612f2a2c705,cc88658c-9442-4aaa-8e3d-a908646ff0cf;92df614f-a5b8-4b83-8be7-d612f2a2c705;e71270d1-d648-42e8-b1cd-58315299e461;92df614f-a5b8-4b83-8be7-d612f2a2c705;3f93fc52-f82d-4bac-9df7-cb148606041e,92df614f-a5b8-4b83-8be7-d612f2a2c705,06f65c60-b838-4150-9836-d62777a2d33a;;51d9043b-068a-4a31-a0fb-74719a5a6a11;fr;90;1000000;;;/film/Bracia+Lumi%C3%A8re-2016-789585;tt5954462;0;0;0;0;87;1662;715;715;715;715;511;0;0;0;0;0;0;0;0;0;0;0;0;0;0;864;358;358;358;358;256;0;0;0;0;0;0;0;0;0;5120
254;6d625b9d-1623-4181-a921-cc93bab88098;2020-02-28;2020-02-19;Brahms: The Boy II;d31939d6-e42e-40f4-8e25-f18e47a1e035;;295dc79f-3898-4af7-ab9a-62c7eb320dca,7102293a-fa6c-4874-8e22-d4699931e770,83427b53-5b48-4c22-a8e4-d180ccd3e9d9,caa0990b-f167-4464-8f5a-737f2c949e3b,96b5039a-3d0e-48f3-96ca-d0e64f54fa07,a744123c-ca1f-4538-b1f7-2e0c881d9428,ecaf0d56-0d9a-407a-8131-c0a8a5739b62,8a414fe8-a034-4b0a-a5dc-9e1d51fb9dad,ba83692c-6ca8-4ee1-bcfa-322671c60a14,63f8e2ff-afe3-4aa5-838e-2bf621ca0c91,5828dbcc-d452-4123-abf5-8d14df050a93,96ca5620-a4af-4375-9f91-d2b62020fb51,d9d7ff3b-9258-4c1a-a9af-be8162c07f24,4d975aad-fd17-4382-af8c-d8b9f6106443;d740eff0-9460-46d8-a7ee-07dc8decb095;6dc7f7ed-6e1c-485f-ace0-6547ecb1abd2;4a46cab2-9afa-4e92-be20-f00872a9c72e;430edd55-4227-475e-90b1-476a16a78dbd,038caa01-2f3c-42e7-ad5e-64694150e080,0e0b2a90-74b0-436a-8524-a394471c9a37,5013cbd3-d0da-4a51-a174-431f55f0f844,cf39a1b9-4a98-493d-b9ef-50c61b441232,f22d45d5-01e6-4978-ad67-5b1a465498b9,e835ab0c-7ec3-47a9-a25f-1e15041128ee,ca6608d7-eeb7-4297-b94d-2dc3193faa54,311738cf-1474-47c2-9f8c-d5d98f978254,267cd5cb-5398-4c94-9664-ad2e790220ac,0243cb6f-3829-4848-b5ea-7209b6546bea,8acea37f-1e49-4855-adba-dfb6d67c40a4;ad0502b5-fafe-439d-83c6-c578b9ab8b94,c21bafb4-8614-4116-a22b-d66b7871174c;dcbf781d-54a3-4734-9b69-a7e119d59fa5;en;86;10000000;;;/film/Brahms%3A+The+Boy+II-2020-828491;tt9173418;0;0;0;0;0;31731;12910;0;0;0;0;0;0;0;0;0;0;0;0;0;0;0;0;0;0;22229;10056;0;0;0;0;0;0;0;0;0;0;0;0;0;44641
255;173ce2a7-b75c-4a06-9915-1579e14c21bc;2011-09-09;2009-10-21;Braterstwo;f0506edd-d123-41d3-ad36-1d31a8bb23b8;;7e09b5cd-f521-4d7e-9dc0-6c45ddf021bc,d9955a63-0d79-461f-baf2-b14a2fe9c2c6,49e30f08-4f0c-41c0-a863-057707c34f55,bfea4594-bdc1-40e1-8a62-a2dd168a66a4,d2a74bcb-38db-4658-9c51-9bdbf6cd5cef,90cf13b2-2773-420a-b4f1-fdf85160d931,84ae6fc9-1835-484f-a607-ae9c5478cb14,1ce0eeeb-87d0-4796-b401-d493227e8e72,1db2e0d0-14ef-4e0b-a300-0464b496b965,a1e04ded-56a2-4d2d-a634-0c7b808949f5,f6ae7ac0-a5e9-4a15-aa33-0196349d8eef,5b5686a6-edc9-4e91-a7cb-d10f4d7acb2d,d4567f77-d0eb-4d4b-96ad-057c30a3d3f8,d72aeb6a-173a-4841-b6e8-1507c3646ccc,2a492984-c00b-4571-9638-f8efd7771ad9,cdf7ce5e-7081-4666-97a9-acf3d77b23a4;845919cf-d55c-478f-9187-7a91c340e194;817a06af-b597-426f-8e5d-f006c1b2704c;845919cf-d55c-478f-9187-7a91c340e194,397bf61b-4e3a-4764-89d8-921e353dc460;0526d49e-5131-4523-bd08-5ce18cd4bb06,6b3fa8e3-cbb7-43d9-ae0e-012f38408430,6d7f783b-fdcc-4dc1-88f5-75cf21cda004;223acc75-bd6d-472d-a6b8-972439c72755,47b9cdbe-5755-404b-889d-86a7d944d191,3283a028-b189-4dd7-b934-be01564ba6a8,4b9c4f1e-d15a-4bc2-9470-13196da10d2b,972ce11d-3c42-4c2a-9db0-978776c5b3b2;1b7463ea-f722-4147-a4b2-261b08bede20;da;90;10000000;;;/film/Braterstwo-2009-500053;tt1327820;0;0;0;0;0;0;0;0;0;0;0;0;0;0;0;0;0;0;0;0;0;0;0;0;0;0;0;0;0;0;0;0;0;0;0;0;0;0;0;0;0
256;19514264-76df-4be9-9870-a2a85f27445c;2016-09-16;2016-09-05;Bridget Jones 3;8cd25594-1c53-4fcb-9d63-9bc49e46b082;265;8bf9462c-b745-4f04-9bd3-5088034116ec,9e59a1e7-f155-442a-9922-c8ca7d6244ab,9a2dd245-3c3e-481c-ac4c-e6735f7b7605,0c1f81f0-9959-4d23-8125-39fe58f76584,ff9a35a8-e776-425e-9e89-0310a8c713f7,b1369dc3-1ab7-4ffd-839d-08029687aa5b,3b65fab2-6115-41e2-8044-ad7ce9a8a873,b672d66b-910f-4c18-814b-52c115948a04,ee602415-7c21-473f-85b8-5cfd3a2c4227,a8db8fdc-74ff-461b-9ee1-2d6f24936b36,6cea3513-ab35-4110-a88a-a4afb16112b9,eb079a6a-4cbb-42ed-87f9-261696e32c88,6f1ae228-d7ce-423e-b4e7-2ac7e860adbc,bd170b2d-0df7-4cb1-9d78-e6c051716812,10e82099-5ffd-457c-bea8-636dbfa87bfe,165258e3-3b15-4f1a-8840-af00ca158d81,5edfdf7d-84a5-4f42-98d7-866145489e8a,190fe112-4275-4309-84f4-925749742d6b;2bc8c0c2-28b6-48f8-b430-e9bb187edb52;f44346b1-d6b2-41b4-876f-1b6682aad3ab;9f9e2af3-b525-4880-875f-26a478c553c3,0fcdbf52-937c-43ab-a56d-d2d0504d9eef,80b11ce4-81fa-41e8-a36c-7026c984cbb4;d2990a1c-2804-42dc-a75e-34be0851bae9,15dcf0dc-df43-4c89-804d-faa02c70aa1c,8502a567-fcd9-40a6-931a-f0f1b8dc0105,0fcdbf52-937c-43ab-a56d-d2d0504d9eef,85c25bc3-b43b-4051-94a7-5edcc84eb4df,b4bfbabc-ac2d-4ed1-9368-830050177deb,c25ef012-b5ad-4a10-a9be-1a3fe3bde100,d58d6b1f-d306-4c47-9d31-b6b13eebbade;66678a76-53ff-445b-8f9e-6648ea16f0b4,8b0bad92-76de-47bf-bda0-396b09f9f401,3ccd35c9-40fd-4838-b31b-93dabb655353,e5886614-70b7-4297-b71e-0ed0cd8b40a7,b1b7abd8-97bb-42ac-b171-332d285eee5d;51d9043b-068a-4a31-a0fb-74719a5a6a11,dcbf781d-54a3-4734-9b69-a7e119d59fa5;en,it;122;35000000;;;/film/Bridget+Jones+3-2016-550879;tt1473832;0;0;0;0;28352;332476;259701;184960;132784;79304;52795;0;0;0;0;0;0;0;0;0;0;0;0;0;0;170610;138481;102043;77169;47030;32834;0;0;0;0;0;0;0;0;0;1070372
257;dbebb612-96c9-427e-9032-ad2d967aee5a;2014-04-25;2014-04-23;Brick Mansions. Najlepszy z najlepszych;f0506edd-d123-41d3-ad36-1d31a8bb23b8,d34b4e2c-74ce-42ab-b438-86fbbdcaee15;;064fa301-c93a-4e13-b36e-c85865de1369,2315cb36-d34f-44b7-91a7-8830a5ffbbd1,5582e5d9-03e1-4b66-b28c-29403e921666,e609aae0-651e-45ee-8513-d146dfeb3696,b82408bc-c507-4073-ad02-8650d6b42e37,d4c65870-e362-4a8e-b0fd-9c56290d8698,48e95527-d00f-40f9-a7f6-1e8e8eafdea3,9a441164-3b05-4550-a375-bc1d1be13e0b;fbfebbc0-b50e-4e13-9239-8310f5498e01;e71270d1-d648-42e8-b1cd-58315299e461;60172139-69ac-4e59-b947-0ca92b438f9b,de2e50dc-416b-43e4-a9b8-ebbf40ea9f07;60172139-69ac-4e59-b947-0ca92b438f9b,2489371c-bbce-4a96-9d2a-3b3bc7b718d9,87f1b803-04b1-4930-8d4a-52fbf47f2a42,1c0e31ba-7de3-4221-a114-ba8eba2c9219,54c0488a-3844-4cec-9169-254b566db4d1,a93077f3-a4ef-468c-a7fc-3d67aff98dc7,951081dd-76f4-45ec-abb7-9ef1bf884773,67d31eef-f50d-4caa-b9d0-a8dbfe9867dd,325736d4-0eb3-4887-a96c-e74ad6cc6695,23427bfd-301b-48ac-8dbd-049f5fdeab43,7a01e3ac-733d-4e41-be21-aecf009db745;d502bbff-dd7e-4b4a-9b2b-e90771afa7c7,387bfac8-ce8c-421b-b385-30df2f1112f9,021ee50b-5868-42a2-a3cc-a9b97194ab3b,9604f6d7-a184-454b-b49d-70daadfbab8e,e73070ee-df70-4ba2-9a3d-f03c41111771,85b0c869-66fc-4018-ae24-cc9f833e9a2c,39f49a0c-1e65-44dd-9090-8a7c977a416c,b1a983f1-2d42-452a-a3e3-6a974071bc0b,ea6b889d-092b-42a3-b0f7-e0b8d159dc12,00de65e2-e0a3-4da6-8017-3b48f365acb3,5e073c49-eabf-42fa-8089-020515b4c9d8,df7e24c8-516c-446e-92a8-5f666c36c9d1,a99ef5bf-b235-465b-b4d4-542765c69665,f0df4cf7-338b-4e8b-935b-02df78052ef3;51d9043b-068a-4a31-a0fb-74719a5a6a11,dcbf781d-54a3-4734-9b69-a7e119d59fa5;;90;28000000;;;/film/Brick+Mansions.+Najlepszy+z+najlepszych-2014-645113;;0;0;0;0;0;30814;24761;5950;1105;284;284;0;0;0;0;0;0;0;0;0;0;0;0;0;0;17269;15483;3449;804;142;142;0;0;0;0;0;0;0;0;0;63198
258;545175c7-e80b-4890-a3b2-2df642eaf167;2019-05-24;2019-05-09;Brightburn: Syn ciemności;d31939d6-e42e-40f4-8e25-f18e47a1e035,6a5af1f4-128c-4ca8-960d-3f0f36d29764;;6fa9ac63-1c1a-49ec-902e-6fde4cedac50,9c27e508-609a-4e43-bf20-3628bcff6b5f,84229d7b-3f90-4172-be18-2f613ef1b0ee,0a9d8813-2c1e-4273-84fa-fa851d37b12a,32d4bcfc-9aac-4e28-af28-07053f872ed6,f4d7fe91-a6f4-4ea4-9768-4ed7937105de,a9605556-0b96-4dda-bb42-cd4b3eda0150,b821f7b1-8d7b-4c3f-b639-404fc9701c65,46c20532-73e6-412d-b491-13ef981d51cb,140ffbfb-684d-43d7-b62f-eef2e1d8c2e4,461ec1b2-4d61-4c1a-a007-af129c24ae86,62a6e501-9aec-40ad-b06e-540987151300,08960f4d-e466-4355-b187-6029e2b69d5f,ddd3d163-4e38-454f-a7cd-d0e0f7318a4d,ed9cd06a-cdbe-4cf9-95ba-71e566301c76,20ab9061-2a4a-447d-91bc-7bc1afad7937,e4d780e0-1924-4b6e-a4a5-34f39f24d384,03aab166-f95a-4390-9b19-b6efc2a831e1;5a27216e-32b1-4797-a726-2da808b742d9;f44346b1-d6b2-41b4-876f-1b6682aad3ab;480b02f0-71b7-4f05-a385-8228a3cc5231,d0b6227d-d336-4971-8f81-225db3acca4d;a049ee93-ff8e-4c8f-b6b5-7b2e4e74af34,d0b6227d-d336-4971-8f81-225db3acca4d,480b02f0-71b7-4f05-a385-8228a3cc5231,615b5f6e-abbd-4f83-bad0-9229b3a46e29,e5a29ac0-9fec-48b6-9129-38b6c719a019,35e75ce0-a39a-4c24-bac3-e68a584d22ee,8593d57f-c174-40a4-aefa-de0b858602f3,635972f4-605a-41ea-bf54-fea8ee9d54cf,542456cb-bd5d-4668-bf3a-9c78fd0b29de,b9b483f0-2c7e-418b-aa8a-d80ac94e2d45,a5bd57ee-3ef2-4bef-acd8-d035a74dec16,1e763ff4-adc5-464b-8d13-07291bb5b104;c55d33e6-5b24-40a6-b239-0d144c13427a,87e1c5a6-904b-4a95-a30f-872ba70b8ecc;dcbf781d-54a3-4734-9b69-a7e119d59fa5;en;90;6000000;;;/film/Brightburn%3A+Syn+ciemno%C5%9Bci-2019-813382;tt7752126;0;0;0;0;0;17533;6729;2157;1093;75;75;0;0;0;0;0;0;0;0;0;0;0;0;0;0;10000;4096;1100;587;38;38;0;0;0;0;0;0;0;0;0;27662
259;0a6ae16d-574e-4a4c-bb61-9b9efc1f3081;2016-02-19;2016-02-19;Brooklyn;1bc8cbbe-fb9e-490f-a24a-e54e6013de4e;59;86669cff-0b58-4a11-8f1a-d47570796322,20c0ce6e-29fa-4660-a49a-634351f91d49,099e38e8-d4c5-4d5b-b80b-b581f4ccbb65,9a2dd245-3c3e-481c-ac4c-e6735f7b7605,92791b82-6607-45a8-8524-d7dc0f8b7b16,02173e87-ea31-4673-902d-68a5558b9f09,73a719f2-f4a1-4a5f-8a01-dc64942208e3,d90d5045-4c89-47ff-9270-5f8599d28108,f996b81f-dfbd-43d4-9352-f12b210f7bdc,534c1eca-5647-4f79-b4c7-670fc3625e1a,342403f6-e977-46c5-a57a-752704e0dada,0801234d-aa2f-4ea8-89f2-6961f9a48e96,04632a17-9e03-41c4-9164-b69a681208fa,40f7a6e3-4f94-4c68-ba36-f788bfcb301b,caa3e002-7a48-4a9d-a681-f2fef27a4a3b,36c7bc8f-f112-42d9-b89b-57e788e5f54e;318c0fff-f272-471b-882f-f37e40cc5121;f8c298fc-ffb3-4397-9e1b-d709aee89d2a;7741bf16-ab76-48fc-bd43-f861f93a6655;016a0748-44f3-49eb-9a63-0b8630c50594,0dc93af9-4163-467c-9861-6fb30952a341,2b665605-7087-4f74-b334-7dc87a9627ba,1890e434-0e20-45fc-9e2e-3ad295df643a,6f99c58f-19a3-4930-aa84-65f1d0561a8a,108d42eb-8d26-4d28-a3a1-bcf7f4da255d,1951509f-1eed-4793-95d1-ae16fab80b24,47ca5ef9-90cd-4bc1-9146-95fd279d7d46,9f1e81f5-0b2a-4372-91f4-463e41d8a6b9,c3c10d42-2c45-4aa0-b4f2-94864558a2b0,401897c8-7b85-4678-9d88-8af2c9ef51d2,d730f518-eda4-4c06-866c-b0c7141e64a6,118e68e8-1f98-4f82-98ba-2f34db8e1bd8;03925e40-f29b-49db-a42c-998ac5aa4b7d,d741c84b-a9b1-4d87-8ff3-af76e7a327f3,178a3061-aaaf-4e1e-89dd-1f368efe4537,f4f1db52-1871-4321-b45a-7581c83d2386,25426f38-b4a4-448c-ae5a-35aa7a517525,b4c9df8e-acca-4abd-a1c0-03af722593a2,64cdc993-e1f8-4877-9864-72563d3b3c96,89ad5df6-97ce-42a3-ba36-adea77c1da66,e39025b3-71f9-4748-b8bd-a02702d56502,80460d87-28ad-4a88-bae9-5f646160dd97,5e073c49-eabf-42fa-8089-020515b4c9d8,fb9fb99a-2e74-46dd-af72-13e70094529e,120abf9a-5923-4933-ac12-dc5fc9ab697d,a99ef5bf-b235-465b-b4d4-542765c69665,88b40b40-290c-4eba-bdce-86c9e6125d90,e0d7073e-751c-47d4-b2eb-9b8b3d5bc216;01442413-d7d6-44fa-8506-d008dc18586a,5cdb0ae8-0a45-461b-9817-ca92c22cb528,5ea18f43-25ac-4e47-b791-86d0c9a5e851;en,la,ga;105;11000000;;;/film/Brooklyn-2015-653727;tt2381111;0;0;0;0;2047;20465;10722;2063;1022;382;946;0;0;0;0;0;0;0;0;0;0;0;0;0;0;7083;7043;803;232;134;473;0;0;0;0;0;0;0;0;0;37647
260;3b79ada8-b98e-4973-90dc-b28f5499d2e8;2014-10-17;2013-09-27;Brud;f0506edd-d123-41d3-ad36-1d31a8bb23b8,3c7e1786-5ed8-418e-a681-be5f4474850b;;c4355a99-2f67-4744-ba6d-18a8ba0322b3,c003289b-7789-4400-9ca0-89cba1e1fc1d,e4a57c4d-23e1-415b-88af-fd44c589a523,c1e7ee03-5494-4276-b43f-a3663619cd51,1ffba075-184f-4b1b-8879-54bb1f2e63a0,d888f63a-c953-401d-9ac5-c34c6ff3e294,cc81e0d5-e830-421b-b825-6fad3017a926,01709e2a-ebba-4489-a9a4-f111090df871;e882ba62-e912-4d75-b664-70558a43b721;1dc2d0f3-f75a-4a22-bc15-500c5c1c4239;e882ba62-e912-4d75-b664-70558a43b721;3daba2eb-0af2-4193-b360-f4b8f4977bc2,ace20405-944a-401c-9c93-19fc55359ae7,c4355a99-2f67-4744-ba6d-18a8ba0322b3,04aefb53-2afb-463c-b432-20cb8a231c75,897c9edf-371d-4e8e-976d-ec85082bd259,2b665605-7087-4f74-b334-7dc87a9627ba,1586a903-d40b-4895-b28b-535cf87c154a,afc4f29f-cbcd-43ea-8d70-0baa555f1e99,6e4383be-f20f-4f73-9509-95e40662d677,b46cd978-9735-4338-b9fe-7540cb16322d,e6859944-0813-4e89-97da-219968555983,b3d2ba60-1d64-4904-b9c5-c82b36120ef0,3739b810-5ebc-4b20-883a-9c0ffada3a5a,554a1b13-4b34-4b54-b67b-8af8aacd6ee5,e882ba62-e912-4d75-b664-70558a43b721,230859c6-56e3-42d4-9976-bee7c933e2c9,398c3481-ee27-4679-9d85-f2c49720f4d8,65fa62ba-8241-4bff-856d-f67b1efd58cf,972338fc-3d52-49b5-854f-e1fc69ab8f14,122f914d-9a8e-43a9-8b7c-3c4367d87bbc,d9286744-6f1b-4553-9258-47036ed19176,af6d5e6f-7f0f-409f-ad67-8d9a1917bca1,1e79f6c4-8860-4b5d-9271-402a6d3d1b73,48bc5f2e-49dd-431a-b8cd-ed6ff22f5f6f,77cda66e-2253-473d-9430-1d3f14f183e3,4086c888-0fff-454c-a0dd-68a0d9e52b3a,d0cf134c-acd7-49fa-bc07-98d449586332,6d332038-72cf-40ed-91de-4b72ab03feba,ae105718-feed-4d67-888f-11361eb55157,f1e0946d-7747-41a8-ba7d-7a5de2509009,fa506590-f944-4043-8552-e9b715036086,e93ddc93-56cb-4608-a4d3-b7d2ab0d7e9a,44f384cb-a72f-4fe5-aa43-a1f96cc4b5c1,96cafc20-86cc-4c3c-9249-4ee95ab55dd9,c9c0d349-d7f9-4609-9eb1-c461d2da66a6,4f19702c-1110-4552-b1a2-f1758462de11,55ac156c-c9dc-4223-a7b3-c43546fc1cff,744da87a-2f51-4556-8fa0-ed648191b427,e5b6046d-4f92-4469-b70b-3db8e53496a5,d6b6e4e3-1a7f-4db8-9972-eb0ad76fb0e8,e94a8b10-5f1e-419a-9048-b3ec6ad8c1db,42895389-ba8b-4995-a398-a49957678450;411f3188-d659-4beb-ad58-c981146cf4a4,1dbe4055-04d5-4143-944c-5b508f41c850,4d84ac5f-7b8c-4988-8b06-bfadc74648ac,e3f9e211-0cec-4570-a289-c0c15c9ef1b8,972ce11d-3c42-4c2a-9db0-978776c5b3b2,9e3e6a86-8e30-4f3f-ae59-e53c48b0a68d,19896901-ea35-430d-b79c-b18433ac95ba,84cb376f-0341-45b3-9b76-522404964a0b,14ecdd67-f9c0-48e0-9c86-82e230931daa;6614b794-9b07-4de2-837e-3aba6098ec7a,dcbf781d-54a3-4734-9b69-a7e119d59fa5;;97;10000000;;;/film/Brud-2013-532614;;0;0;0;0;0;5079;2192;609;118;117;117;0;0;0;0;0;0;0;0;0;0;0;0;0;0;3002;1201;248;59;58;59;0;0;0;0;0;0;0;0;0;8232
261;b367ae45-407b-4b55-925e-9b88fe4a2036;2010-08-20;2008-12-24;BUDDENBROKOWIE - DZIEJE UPADKU RODZINY;f0506edd-d123-41d3-ad36-1d31a8bb23b8,d33826ab-c38d-47eb-aeb2-db999473a128;51;32574b8a-4401-4a8e-ada3-ff0049fea375,07dba8f8-56d4-4624-a633-0bf7d8961585,48a92199-c397-41a5-9b6e-bfa514b32e07,c06b21f4-676f-426e-8403-601a055b89c5,bffc9225-0da0-4dd8-98df-5b307fd87297,346b1923-4c48-4295-9ad3-39591483f430,69a3f4fe-561b-4b75-9b53-9570be9cc1cb,0243922c-ed14-4256-93d5-b39d8d9dab5a;d521604b-5e5d-4c6c-9612-1cb67f9b7c7e;a4abfcce-d2ce-4ab3-becd-258c33b13102;d521604b-5e5d-4c6c-9612-1cb67f9b7c7e,3b8a0c80-9c4e-42f2-a172-cf4f48545c3c;dd1dc7c1-d097-4e8a-8de9-1cfbcc8070cf,8755e5de-232d-4f02-9378-f67e0c67e145,00b421aa-0110-451b-a3a6-d775a70fcbbc,9d50cdab-1ca4-4654-9c7e-5b253f3a6463,615ed02c-ea47-4739-9efc-fafe78af0e4f,b82bcd59-4a71-4418-ac8c-4ed302b825d8,61a4e916-38e8-4a8b-88e2-202b10542970,38d7bc62-2908-4b23-b00b-3ff4bd91bee1;6dc650fe-0543-4c54-b17c-72ef7af3425a,f6a33026-3845-44b8-b9be-b34a7e3f7b2e,191de9bb-9d40-4bce-94e6-793068762c6c,837129b6-1359-45f8-94e6-b42a84a66a61,d749bc4a-b500-47a6-a785-5d83eab911af,3b0b5f02-8648-4977-9fd3-371aae32b049,dc1aa9c3-fa70-40ea-bf3e-b930e8a3c35f,8c8c3799-8e2f-48c4-b0ae-69806613cc8f,8fa5f45c-46fe-413f-b200-e33e4487cdec;6614b794-9b07-4de2-837e-3aba6098ec7a;;151;7000000;;;/film/Buddenbrookowie.+Dzieje+upadku+rodziny-2008-447393;;0;0;0;0;211;2488;2047;1137;511;633;643;0;0;0;0;0;0;0;0;0;0;0;0;0;0;1167;1321;604;351;319;243;0;0;0;0;0;0;0;0;0;7670
262;57ada0b6-092a-4bac-bb18-0ac4decc8e78;2016-04-08;2014-04-20;Bulwar;cf603e2c-4964-40f0-aaf4-d2e082a07d77;;89d7e577-7812-459b-8d43-59525f1ef129,cd75c0a4-f67a-4975-a515-cb4b119973aa,934bb324-fc8b-4246-975a-e280a9826820,e3964857-6c27-4547-b896-93114a5e46ad,2d2b107d-c840-4ccc-a52f-97b1c0588971,f99c1898-5efb-41c2-834a-4acf2ffae93b,ea8a8f2a-8d22-429a-9b50-90fbeb0b47d2,f509bcfb-ece4-49a8-824c-8eb2835fa9e8,4f60792e-cd0e-4a47-a5ce-3fe8f83f4c09,94568549-46ca-4eb9-ae1b-46b83a527772,f94abf6c-f42b-4bc8-919d-ab73daa9d06a,5db77ec2-b5c1-4194-bb6d-3d330d22fa10,5c97b95a-e9b9-4a7d-b0ee-eee4ea646803,90df086c-3a82-4995-b5c7-53bc3204459d,13239bd2-ce4e-4bbf-972e-903c114bad85,55b681db-bb4d-4c80-a538-62967181938b,141735c5-a68a-4c52-88cb-f482979c7268,c299bceb-f15c-4f81-ac65-67a85c888e0e;a323731e-685f-4462-8d13-0c8254bd29c3;871441ae-5355-4c68-b199-a73960992257;ba464eb8-c638-41c9-a573-3be0b0276527;b4dede54-736d-4e11-9733-4129a9eb91b2,8383b4a0-7bb9-4be0-bc16-e1ee0232371e,d2270022-c386-4067-850b-40c0009c0bef,3de8b9f5-f223-45b4-94a5-dca87439a2a9,9bcf7349-9266-417f-97cc-a4c74403a70c,00a942aa-ef8a-43b0-8202-f14581277ec9;f1391c5c-bb22-468e-bdb5-d2a57781fe74,b8a1ab51-7e33-4e0b-bba6-ba20b6986e9a;dcbf781d-54a3-4734-9b69-a7e119d59fa5;en;88;1000000;;;/film/Bulwar-2014-702357;tt2624412;0;0;0;0;0;0;0;0;0;0;0;0;0;0;0;0;0;0;0;0;0;0;0;0;0;0;0;0;0;0;0;0;0;0;0;0;0;0;0;0;0
263;5dbe62a4-ef81-41f1-81ad-96a03951447f;2019-01-04;2018-12-03;Bumblebee;6a5af1f4-128c-4ca8-960d-3f0f36d29764,d34b4e2c-74ce-42ab-b438-86fbbdcaee15;;5c506f1d-ba8f-4e0b-94d5-e2e2a894b3cb,05a8982c-b1d0-4e19-a961-881121d6ea46,e6736af1-a638-42a6-b7fb-e13d56dc7bea,2b1f090a-15eb-4f79-b66c-4effc2f3c755,524f8a1a-ab82-467f-99fd-b29be5455ee4,8e932543-0abc-455f-9746-bec84748367b,f41d10ae-5b47-4324-954b-28c44efad0d4,d3aa6756-5443-4918-bcba-4fe64291f943,9580f177-727f-444a-9c72-177661b1e1e0,49d9a235-f829-4e70-882b-bb889a92a833,ad9d1260-4be0-47b7-93d1-ea1b64ca9721,6680ffa8-3a14-4335-b651-1732bd394459,220a8804-f646-4993-a5c6-82c2d01e859b,3d4bd460-1837-48c9-a068-3e37ae133ae2,5d35be41-348f-4cba-a346-e21be2fd4deb,6e1b036c-edd5-4479-bfbc-6367b74824ce,ade72c96-f357-4849-a4aa-eeb3ffa99a07,22328b34-d69c-4fe2-b5cd-571dd4014808;4f0695ef-357e-42e3-90d8-c72c17866087;f44346b1-d6b2-41b4-876f-1b6682aad3ab;8d859d30-5a38-4971-b4d0-7406e758d464;10ad3205-d4ae-4a78-855c-217b66cdc505,cd0d2c3e-b2bb-42e4-af81-a5cc45bc2214,025c4705-d020-4a7b-9d2b-83a02f36f7db,f5af49e0-12ea-493a-88af-60fb2bd9e6e7,813626dc-e8eb-428f-b6c4-c6d6f265c3c0,1f3a4e56-4ca5-4aa8-a1a1-8693a8670d9e,92980c60-df36-4825-86e8-07e6e988a891,09016de9-b612-4cb7-ae09-dc13f7c5143a,ef68bdc0-b3e8-497a-a8cb-e44e7975825d,fbb898f6-fc19-41c1-b1f0-0e9b959c8d85,e3a1d9e9-671a-4f73-9557-4a67ab1da27b,6dd24bda-e649-4aa2-84b6-167789cce7bb;749e0433-7d9f-4022-9406-35cd2fc48fb2,4f4e5e43-ff19-4362-b340-e9fa07daae45,333d8526-8acc-4071-88bf-353dad178efb,387e1035-d667-4233-a24c-c1bb7d795953,e2c8cc19-8cf7-4db6-9530-eda4cd3bf44d,b563aeb2-600e-439c-8538-b999f097b65f,517128a3-7b6a-4be4-bfc9-496e16269140;dcbf781d-54a3-4734-9b69-a7e119d59fa5,270542da-ad6a-4404-8f03-01fd73a4c545;en;113;135000000;;;/film/Bumblebee-2018-790350;tt4701182;0;0;0;0;0;116485;76446;37012;13954;10362;1952;0;0;0;0;0;0;0;0;0;0;0;0;0;0;87216;46453;20561;8127;6191;1009;0;0;0;0;0;0;0;0;0;256211
264;c4b8ae84-f961-4325-83aa-889747b44b92;2011-02-11;2010-11-24;BURLESKA;1bc8cbbe-fb9e-490f-a24a-e54e6013de4e,cc52ba6b-afe8-4521-b7c0-616ddb3a023d;;223ce5f2-d8a5-4c60-adcf-c272a47c25da,fff53771-b7b2-434f-9236-4c884a6f811d,ecd921be-3adf-4462-b324-f2bb23b37f68,375db209-81df-4889-a8d9-ac72a6a8cef6,1ce2b13f-2c7a-41f3-9af6-1318916b8da1,a1abc0dd-e925-4f28-9fcc-5089d0e158dc,e18018c4-30cc-4c89-9334-48106112001f,2216683f-a374-4521-81f5-a5bd11aeb961;6d48d77d-a7c4-4bcf-8693-495512615028;f44346b1-d6b2-41b4-876f-1b6682aad3ab;6d48d77d-a7c4-4bcf-8693-495512615028;7d747bce-0dc0-4abc-a572-a86c0940004a,a72a98ce-0316-4619-914e-c691500c2e30,7a492509-075d-42b6-ac72-75c41a6ec122,5b0c5e83-6f34-47ac-b47c-03a29cc24e2b,0867645c-b867-47a7-aa8a-347db267d2ea,95a670bb-98a2-4319-bb31-81b1874055ff,dd004790-c554-4449-bc32-25b150dc67c6,e6da6ff8-1b44-48ae-beea-ad78dd1def63;77f2ebbb-654c-4320-8f80-ae9bcd9147ad,90f89b30-a847-41de-8f39-1e2a3d5355ad;dcbf781d-54a3-4734-9b69-a7e119d59fa5;;120;55000000;;;/film/Burleska-2010-462257;;0;0;0;0;0;43372;21104;2884;265;265;265;0;0;0;0;0;0;0;0;0;0;0;0;0;0;19716;11057;1736;133;133;133;0;0;0;0;0;0;0;0;0;68155
265;68216251-5515-4979-a355-d553c3127ecb;2016-10-21;2015-10-15;BURN BURN BURN;f0506edd-d123-41d3-ad36-1d31a8bb23b8,57366ac3-c349-4e55-ad5d-6f8061179e88;;f714903b-1c85-4ffd-93cf-7379a0f63bb9,2521262d-58cc-41ad-a7ee-dcef1df92d5d,b2f852ac-bf1b-4658-9af5-5b36655c4793,5045deba-a3b1-4758-bea0-882f8ea86a65,53165200-f20a-4d58-a3ee-e8f8b70bd372,9bc87817-fb10-4d19-981d-d0a4d447a59c,ee602415-7c21-473f-85b8-5cfd3a2c4227,3b65fab2-6115-41e2-8044-ad7ce9a8a873;6cd74795-8966-49f4-9e6f-e6ddaa691677;df9dfbab-c133-4f86-bcf9-65c30130af8b;f6f1c3a2-c36e-4221-906f-e24d84ba2a34;e6fee5fb-3f01-46c2-885a-6ee03805884d,6cd74795-8966-49f4-9e6f-e6ddaa691677,2b9a40bd-5ef8-4318-9e0d-8699ab6990e6,48ef4ae0-222a-4911-8f93-e615104efe0f,c6123794-f9f9-421d-ba93-0806eb777e92;f62064d4-aa6c-4ada-bd60-10a2647d4cbb;;;106;1000000;;;/film/P%C5%82on%C4%85%2C+p%C5%82on%C4%85%2C+p%C5%82on%C4%85-2015-752873;;0;0;0;0;51;534;347;0;93;34;33;0;0;0;0;0;0;0;0;0;0;0;0;0;0;255;125;0;76;17;17;0;0;0;0;0;0;0;0;0;1092
266;2df14997-a390-4684-ab51-25b78483c5cc;2013-08-01;2012-06-16;Był sobie dzieciak;f0506edd-d123-41d3-ad36-1d31a8bb23b8,ddab39a0-2223-4d0a-90b9-63c057a4d810;;6f6445a1-c64e-411a-b285-f327ea0b1c3e,b07b80cb-e6b0-4381-b79f-f358fb207a35,b906fa48-4b65-44b2-8d60-c55018d38937,7ecbc6b2-cb8c-41f6-a1ca-a6361543cd11,6ffc1240-fadd-4bc2-973b-0c59bb68004d,713f2d99-0a05-4691-a0ff-0e4d4fc020c7,aaaac62d-5832-4cd5-9f7d-01aa2ce22c59,ce3e6a33-9c07-46e2-91c0-3e4ae139d330;dc1c1e8b-c7ad-46bb-ba0c-d4eb727d2ea9;86e14fe9-990f-42b3-939a-9823c01815cd;dc1c1e8b-c7ad-46bb-ba0c-d4eb727d2ea9;48aaff1a-4e4f-42cd-a025-286a38045ada,dc1c1e8b-c7ad-46bb-ba0c-d4eb727d2ea9,6bd8d762-b798-4a45-899e-f0550b92bbab,9ba8ce73-0f91-478d-b7e5-fccf06b3ddfb;10889676-0dbc-4bcd-9730-3680e09b0615,5f2c3d88-0cd2-4a58-a909-17d9110f614f,85414f88-ef4a-415e-b74b-804df30b4e23;c29315d3-7743-480d-ba69-783e11af73bf;;91;5000000;;;/film/By%C5%82+sobie+dzieciak-2012-550693;;0;0;0;0;798;1502;769;233;188;39;37;0;0;0;0;0;0;0;0;0;0;0;0;0;0;672;430;113;107;36;36;0;0;0;0;0;0;0;0;0;3566
267;de997797-ce0a-4cf1-a3c0-3bbdb6a3e8c1;2015-03-06;2013-09-28;Był sobie las;2c2fd51f-d2b8-4fb5-aec2-faf911088642;;0996cf8d-2301-4a3e-9d81-9994ddf3eb09,6001ab11-e14b-49ce-bedc-e4ec40148e04;68148591-7c8b-41b7-bf98-f5c871abdd85;f13023fd-efc3-43af-98c6-50964c66c585;68148591-7c8b-41b7-bf98-f5c871abdd85;6eed9117-14f0-4ca6-a10e-df96e755dda4,e04ba4b9-4702-482b-90d5-2bf798ac16d6,cad07fae-4591-4213-a437-500293ec6a1d,1c8a73ff-96ee-4592-ac00-ee61de2fb6d4;6cea1356-e2a3-452f-ae15-63e16368b83b,131e4050-12f7-4aa9-98f4-cc0deec1eb25,6b2e02f0-9db2-4bc2-94c9-f41fa06f269f,abf0e8eb-ad91-4ea5-8ec5-103073af12ba;51d9043b-068a-4a31-a0fb-74719a5a6a11;;78;4000000;;;/film/By%C5%82+sobie+las-2013-698210;;0;0;0;0;0;3658;881;593;541;789;842;0;0;0;0;0;0;0;0;0;0;0;0;0;0;3264;414;346;324;368;421;0;0;0;0;0;0;0;0;0;7304
268;1decf7f4-759a-4045-a082-7742bcf8f4d5;2017-02-17;2017-02-17;Był sobie pies;15c0b1ce-34ec-4d67-ba14-0138c61d5b54,57366ac3-c349-4e55-ad5d-6f8061179e88;36,155,180;09e5cd97-cbb6-48db-ac93-bd59ba2c5f9d,e92b324f-ae43-4ad9-90fe-ee8b04637251,9d58cc33-f7c3-4b26-bae8-32ba023c3443,e5b3b23a-f631-46bf-b826-5673d0ec9c71,ba26977a-b3fe-4ca8-8d85-503746964e0d,edbfb79e-f252-4fd2-b215-c2baec3288c4,cd9fbec9-e618-4ce1-99da-fad38a83a752,af636578-2052-40c6-ad6c-87e65643a4fc,6e03dced-fa43-4555-a7ca-db9cb2f0905e,18696118-1274-4c10-acb2-786773aaed19,9cba3832-69ff-4988-9fc9-fe84a2120154,ef673e11-7a19-42b5-8256-649b8a20dd6f,d3aa6756-5443-4918-bcba-4fe64291f943,71eb0e7b-7e69-4d06-b60e-1a457a599efb,5c7607c5-d00d-4f40-94ad-b0d93bcd7d2a,b1ec764a-1748-485a-b529-c1497947dde7,d5f2d56c-0f68-4599-a9bc-628bc4f72d3f;a6eb1211-d90b-4b5f-9e94-802ef659a965;00e8e5ae-32b8-4c9c-b460-62dc6dc58854;bfe4c2a8-c496-441f-a414-b93bc16991cf,d580c0f3-b573-4162-998a-bad925851b42,fa93939c-7290-4269-9ffc-39aedd46f97b,dae43ca0-8bc1-4d30-8e1f-e7de8e67683a,58d42dd1-a8b4-4e13-a381-c9f7e20e524d;4b9ff1de-d35c-4c93-84e2-bdca236c5871,894a8d10-79da-4cc9-8ea3-0ec04e76a609,dcb6b45c-3181-477e-90b3-35833ef4ff1a,7f92800e-7dd0-417d-852c-da9a8b9e7d52,e0a804a8-cf5e-456e-a616-eae89b9f63aa,faeafee9-c498-4c3c-8bbc-46d14ffff752,ed9abe8f-cfcd-4cc6-b7a9-5ba639c02a17;749e0433-7d9f-4022-9406-35cd2fc48fb2,124a4730-e4c4-4783-a3ca-61b720597e71,e83ad3a0-371c-486b-890b-0b40fa603996,5aae683c-3d2f-48e4-9444-00bd01cace37,59f86ebc-e639-4306-ab1b-1045fca19024,bc4ffba1-8301-470a-b224-19f210d5438f;dcbf781d-54a3-4734-9b69-a7e119d59fa5;en;100;22000000;;;/film/By%C5%82+sobie+pies-2017-756406;tt1753383;0;0;0;0;6070;170602;122411;104675;75005;60703;21737;0;0;0;0;0;0;0;0;0;0;0;0;0;0;88852;89357;48459;50502;27304;13814;0;0;0;0;0;0;0;0;0;561203
269;a15ee6b1-bff4-459c-a79c-e7db036bbafc;2019-10-04;2019-05-03;Był sobie pies 2;15c0b1ce-34ec-4d67-ba14-0138c61d5b54,57366ac3-c349-4e55-ad5d-6f8061179e88;36,155,180;09e5cd97-cbb6-48db-ac93-bd59ba2c5f9d,e92b324f-ae43-4ad9-90fe-ee8b04637251,0bcb2c37-4f85-4df2-98c2-7be8d0619f07,078d3840-4b44-4150-a960-1eafac557b44,52b86191-5d79-4d35-a4aa-cb10d73afc9a,acbb7d1a-fa18-4ac8-bf84-9b0f9b1350eb,a50da12b-f780-46e6-ac54-28d86fd4bb34,60483754-3817-473f-be8c-69f76d92c5e1,365eefd5-ad27-49b9-868d-c5adc19fd184,f3bd38c0-a775-4805-8f03-9210910539fc,bc1707e4-fb23-4151-b01a-156362fe39f8,bd0d46cd-b1fd-408a-90cc-4389de6bdb27,9a0ac934-ebee-417b-8c80-4f1de67ab93f,a93f860e-bcca-45f4-a83a-29f7f0531f60,033a9b5c-0bf6-4edb-96cf-7e5647fb6d33,a3dcb29e-4e47-47ae-b0ab-4aad56a4fa41,32e78a85-2c44-4749-827e-6d95930a9420;d68cb080-4c8d-4222-a4af-0ad1cdd26af8;6dc7f7ed-6e1c-485f-ace0-6547ecb1abd2;d580c0f3-b573-4162-998a-bad925851b42,dae43ca0-8bc1-4d30-8e1f-e7de8e67683a,bfe4c2a8-c496-441f-a414-b93bc16991cf,58d42dd1-a8b4-4e13-a381-c9f7e20e524d;a6eb1211-d90b-4b5f-9e94-802ef659a965,b211189e-1bb2-4e40-936d-b733f086161b,4b9ff1de-d35c-4c93-84e2-bdca236c5871,7f92800e-7dd0-417d-852c-da9a8b9e7d52,3e486d43-660a-41f6-9804-35e316424617,a1fac8a7-e9e9-4788-a289-ce221f393fd2,058bea19-ddfb-4059-aeba-0ab8ec44dcd5,ed619777-fae9-44e5-a68f-f333af0e7f46,95ec82f0-24f7-4c99-bf68-48f8b02b98a6;59f86ebc-e639-4306-ab1b-1045fca19024,749e0433-7d9f-4022-9406-35cd2fc48fb2,0abb939f-dd4a-4181-ad86-070851185c04,e83ad3a0-371c-486b-890b-0b40fa603996,e5886614-70b7-4297-b71e-0ed0cd8b40a7,bc4ffba1-8301-470a-b224-19f210d5438f;dcbf781d-54a3-4734-9b69-a7e119d59fa5;en;108;16000000;;;/film/By%C5%82+sobie+pies+2-2019-811632;tt8385474;0;0;0;0;63069;200093;153625;73641;43201;31108;25337;0;0;0;0;0;0;0;0;0;0;0;0;0;0;131825;79060;43745;24059;19504;14129;0;0;0;0;0;0;0;0;0;590074
270;722d01d2-8490-438f-be98-716cc8c68138;2009-01-18;2009-01-18;Była sobie dziewczyna;f0506edd-d123-41d3-ad36-1d31a8bb23b8;59;2fe1a015-22c2-4e6d-9499-76847b827cfb,23d413c7-4991-4ad8-ba51-b3e03f741b41,299ed194-7146-4be3-8be8-5627c7fe6f49,7193ae53-049b-4798-9959-4ad9853438b7,f9047b18-5dcc-4e15-91df-939fec9dd96c,080048d8-48d8-4993-94f1-9350b5b85b53,9f9e2af3-b525-4880-875f-26a478c553c3,4096446a-6f9f-45d5-a2c6-e61c7d0b9052,d9189c97-6a2d-49a9-b566-8528b77e52c4,97598457-c023-4a02-87c6-0b6e42c33583,4e4ae9ae-4f52-4943-98b0-b14cc7156efd,7038060b-6d2f-4819-9594-dfb2f91527e5,2acb1939-f10e-4e41-9212-26c6f541e1e6,a0548097-2980-4cc4-b65e-bdce3f6eef17,e48ba835-0f99-4851-8ca1-d17f953d4b6e,0762e314-fbe8-45d7-8926-0a1901f571d2,6295d2d0-8702-4833-8d1e-70e5427ddf66,8f3997cd-93bb-405f-adbc-6b23fc08d3ba;4b603ca6-5cff-41f5-b5fd-a4140bc4575e;a4abfcce-d2ce-4ab3-becd-258c33b13102;7741bf16-ab76-48fc-bd43-f861f93a6655;7741bf16-ab76-48fc-bd43-f861f93a6655,0dc93af9-4163-467c-9861-6fb30952a341,81c884f4-1744-4868-8d65-a7ee162924e7,d385d5b7-1e26-4ac9-8d34-685a113105d7,016a0748-44f3-49eb-9a63-0b8630c50594,187c936c-f36c-4914-9380-3036fdf6e5f2,b07e541b-a5b3-4644-aac1-fccbc661bd58,f0752364-9d40-4fc5-b5fc-5bc6e361a673,6f99c58f-19a3-4930-aa84-65f1d0561a8a,5802396d-14ec-4d57-aa91-4d160d9bd17a,b748167e-6592-4e2e-8b38-ab25b4cfcbe2;03925e40-f29b-49db-a42c-998ac5aa4b7d,0335dcd6-ee06-4545-baa3-539764c6fc67,bd90d0c2-76a9-4a51-93c9-140c5655694b,25426f38-b4a4-448c-ae5a-35aa7a517525,e0d7073e-751c-47d4-b2eb-9b8b3d5bc216;dcbf781d-54a3-4734-9b69-a7e119d59fa5;en,fr;95;7500000;;;/film/By%C5%82a+sobie+dziewczyna-2009-473563;tt1174732;0;0;0;0;1410;19187;9174;5437;1550;1587;1065;0;0;0;0;0;0;0;0;0;0;0;0;0;0;12179;5540;1509;899;539;364;0;0;0;0;0;0;0;0;0;39410
271;7c7abf28-c26f-40d8-b0fc-2a8505474940;2015-03-27;2014-09-28;Była sobie dziewczynka;57366ac3-c349-4e55-ad5d-6f8061179e88;;53e5ad68-b99b-4da5-9ad9-973724f8e53a,a3a66171-7eb3-464f-9dc0-37fd35af9eba,c4c3c252-2b3c-4739-8c1a-d1d45eed75e5,a1ed0ae4-3381-40fd-bf58-018cec01fee1,5a970b87-11f0-41bd-89c6-de021f9d1b50,bb1d2bb5-1814-4e0c-aeea-3512641ea7d2,83d95919-c393-438a-85a5-1a5d2c70be4f,1478536f-119e-4508-9949-901d9ad7787e;22062082-a360-4f00-ae2f-7c3f09fe1097;5c713a5f-2909-46e7-9bdc-0dd911c9ff31;22062082-a360-4f00-ae2f-7c3f09fe1097,ca8fe502-3fd4-49f9-8523-04d763d0df28;8789fa08-4def-4391-81f7-331de82f34c0,45987324-3c3b-4236-822e-7bd225a88aa6,ca8fe502-3fd4-49f9-8523-04d763d0df28,5e4fe286-6c28-4258-bfe3-a164a6f9ba11,5905a848-4c42-4d7d-9d4d-5ac0df59c6dc;f6a33026-3845-44b8-b9be-b34a7e3f7b2e,d4f707b2-8740-43f9-81e9-c96beb6c1127,1931f241-9a01-48f1-83c4-7c3eaa7469c3,45d5cf7f-0ae5-4392-bc12-5670db10f72c;6614b794-9b07-4de2-837e-3aba6098ec7a;;104;2000000;;;/film/By%C5%82a+sobie+dziewczynka-2014-707874;;0;0;0;0;0;464;86;23;68;126;0;0;0;0;0;0;0;0;0;0;0;0;0;0;0;257;0;15;54;63;0;0;0;0;0;0;0;0;0;0;767
272;6775984d-0dd2-4f6c-a0e8-1d5f1b83999d;2016-05-13;2015-04-08;Były sobie człowieki;4fc66943-7c2c-4e0c-a93f-8f7abb752c8c,57366ac3-c349-4e55-ad5d-6f8061179e88,9a150cd3-6c32-4b58-b1a4-aea6992c564c;56;d51cb3af-931e-4b2b-93af-6a54fec745bc,91000d6a-19db-456b-9bf2-24c4336366dd,257c3277-055e-4017-a2d4-8a5d59b86a9b,c940db08-68c1-4bc1-9db4-49f329e653ca,5f53f072-ca78-4c65-a4c4-bba2cd538cec,490f7413-b220-4feb-bf4e-2c634fa206b3,10f7a8c8-305d-4fae-aa66-82424c181e8a,60b8524a-7414-423d-b2d0-d3947e602f36,d4a21f3a-6d60-4062-9ff5-daa315904c23,3e9892ed-eee5-41f8-a16f-d6bb59e00d9c,4a2fdc35-3754-4af3-b49b-6aba4e7caceb,9e76e2d6-820d-4682-823b-4778cc2f75e3,83846e9f-bf4e-4b88-808f-e57b28660d17;d51cb3af-931e-4b2b-93af-6a54fec745bc;2469ba5d-8a2c-4349-b38d-227be4d8eb2b;534d3a88-b202-484d-a033-91c3ff2294ab,d51cb3af-931e-4b2b-93af-6a54fec745bc,d22c3b27-1f15-43ff-8247-1d40bb74b097;534d3a88-b202-484d-a033-91c3ff2294ab,a677e937-4893-4892-ae89-e8f19d614f83,b3a14434-8bed-47d7-826f-697fbf3630df,b17bc4cc-4175-4558-b1fa-ed7ebe90bcba,3239b785-7be2-4474-a6e1-cb216e6ef6de,477045a2-3ddc-4685-b749-c766b82b2fd7,a9983487-f95e-41cb-9d5d-49d34f1612f7,c75ef767-f2c3-4112-bba7-80611a26d08a,a66ef73b-4d17-4d89-b30d-045e85a7191a,03a61985-ef1d-4fe6-910f-6749a200c5c1,e1e048a7-8494-470e-b657-fbc9dc1cef1c,62272003-d787-476b-8222-88fb75306d0a,3607840d-7c6c-476b-b401-9e851866c57e,27b8f234-b046-4585-b2df-eb6cb3723a80;7ff389d7-16c7-45e4-98c2-7f63b09d7d3c,3a9bbbc9-04a6-4f0f-bae4-0a2fd1844870,9426c01b-f5fc-484c-aabe-e6ce8330e7d4,7a9890ad-6ce9-4cc3-aaaf-7bad93bdab42,85b0c869-66fc-4018-ae24-cc9f833e9a2c,04f988a5-d995-4bcd-bcca-0f5b13a2b790,55191a4e-f182-43d0-ade5-75bd9bd052d5,08dca5da-1820-4128-a301-87b4f6a9b9e8,a5d26169-387c-41c5-abb7-45eef813e396,0dcd9ad2-2996-44d9-a69f-ea06a7831bf0,6dc1d37b-6419-4670-9f48-d5ae0b2f1a17,b3f5b877-87b1-456e-9009-f843926d232b,a287b21c-b6e2-41a7-b81d-b2a3134dc302;51d9043b-068a-4a31-a0fb-74719a5a6a11,270542da-ad6a-4404-8f03-01fd73a4c545;en,fr;95;4000000;;;/film/By%C5%82y+sobie+cz%C5%82owieki-2015-678946;tt1220911;0;0;0;0;0;17779;8405;9272;1866;1377;834;0;0;0;0;0;0;0;0;0;0;0;0;0;0;13452;5512;1702;995;765;313;0;0;0;0;0;0;0;0;0;39533
273;f9f111f5-fec2-4ba5-af83-e5a0e648c139;2015-08-21;2015-08-21;Bystry Bill;4fc66943-7c2c-4e0c-a93f-8f7abb752c8c,fe7c2e3f-b22e-4a78-a480-2fe36013ee51;56;401be588-c0c3-49e9-9e62-601e92d2780a,f01d3f7c-086a-4a41-a7d0-5c796002f0db,351e74f1-b117-4057-b715-3f0093fbefd2,64fb6b23-4cb6-4755-b8ab-aafc44aaf62b,fa5bb3b6-12a2-4fd5-b6f5-3ed6742f9105,551c88dd-31a0-46a8-9e2b-617ae0d31afe,b903701a-c58b-413f-8684-d543a3deffff,f0eee217-c915-4b10-90fa-afacc522f047,fa7181b5-156e-44d7-aacf-1afe98b63db4;abbb1237-75d1-48f7-a141-a3458f01e92c;6dc7f7ed-6e1c-485f-ace0-6547ecb1abd2;64bac1c3-29da-43ed-b807-0d740acbc0bd;4e934696-1e53-41a1-a1b2-d66fae11a58f,376d61af-bde9-4073-8c50-4deca188f32b,47e95814-b905-4f7a-a527-490541878393,4100d30b-d20b-4210-b33c-81d20390daaa,7478905e-ec11-4f70-b156-d05483aae80e,f6433706-6543-4804-b182-0780b387d157,29241b3e-6a7b-4ecf-9273-803c0daf4dd5,42274b4e-2e97-404f-92a4-6710a15edf20,fb6334c3-9474-4816-9fe1-e607c94b0b2f,07b1a0e9-4d21-445e-a35d-38128bfc15a9;e210a879-e718-4cab-858b-1b0d91be57ab,09f6f9b8-477b-43ef-88a7-d2e9b251fe93;7bc66e23-af7a-4d1d-a72b-b745f9c430d4,dcbf781d-54a3-4734-9b69-a7e119d59fa5;en;90;2000000;;;/film/Bystry+Bill-2015-743989;tt3700456;0;0;0;0;0;36688;22973;10782;5771;3359;5916;0;0;0;0;0;0;0;0;0;0;0;0;0;0;15895;15153;9075;4687;2122;1746;0;0;0;0;0;0;0;0;0;85489
274;41986125-f648-4ef4-ad1b-e0c0210b7f4a;2012-10-19;2011-09-02;Café de Flore;f0506edd-d123-41d3-ad36-1d31a8bb23b8;;69c00210-4b3f-4a92-840f-78d70affb643,1ac98133-a11c-47ff-a737-fbeb90d7eeae,9fb8b2b9-d278-4f94-b9a9-215f69256f9b,ed4311db-5e15-40d1-a688-78f32263a27e,18b9fbe8-2c6c-4ec1-9de4-5d1b77bd4c76,5d1f03c7-060e-4144-a742-e9177f4449d2,7acf1b5b-a7da-4738-b6b4-96d06bb0be86,a1e33553-2679-48ba-810d-129b512352f5,ab2c2a16-e083-49d2-a7c5-3c9a7341d354,c61d85f5-ed17-4a38-9792-1a43441576c3;40675d37-902b-494f-b970-5d9547ebf2b7;f4b55c4c-9fd2-4c03-94c8-94c595093805;40675d37-902b-494f-b970-5d9547ebf2b7;108d42eb-8d26-4d28-a3a1-bcf7f4da255d,40675d37-902b-494f-b970-5d9547ebf2b7,fb8f6d8a-43bc-4a04-8ad4-39353ee1b7c4,9f1e81f5-0b2a-4372-91f4-463e41d8a6b9,c21f231e-6406-4bfa-a820-0abd6fe3b251,71314fa9-e469-4b8b-a058-c03f234580ec,118e68e8-1f98-4f82-98ba-2f34db8e1bd8;6270564d-e86e-4241-84c4-6bb06f1357da,144957e3-b2a5-426b-a00c-7211de995544,40a6ab76-9c49-4bc8-b762-1b34239ee4ce,85b0c869-66fc-4018-ae24-cc9f833e9a2c,e6865375-e967-41de-9f61-28c663fdf4f3,18ff395e-d963-4dea-9bad-5e49abd1e204,547ef2b0-35eb-40b8-b9c2-3a2c74219e53,f4f1db52-1871-4321-b45a-7581c83d2386,e39025b3-71f9-4748-b8bd-a02702d56502,99640c58-70ac-4f57-95e8-be37e7639ebf,6f3e6972-be3e-40e5-adb2-084275e01285,06f760c5-b9b8-4576-8356-0822b406968a,df7e24c8-516c-446e-92a8-5f666c36c9d1,b6a7d242-3c57-48b6-a069-c2fcbff5ae7a,f338cc02-a329-4d33-aa87-08ed99b5b5a3;51d9043b-068a-4a31-a0fb-74719a5a6a11;fr,en;120;7200000;;;/film/Caf%C3%A9+de+Flore-2011-572637;tt1550312;0;0;0;0;0;1381;437;531;255;135;156;0;0;0;0;0;0;0;0;0;0;0;0;0;0;1041;206;256;109;90;102;0;0;0;0;0;0;0;0;0;2895
275;92d973f8-730b-430d-afc3-874036b81dde;2013-11-29;2012-09-07;Call Girl;f0506edd-d123-41d3-ad36-1d31a8bb23b8;;e47b8229-6822-4a8c-b74f-d9a71380017d,fbf498d7-7982-46b6-ac9e-cdc4dbd74bc1,4cd10ca9-993c-4d5d-bc2d-67e933b34245,41b8656d-1153-45af-8902-000a71f7062d,5e7b7ef8-d0fc-46f4-a865-3783b021e846,59e384fb-aa00-45d3-bc3b-b54fa2be7907,d9955a63-0d79-461f-baf2-b14a2fe9c2c6,576eb8bb-f087-4791-9109-742d61d9db5d,984191b4-4cb6-425d-b8bd-69d3f2e4aad3,0630ed5f-a408-405e-99f8-7ac10744c3dc,33c80aec-ef6a-4dc6-b935-24e22d6414d7,c2cec751-9189-4376-b1a6-d1ba1a2560cf,60ae1069-0445-477b-b505-f140d79a8f9f,978ebbd9-f7ad-46bb-9e65-299d28241914,8debe99c-23a1-40e6-9882-f663f22ad4b9,3600ce80-2888-43e7-849d-903b79fac6cf,4dd9ee84-1aed-4377-8777-7892a97b808d,d5808f6b-9ab1-4d4a-9036-96211bddd675;d1d6dcef-32b4-4021-b820-00d4942f588a;2469ba5d-8a2c-4349-b38d-227be4d8eb2b;8d0f0d5e-0ac5-44d6-b04d-d318bc792f36;f22a35fa-6781-4b66-9118-dd45987472ab,6cb137b6-33a0-4be9-9ff4-cc29c28282a8,f3474de2-1a8a-4ff3-ab33-3909c10ece55,5058abc4-ace8-433b-8ed9-3d87be9f0586,93bd1377-89d0-4251-b0ce-13502a8744c8,70870f73-2e29-4215-a26d-8de8d2b8b36a,d1d6dcef-32b4-4021-b820-00d4942f588a,fe6472e5-9c68-40e8-8f5f-4fe2339aaa93,e87bc6b1-cc52-487e-91a7-2839a2b70539,58c36947-dbbb-4679-bf6f-ed7c069f21fb,64820009-e3b9-477c-b3bc-b0d944408bbd,1ca49706-f6e5-42c6-85ee-9eb5e0eaacff,a9240d81-2490-4fe4-a321-b06e8d894c10,d9286744-6f1b-4553-9258-47036ed19176,2c9eb8d9-74c0-4e11-b4b1-ac19d6b50b91,3c3f7a2f-609c-4d8c-b9a3-b734805babeb,130a0819-c074-45b8-9706-3270345db12d,8d0f0d5e-0ac5-44d6-b04d-d318bc792f36,34c0e781-8c51-4d0d-ba99-cae712da3789,d3c5da0b-6625-4373-9546-dda5dc5fadec;f3493e4c-e5e6-4500-969d-44daccda241b,81dda4cc-83d3-436e-8405-4bddd6a0d11a,972ce11d-3c42-4c2a-9db0-978776c5b3b2,f478541e-0f45-4896-9681-905ee56dc148,305b8a9f-606c-4f1b-a66f-72cc5962c299,89ad5df6-97ce-42a3-ba36-adea77c1da66,72e34ab5-1cb8-43d1-a7b1-deb3bf3e488e,5d324873-785a-42a0-93fb-828100e96497,79ebd780-0223-4e67-82d5-049240d318c8;3ec394f9-c247-4179-a1fe-185c3e57bb50;sv,en,pl;140;3000000;;;/film/Call+Girl-2012-628543;tt1977739;0;0;0;0;0;2316;750;288;72;116;89;0;0;0;0;0;0;0;0;0;0;0;0;0;0;1770;448;242;36;92;69;0;0;0;0;0;0;0;0;0;3631
276;35955a76-093e-487e-bb66-a6045c0863f7;2019-03-08;2019-03-05;Całe szczęście;8cd25594-1c53-4fcb-9d63-9bc49e46b082;12;5111533a-677a-40d8-9cf0-aeed059bb185,56975d03-32f3-4206-9d98-2f0f61b3eafe,807838f7-f433-449a-8949-44a25b76e6c9,03d3f588-52d7-42cd-8a2f-e1af80b1c7a0,c208a4de-8a4f-44e4-be69-5226ea7cce8e,cc3615bd-5266-4673-8641-98d2c251d520,ffa67845-cb8a-4d8f-9419-57d55825bf08,be34336f-9b17-4390-94e6-c5952dba2539;a88858d2-0d0f-4e87-973d-37130945e3e8;bbcbff15-ab9a-42f4-a7e7-3534672666e2;8c798860-892f-4f20-aceb-0dc924e16882,5019f8c9-98ad-4566-b76d-8be59f702cdb;74886099-ca0f-4955-a17b-16c0a7e48e0e,8d604097-3877-4ed2-bc61-439261a45d10,98ccc6a7-968f-4a07-b43a-82eced3dc35c;b0a8f3b4-ce92-4a0d-b482-8fe195db88ff;c29315d3-7743-480d-ba69-783e11af73bf;pl;109;3000000;;;/film/Ca%C5%82e+szcz%C4%99%C5%9Bcie-2019-811697;tt8924988;0;0;0;0;10307;251320;117924;49567;23547;13182;4494;7866;1061;0;0;0;0;0;0;0;0;0;0;0;0;183897;72333;31101;15667;8748;2986;1019;347;0;0;0;0;0;0;0;479268
277;3b4b2cd5-2985-4339-8c95-112783d91b58;2017-03-10;2016-01-23;Captain Fantastic;f0506edd-d123-41d3-ad36-1d31a8bb23b8;53;b9419740-bd72-4f21-a50d-3a5d8799d9bb,f9c4fa14-2d84-4044-ba84-b7275b814639,1dbcd325-c9f1-482a-992c-b2d27d96685e,dc331e8d-7b37-4bf2-9029-6e126ee8ec80,3d38acb8-3311-427f-980b-c31a27404530,e7dd440a-b714-45a4-83b2-5afdc37d9bd5,d0ae166f-3cee-4e35-b2f7-f90150091207,dc4c4abd-8ba3-4b98-bb9a-98103c3183ae,1dbb1f14-50a0-4604-9537-d64a520850eb,b047787a-4943-4442-b1f3-48bdb22d0ac0,e17da678-3171-40db-adc9-96d4414aa329,e0f3c29f-226f-4240-bbbe-2f05b59d74fa,fc10756a-410b-485d-a3a6-f60ed177f238,8654ece2-7b7a-4ce4-967d-133a4ccc407c,6389d0c5-0a8e-47ad-a254-2d5d409007f5,c1a398bb-5d12-40bf-8604-3535ab5f3cb4,f538b138-eb87-454b-813f-5442e50a1aac;659fe352-a270-45f0-b711-3f2630b439cc;f44346b1-d6b2-41b4-876f-1b6682aad3ab;659fe352-a270-45f0-b711-3f2630b439cc;d6f78ebd-1750-4ab9-b5d9-e924a357db6f,4c1d128f-6e57-4516-a6a3-9df778374665,15933171-6624-4968-a6aa-4f6ecc23db16,0b5b6335-c574-455a-a73e-f3f30ec3278a,50c67fdb-18ca-4e22-92a2-80192d377fbd,2ab4cd61-0796-404b-8a99-fdab19d7855d,1342f925-9188-4127-8a1e-f65c78e8b3fc,49416eb8-a2fb-4bef-a579-39c2c9cda11b,161197dd-9b86-4f66-8aaf-2e5c73c5b75b;e3f3e86c-8108-4b5c-ac46-575a3944f3d1;dcbf781d-54a3-4734-9b69-a7e119d59fa5;en,eo,de,zh;118;5000000;;;/film/Captain+Fantastic-2016-720204;tt3553976;0;0;0;0;0;3168;2826;801;1044;463;463;0;0;0;0;0;0;0;0;0;0;0;0;0;0;1597;1345;474;351;232;232;0;0;0;0;0;0;0;0;0;8765
278;905b2313-91ba-4be8-be0b-e4c9b0402479;2011-08-05;2011-07-19;Captain America: Pierwsze starcie;d34b4e2c-74ce-42ab-b438-86fbbdcaee15,6a5af1f4-128c-4ca8-960d-3f0f36d29764;3,99,156;88abc9d3-d50a-4354-9244-c875b227d34f,53afa2cf-3f23-439f-b970-3c8bc1a2975f,58e9ab0f-fe6a-43c9-ae18-793ce0f42fd4,0f745f2b-a6d8-4b78-aa39-853b6e020def,b79700e2-33dd-45e8-8e40-cb3d4ec61986,f9047b18-5dcc-4e15-91df-939fec9dd96c,b7434449-4ecb-4732-9f51-2a61e51f41c8,a1abc0dd-e925-4f28-9fcc-5089d0e158dc,f2cfb75a-c36e-4a14-b83d-499fb54e1406,4e42b111-3222-4b5b-9aaf-d38a65cb6807,b68f5cd7-4845-4102-9083-463f0e12414a,405c459a-463f-42ba-a59e-57ce25eb93ae,4e87bf2c-51ab-44cd-a0c4-ba4a6369dbaf,263c28a7-55b8-48cf-9538-db1375649923,e27579cc-ca93-4d92-8438-d791267e7e6d,95326801-e642-4cba-9fee-c3df7fc8f7ec,449493b7-ce64-4350-913f-ff0962b78732,52f60c31-b78d-42e2-8142-e5d5d4ba18e7;5c2d3f64-4e31-49f5-900e-60dee76e07ed;f44346b1-d6b2-41b4-876f-1b6682aad3ab;ffbe27c0-0e44-4d92-9783-974b6d08c390,7aa7dada-e031-464f-bcde-25d21c784389;5c2d3f64-4e31-49f5-900e-60dee76e07ed,7f1737bd-e943-4cc6-bc26-2aa75618c592,a782536e-e6f1-4657-a0a0-60ef4f8e3994,24114446-9433-4ecb-8193-c359caecc25c,9e511223-604f-4fbf-ba5c-d2849b3a529f,009b7609-0290-409f-b971-06bc28545737,3024823d-6dc0-4e36-86da-810c8958beac,c66aadc7-a346-47cb-be60-f95c68d05814,88ef2cf9-1a76-4ec5-84af-ce3492440e4e,91f42a6e-020f-454d-b96c-db6ab080ed6c,690c8d35-df49-4344-94c6-208983b30a59,84237554-a4b2-4ffc-b2c0-f5228ea03c48,5d953a67-b6e5-4954-b2d5-73fa23135eb4;464eb146-3955-4830-a3e4-af8c004346af,b563aeb2-600e-439c-8538-b999f097b65f,8cbc7d22-78f8-4ccd-8bab-dddbba144ece;dcbf781d-54a3-4734-9b69-a7e119d59fa5;en,no,fr;124;140000000;;;/film/Captain+America%3A+Pierwsze+starcie-2011-219796;tt0458339;0;0;0;0;0;41578;20824;5587;1063;91;91;0;0;0;0;0;0;0;0;0;0;0;0;0;0;20575;9902;2672;438;46;45;0;0;0;0;0;0;0;0;0;69234
279;d86c6ead-9904-4935-8679-85eee48c292f;2016-03-04;2015-05-17;Carol;1bc8cbbe-fb9e-490f-a24a-e54e6013de4e;59;9753a1fb-3caf-42e7-a6b6-e3348d354fb6,49865f52-1e3f-45c7-bb26-be18b9911c95,83ae2fad-d100-4158-a369-7dfd359eae65,ee389b01-37de-4c69-aaf0-8a5c86d73d12,3cdcb910-7326-43c0-811a-caefec4e84a2,2e8dc054-e2af-48ac-97f7-fbc8c4b98381,fe810e86-d37e-4d6b-b06d-25e21eca5f0c,1560b2c5-d821-453a-8195-09c628d99944,c0e8f529-3831-4f5e-a409-2f8b9308238f,c6773005-4145-4b1d-91c1-65d33d3c5ca0,1e64ffd0-1a4e-4b80-87e1-8560ce46d3ec,1ba93814-5caa-4286-84af-56729e3af066,481a1413-9295-429a-b259-a444b62a2b8d,b413ff69-427e-4c1d-a76e-7148744c2bca,e7a6196f-8050-4dd7-93e2-d6cbe85f3055,35fcf465-7db5-41f2-a2c3-b8f49fb20d70,790f25b2-2b19-4ab3-91e3-dd95446fd4fa,dae239b9-c0ad-4008-b07b-7afbce775fb4;97251215-df59-482d-b0ac-a6943d297bac;a4abfcce-d2ce-4ab3-becd-258c33b13102;f7dc79d4-f1a3-4767-afe7-8c3c0ce72bdf;9753a1fb-3caf-42e7-a6b6-e3348d354fb6,6f733e15-13b5-489a-9e42-a0609c10be10,6179195a-7148-49e3-b751-5eb7d5a47ed1,c07ce9f2-add3-483c-b1fc-98235b2bcf6e,5cc6da10-4ee9-41cd-84e7-3742d13e2b38,d4dc530e-1261-433f-afd4-34707d6a5f57,54e7b370-d8fa-4e4d-b6eb-8cbe0764a600,f3e737cd-5065-4e6c-b92d-3bbb07858955,de82a162-cb0b-48a7-8f36-8ba2a13577fb,47ca5ef9-90cd-4bc1-9146-95fd279d7d46,feb86e1a-135a-47b5-ba82-0273d41b03bb,a40ed452-84ce-4b6c-8db6-fc7825b7e622,2e41a79d-9080-431c-afe7-727a9c6fa26e;71994dc6-0ee2-42be-bd84-0b54bc4a903c,c04bfcf4-323b-454e-ba67-33e75c8ca0df,64cdc993-e1f8-4877-9864-72563d3b3c96,3b793959-c085-477f-b024-fb42d792d601,532573bf-a8c5-4974-80e9-5b7f636cf4a5,10a9a30e-f010-4c98-bfd2-b13f350c20ab,c6b28838-8d43-4f36-8470-6e030f744b2d,3ccd35c9-40fd-4838-b31b-93dabb655353,91258090-9786-4c2f-a219-c8cf6d620883;dcbf781d-54a3-4734-9b69-a7e119d59fa5;en;118;11800000;;;/film/Carol-2015-655878;tt2402927;0;0;0;0;10247;20937;10421;5121;1668;1367;1554;0;0;0;0;0;0;0;0;0;0;0;0;0;0;9758;5615;2514;398;607;422;0;0;0;0;0;0;0;0;0;51315
280;dc91d352-8990-49ee-a9e8-d71f2f0ad457;2013-10-18;2013-10-07;Carrie;f0506edd-d123-41d3-ad36-1d31a8bb23b8,d31939d6-e42e-40f4-8e25-f18e47a1e035;;14cd9e25-3148-4100-8f6a-19e8cf608152,89ea7be8-9bb7-4586-812f-649f2dbc2fc6,bc8b7f24-f1c5-4208-a640-3951c0cd25c8,d08b367f-9939-4fe7-b5df-a45164439041,e30df91b-186d-46ac-941c-f136e1fdd231,78aa356a-2851-4d4a-962c-20ba9d46bd67,7fa5c84f-59dd-4ec3-9dfe-274b596c8bd1,1002eb1c-c3c1-42ad-bf87-e322f965a62c,367a7b99-63b2-4474-a797-ab1fafc7b6ff,b99a8768-cb8f-4c8b-bdbe-9828f021a325,48175b1f-afe7-4a46-ba10-94b9bcab099f,a03e7138-9bce-4202-882b-cc952d9e2852,5939800f-53e9-43a4-8728-eaea4e2b4593,199043c6-44b6-4ac4-a974-bd610f446291,97cb93ea-167c-4e17-a618-d584591ea1a8,605bb94f-9df2-4bba-bd81-7bc5307cf25a,df85f3da-2012-4fec-bb4a-8185158e0a27,5e76b874-0646-4492-8421-22843c79d8ba;927d6423-936a-435d-916f-50d73c94a71e;34b67685-59b6-4f6e-b120-d5a4616fbe1c;110d9891-849f-4f17-b41d-af9fef1fe794,dc6a8439-45be-4b8d-be21-4f5d3ca75de7;153abd3b-dffa-4324-905c-658403e57ca0,298e243b-dc71-4060-9232-de781cbe6e03,0624d446-abd0-439b-9367-31c06862c5ea,589a83ed-b79a-4de1-8252-c81398b9e1ec;23a35a21-b21a-4e4d-8327-909f0629e7aa,77f2ebbb-654c-4320-8f80-ae9bcd9147ad,092b4f62-0a44-4182-a795-c03cf3386543;dcbf781d-54a3-4734-9b69-a7e119d59fa5;en;100;30000000;;;/film/Carrie-2013-625417;tt1939659;0;0;0;0;0;61336;63968;29625;11121;2581;653;0;0;0;0;0;0;0;0;0;0;0;0;0;0;40728;23196;18697;7277;2254;326;0;0;0;0;0;0;0;0;0;169284
281;069b30a9-72ba-4fd1-ba8b-970b9c7eafe2;2015-01-23;2015-01-12;Carte Blanche;cf603e2c-4964-40f0-aaf4-d2e082a07d77;;deeb867e-85de-4d8a-b388-f0c49ebd4447,b874d5b3-751a-4189-8ab3-41f34a69c046,e595a886-d369-4fd5-ac9a-0571a795fa87,d22d00ee-112e-4325-88cb-d3bdb530a908,a34759f6-c52d-4ee3-9768-bb66dd9d98b2,50b609bc-701a-4ef8-8e88-13bb47292762,5e2e4afc-8f79-4fe4-b609-9a66f7504265,79a45e87-b1db-4dff-9bcc-050049d549b8;ea2c9f1f-7dec-4e72-b7d6-8eb0cf0436f4;e71270d1-d648-42e8-b1cd-58315299e461;ea2c9f1f-7dec-4e72-b7d6-8eb0cf0436f4;95e8417f-f83f-49df-8c55-0cd4825db6db,cbd284bc-debc-40f4-b56f-360ffec85fdb,b0c0c61b-2704-462b-a2da-ba8dc85cbf31,0d0a3da5-5d17-4e8e-a9fa-f30bb6473609,3f50711a-9852-4a0d-b20e-e95505ef338b,e91cc992-e026-452c-8813-36a19324d12c;fa810b89-d61f-46e6-95af-1c8a701ac578,fb9c29c6-2870-4778-9140-7f7e8b4623f5,5f2c3d88-0cd2-4a58-a909-17d9110f614f,501b3f8f-81d4-4bbe-b081-020a9e8bc3a8,06cee0c9-dd79-4363-bfe8-5f22cef30779;c29315d3-7743-480d-ba69-783e11af73bf;;106;4000000;;;/film/Carte+Blanche-2015-702937;;0;0;0;0;601;98848;73806;46499;20105;15028;8875;0;0;0;0;0;0;0;0;0;0;0;0;0;0;48261;38984;21279;11129;6683;4220;0;0;0;0;0;0;0;0;0;263762
282;f3936eb7-5bc7-4e26-84bc-5a9150fa0f47;2019-06-07;2017-09-18;CATALINA;f0506edd-d123-41d3-ad36-1d31a8bb23b8;53;9ccfbd0b-739b-457b-8282-e505a168d0d8,806d3898-f47e-488c-8fc8-3982374df8a6,deeb867e-85de-4d8a-b388-f0c49ebd4447,5b6ff59d-18ae-4119-85b9-5c1e35e820e2,f3b2b642-4c1b-41d5-9345-fecb5d66f6a3,b8c2b7b6-5ab6-40fc-bcaf-f6d6cb8e3e6b,30a2279e-4610-4b8c-9a1a-307b2d18c61b,b4d1d13f-7841-4180-b13a-53f23a641ddc;42377091-27a9-4592-bedb-047f96c64f7b;1cf720ca-36db-4b8a-ab1d-15047fb45755;42377091-27a9-4592-bedb-047f96c64f7b;42377091-27a9-4592-bedb-047f96c64f7b,b0a008ad-6816-4c19-a679-601be20550c7,7d0d385f-0b6a-4c01-bb15-458503454214,54653ada-2ae9-47a2-8317-999c08e289a6,ae341fbc-e77a-453e-815f-1b7e00c2752a,10fed803-d939-4e42-8176-8375eb5d374e,3ded4011-56bb-4a16-b92a-00e877fb3119,ddb6416c-45d0-418a-b957-5438d8704a60,4f5ef406-65b7-431e-b91c-b76d4fd56154,f0fe4bdc-e000-4a4d-b10a-a50430b7226f,f1b16e25-e068-4860-a8b2-5d2f2c90958d,01e09671-f039-436e-9bba-2009e6189723,c18c289e-b74b-4fea-a0fb-afc893dd3262,2ccae826-c4b2-436d-b1dd-0dc052277272,0a68202a-a187-4cfb-b8ce-858ac5afaf78;fbd92de3-1e46-4057-95cf-314270e4ea65,c0226ee6-d6f6-4163-a4a1-7db15e16e185,f17bc7e7-6b59-485f-8eac-76c671a6b6d2,5f2c3d88-0cd2-4a58-a909-17d9110f614f,6c4d0e57-b59a-44ef-a57b-8c3d7932fac8,324a299e-1afb-4dee-a79f-3146cbfdf385,3a0d04e3-6372-467e-9896-87056e966925;c29315d3-7743-480d-ba69-783e11af73bf,399f5393-dc15-4ade-8fc4-c65d9782ae3a,5674f9c6-b66d-40c9-8527-817c5cabc554;;98;2000000;;;/film/Catalina-2017-790301;;0;0;0;0;0;171;95;18;0;0;0;0;0;0;0;0;0;0;0;0;0;0;0;0;0;81;42;11;0;0;0;0;0;0;0;0;0;0;0;0;284
283;1bd67582-9e1a-4e45-a448-bd2495551b74;2015-07-10;2014-08-28;Cena sławy;f0506edd-d123-41d3-ad36-1d31a8bb23b8,57366ac3-c349-4e55-ad5d-6f8061179e88;;1dedc779-38b9-4519-91b9-751c417ca227,d841e6bf-046c-40b1-939d-2b3c3548fc6d,91c52db6-62ad-496b-8f30-fe18669f8a55,f4d6f3a8-6858-47aa-96f8-87a7973d2958,bc00a9ef-adbd-4e6b-a20d-334dcda468a2,d5cde0e6-1a15-46eb-bac8-964f17fb713a,baa6a73a-b784-4514-ad23-e7d236da94c8,f7ced5e7-8d75-42d9-839b-be04a51c1d8d,100ee7fb-b597-4fe4-9267-1ed4567412cb,a3b26bbc-6d38-43aa-801b-3824137448a4,640e931e-1aae-4e83-a837-9556902e57a3,098b84a8-eb8a-48f1-a8d4-23a5ddeec865,8ec98872-cfcb-42e8-8edf-c7b70a21475f,f8d1b54e-f37a-441d-b6b2-2de7f211c91a,c4262b07-678a-4acb-911a-c84aab330580,51f4fc2e-2607-4fb3-837b-46a24ead3228,0205244c-8f6c-4407-95d1-1c8b343d8506;0205244c-8f6c-4407-95d1-1c8b343d8506;e71270d1-d648-42e8-b1cd-58315299e461;8335d2df-f1f5-4ec3-b913-6b5cdb7b6c3c,0205244c-8f6c-4407-95d1-1c8b343d8506;51f5003c-23d9-4397-b139-e3741a29dcf7,8335d2df-f1f5-4ec3-b913-6b5cdb7b6c3c,f04adb9f-457c-45bc-9fdb-94e2cd63efb7,36cce29d-622b-409a-bc73-dbe64a2bdf0a;3a9bbbc9-04a6-4f0f-bae4-0a2fd1844870,ff70eb9b-d37d-4c81-90e5-341989f2dcb5,85b0c869-66fc-4018-ae24-cc9f833e9a2c,c0226ee6-d6f6-4163-a4a1-7db15e16e185,131e4050-12f7-4aa9-98f4-cc0deec1eb25,fe31c645-c290-49b2-b043-387c34667f34,62ff8db4-ba3b-43e2-9282-d321d0e41c52,6e989173-a5a5-44b5-9dc6-1146238e4c41,612631fa-a974-4f58-afb6-1b37c21d6772,dc0bb6e9-9445-4cf1-9e3f-2865522fefc3,802bef8c-a808-423a-8a1b-81c6ff391c23,4e7552dc-9f97-4360-8c3b-226509bb5a6d,286b9508-8597-4e7f-b4e5-2ce1902bd4c9;51d9043b-068a-4a31-a0fb-74719a5a6a11;fr;110;1000000;;;/film/Cena+s%C5%82awy-2014-699013;tt3194410;0;0;0;0;142;568;126;95;95;95;95;0;0;0;0;0;0;0;0;0;0;0;0;0;0;240;52;48;48;48;48;0;0;0;0;0;0;0;0;0;1216
284;68c6083b-9534-4f8d-8dfe-943c385f73f7;2011-07-29;2011-01-23;Cedar Rapids;57366ac3-c349-4e55-ad5d-6f8061179e88;;44822ab8-0573-4c40-8d85-e0b9fa551415,443376b6-d2fc-488f-966c-d3f86d1c66e0,038218b1-e3da-4f72-89e8-8d8d91043f83,ebf5b59a-dacd-4c1e-bfcd-afa82925be91,49032950-5e6a-4961-8e24-a784d54a972d,bb06bdad-1852-4f0d-b337-5845ff6f5f8a,4f45024e-581b-4e71-bfb9-cabd181ed4c1,e53ac666-f880-4e47-9d54-6f08644a58e4,86cfe30f-585d-4c56-871d-18ee61451f9a,4e08528e-e8f4-498a-b614-e15b8c5661e0,62a0c530-8a2d-42b3-b0e6-44803866c2e6,f2fe52c4-529a-4eb7-9bdd-55e5a1d037be,68e80844-c0fa-4e38-b4b0-ed181619b0cb,368d0587-7755-44ee-b11c-df72bcc18d00,eafa6578-b5d2-4a63-8a56-cb8f6d3d46e9,b88eb634-dd51-410b-bd7c-2883190eae7f,143d5e62-0000-4e91-ac4f-756113d55514;36a651d0-965c-4cde-8024-d92a3fa32a78;f8c298fc-ffb3-4397-9e1b-d709aee89d2a;05b5e676-5b20-435d-87d8-a5857691dce4;73d5e37b-1e9f-42e5-872b-9541b8a25e3f,c5f6c5a0-3b4e-495c-9129-0885ea60fb1d,4e4f65a8-823c-4dc3-ba3b-20e7161556ac,6b3125d6-b732-4b25-9cfc-9dcdccee0155,44822ab8-0573-4c40-8d85-e0b9fa551415;cb0b5ad3-93f0-4250-8423-420cc9595143;dcbf781d-54a3-4734-9b69-a7e119d59fa5;en;86;10000000;;;/film/Cedar+Rapids-2011-537420;tt1477837;0;0;0;0;0;1131;119;118;119;118;20;0;0;0;0;0;0;0;0;0;0;0;0;0;0;700;60;59;60;59;10;0;0;0;0;0;0;0;0;0;1625
285;6eddd8ca-cf66-4cbb-b8ea-442e8f7c598f;2010-12-25;2010-02-15;Centurion;be787f4b-8150-4a78-828c-f132f7088b5d,9a150cd3-6c32-4b58-b1a4-aea6992c564c;;9d5d5884-5109-4dfa-943a-cb8da1dee506,dbcc1d19-f8cc-4ed6-97a7-df173e2311ce,ca4d7e44-1248-4b07-919d-0442a3f1cfae,31a86076-cd1a-4920-bd92-bbdb0330c96f,9881a11d-aa91-4fc3-8f13-dd2b863c1aea,4e87bf2c-51ab-44cd-a0c4-ba4a6369dbaf,06a1735f-c603-4c2e-b91a-9720b89c1404,4dc0aad1-c352-44bc-a607-3b978241f24d,0d4e2566-b579-4557-95bc-40d344c61657,a227b8c1-6f58-4bab-a765-27daf4dc8e16,31c75829-855e-444f-b288-1c5399790965,198e1dbd-a59b-4a14-92b2-4bbd932491b5,83365a0a-74b5-4ec3-8a35-527844447874,b9aa208b-055b-4c19-a7ec-c1b3930d4e91,f5215338-6eeb-48de-bfd6-534ce60473f5,65677f5f-d396-4e18-a4de-3ad72eb11184,aaac021a-1d3d-46b5-b424-46bd4b938946;5a6f1410-2cbd-4470-890f-bdbe5014f526;9385de8f-7b3d-49bc-82af-06cf983947b6;5a6f1410-2cbd-4470-890f-bdbe5014f526;d9208ba5-a916-4aac-a716-9ff357ae7d71,e0ec458e-ad52-43af-a4c6-56734d7009f5,7638b5b9-f21a-47b9-90c0-d927a2344194,8315ead4-e229-4e3c-a8ff-1e6e73154bec,b0388e95-0fc4-40fa-b5b5-0ca4ebae76bd,c790eec4-a9ad-4225-afab-24b870510851,abc66fa8-bb6e-4a30-a52b-37a61955bc31,07ad224f-04a7-41ed-8b1a-0eec5ae32286;fbb84c2a-cf2d-4054-ac29-c0f022b32117,40a6ab76-9c49-4bc8-b762-1b34239ee4ce,75f6becf-7456-4a01-baa9-c7ca556385a9,e6865375-e967-41de-9f61-28c663fdf4f3,d0b244a4-6f47-4ad2-b356-840e99ffdb08,2881301f-2275-452c-93c2-cc2548423ceb;;en,gd;97;12000000;;;/film/Centurion-2010-504239;tt1020558;0;0;0;0;0;337;337;7;6;6;6;0;0;0;0;0;0;0;0;0;0;0;0;0;0;169;169;4;3;3;3;0;0;0;0;0;0;0;0;0;699
286;c613a36b-21a0-4476-81e2-68c452516aa1;2010-12-17;2009-05-24;Coco Chanel i Igor Strawiński;36a330ff-bd5d-4a0e-b74c-8a0d4473b778,be787f4b-8150-4a78-828c-f132f7088b5d,1bc8cbbe-fb9e-490f-a24a-e54e6013de4e;;565dc772-8122-4f8f-8a71-fb32106bbaf3,8f3b1129-638e-4b2a-9238-1795ef4273e4,45718267-6dfd-40a8-9bb3-eb9873c3d1c1,f59a00f3-d0a8-4f60-a30d-b8f02ee5d9c5,accc3823-c533-4156-a087-ab8849fa6461,cd5f2cd4-4747-496a-bcdf-201273028f8d,154f04fb-e3db-4d9e-8577-46ef36bc548b,f36d3b46-59c7-4e3b-bde6-342fdf9b8005,98e3f6a2-224c-4aaa-8836-f91bd7779fd1,d0b8111d-a346-42c4-a961-ad3b187ed7e0,acdf2602-8200-4f40-9778-63ea5fb0a844,a400da23-5650-4a20-afd1-ecd465e244c0,26ad0b64-16d9-45c2-9a3b-8be6b189427c,b237eb93-4d38-4a7f-a832-db0c00f1c814,3f46e2bf-fa92-41ed-be62-fd07960ec186,70f2d5cf-4dac-4cc4-9145-72ffdeb10b6f,66358497-2513-4537-b7a1-c3cf9d0dec28,e339cc65-b124-4541-a6e4-d7b95ebae354;1e90f830-dc70-4c90-8c09-3b22d347ccf4;9385de8f-7b3d-49bc-82af-06cf983947b6;98b2fe1f-1ebd-4d12-9367-31dcf5beec50;e974789d-017a-41c5-a26a-4ee22d5b56fb,446324a4-67be-4c68-8b75-559ef52e1b81,4dbcc4a5-f4ef-4c5b-957d-4cc6ee3f7d82,c762f781-a244-434d-aed0-620394771591,0fd2c212-13be-4c8f-827f-c66f6dfd82e4,c16b6030-3e51-4fa2-8119-82cd437d412f,299ff2fd-d1e0-47f9-bc58-b6bee56874e2,6fd62032-ea7f-49b2-89a3-f0e3b04f2d77;aa78d9da-5602-4a24-a522-abadd88f185a,40a6ab76-9c49-4bc8-b762-1b34239ee4ce,7a9890ad-6ce9-4cc3-aaaf-7bad93bdab42,fe14cde3-e5bd-4333-a881-75c6431d0f45,beb5b9c5-7652-4e44-9777-6662313da7ba,e3fa6323-804b-4694-9eb4-285921c61f9b,4847adb2-ec5d-4c7b-a8a7-e3fb8a62b5d0,630c2fe0-f006-429c-9543-c452e9bc1836,6a7c4f65-3a30-4076-9b7f-77f65caec057;51d9043b-068a-4a31-a0fb-74719a5a6a11;fr,ru,en;120;12000000;;;/film/Chanel+i+Strawi%C5%84ski-2009-494099;tt1023441;0;0;0;0;0;487;305;305;267;266;267;0;0;0;0;0;0;0;0;0;0;0;0;0;0;334;153;153;134;133;134;0;0;0;0;0;0;0;0;0;1897
287;e1c567fc-e500-44da-93a2-c705eff4d3fa;2013-01-18;2012-02-11;Cezar musi umrzeć;f0506edd-d123-41d3-ad36-1d31a8bb23b8;;de462d55-938a-4f3a-8277-0bb5af7cbc14,c00d91ac-1e7a-4477-ae42-74dcb7b9e56a,05c03321-cb03-4183-b3b4-1326baf10524,fcf2a4cb-9911-47b1-aa29-604a62e2397b,d7ce6f2c-88c5-4c31-a72b-208c4ed706f9,70cae39e-7615-4b1a-8505-8121df41e997,90311315-c0ed-494d-9d05-9dffa586e88c,d9a0d98f-94e8-4455-9c06-bb18eeef3afd,ec71c8f2-bf8d-4178-9a9a-237d2870388d,49a1e66d-a052-490f-bf21-ea23829f50d2,635dd1ae-fae3-4fc3-8156-b067310b4321,267c5a02-0b9b-420f-9fdb-a2fe7a382745,bda15423-e5da-4ea9-9f92-e688376398cd,bf264bd3-6515-45c7-8349-ff0ef7fc229e,938de177-1729-485c-8145-d07ac9a81109;5cd94512-8560-4ff4-9348-1b2e57d7c800,c5320ade-7e7b-42a5-b089-dad8214fc9cb;;5cd94512-8560-4ff4-9348-1b2e57d7c800,c5320ade-7e7b-42a5-b089-dad8214fc9cb;82a7bc55-00e4-4002-8e88-6c1da5b5ae4f,46221ea5-06fc-47c2-a426-99082f20b343,957ef1ce-7141-43a8-a07d-e44c6cc956f9,33ddbc14-77d0-4956-b0cc-837505077588,a7b14865-b6e4-4b76-adb4-aaaa9cb821d3;bf273474-d9d2-42f7-b96b-4513145ba75d,a3b7d5f2-150f-4464-ba93-449179fede7b,3c0f746f-68f0-4233-bc42-c7171363fde0,42af4de9-6eaf-4337-b574-b9d600fa74d6,607fe8d6-6afd-4cb8-b63c-efa87e12ac3e;;it;76;5000000;;;/film/Cezar+musi+umrze%C4%87-2012-643777;tt2177511;0;0;0;0;0;3551;415;415;415;415;415;0;0;0;0;0;0;0;0;0;0;0;0;0;0;3344;207;207;207;207;207;0;0;0;0;0;0;0;0;0;5626
288;11237c86-3c8e-4e50-bf76-9b5ecc09278a;2015-03-13;2015-03-04;Chappie;d34b4e2c-74ce-42ab-b438-86fbbdcaee15,6a5af1f4-128c-4ca8-960d-3f0f36d29764;;b2362afd-17f1-4665-8705-eaf8f1a99503,ffce1395-9aaa-4481-9da4-5f02124fcf7a,0c8c4027-ecd6-40fb-9634-6eea7ca3d07c,b0adbf83-6a21-4fc3-bcd7-7086db9cfe64,1db11b2d-bdfc-41cc-b88a-3988bab51031,9ba81fcd-bddd-4f6f-84a9-69943c16decc,86cfe30f-585d-4c56-871d-18ee61451f9a,ce454ff0-863e-4fdf-a248-ff24fb6ff0de,138808ef-c06f-4ce3-ab22-5ec6f189b8c8,648adaaa-ccfa-4e91-a5db-b5a5a910e970,2f3b7ee8-5647-4388-ba60-7ba875c74e0c,48b42690-79b5-4d47-81ff-060faa645bf0,a9d05baf-eb40-4f80-8371-a4070e2fac4c,ce3f27b0-b394-4949-aced-49344745ff35,1f99e950-b4e4-4cfd-a81b-19c60ade0c14,6e7f7bb6-ceda-4024-8cc2-9e6ee01af755,e04972e7-168c-4c35-ad79-2073c811ad1e,6b9510bb-4b42-4914-891c-4e56b9a4929d;80f44a8b-404b-4790-9ebe-476a31c0335b;f44346b1-d6b2-41b4-876f-1b6682aad3ab;80f44a8b-404b-4790-9ebe-476a31c0335b,b14fe3c2-ebf6-4db5-ad6e-bcd1547c1fe9;2cca77b0-7fb9-4631-bc8b-a450f2eb363e,7ca573b1-6c0a-4cfa-8a5e-7d537b7c348d,3ffe8532-eef0-409a-a922-f9f6f3c572be,80f44a8b-404b-4790-9ebe-476a31c0335b,64f4986a-7055-4734-9845-8ef2cf2d15f7,b6c79f51-5859-47d5-98f1-e9c2255a62b6;226bcf6d-8cdd-4700-b0c4-d629c8ebf5ba,c0f84541-3c0c-49bf-9203-e3bc17d468bf,5ad1074f-c9fa-4177-81e8-1723283a306a,91bc4ccf-13c5-4fd7-9f15-45c359da1ca1,fb4fb541-f66a-478f-9c13-89ad2f353cef,a8ec3b29-aff3-4c68-b52b-be66a7147ccf,104f79c5-160d-4a95-9811-ffd8aa341fed;dcbf781d-54a3-4734-9b69-a7e119d59fa5,ff8fb8e4-4f80-44e9-a945-559e886a9a80;en;120;49000000;;;/film/Chappie-2015-612189;tt1823672;0;0;0;0;2661;51846;29087;20742;12644;4600;2346;0;0;0;0;0;0;0;0;0;0;0;0;0;0;33373;18267;10267;4253;2851;1503;0;0;0;0;0;0;0;0;0;123926
289;5cdceac5-c4cf-4339-a8a2-6889c073de50;2010-10-29;2010-07-30;Charlie St. Cloud;45434b4d-8a1e-4d0b-8fce-cd849ae707e0,1bc8cbbe-fb9e-490f-a24a-e54e6013de4e;;487d774c-97d1-472b-b040-e40a764d9630,d607d939-7c34-4cf2-87ce-4400a8089cce,d29d073a-7c50-4672-ba11-b836abde842b,933c46d2-416e-44ec-9110-5943fc8779fc,fa62df3d-8aa5-472e-8947-ebc3437f619b,8ff1d4f3-ce64-4b2a-a9bd-d7502d091b2b,c3319c52-95be-47cd-9260-ef417480ff69,7369424d-d997-4f5b-aa1c-37d58f307cea,2015f7d6-34b6-4486-95aa-18ec704bb1e3,7a4f35d0-f82a-4300-995e-98392b375563,d7660d1c-e781-4b4e-9e62-a19d160096b8,8f299064-7884-442b-b37a-8f78046d118c,ea0daf23-0e5d-4722-95fb-663d1e4b9c0e,00ba36d0-3679-484d-a431-963e2e9b8475,2872f7eb-0955-4ea4-8e45-8af458150336,da518f53-8352-4b69-9341-beeaeb1622e4,ad50e684-73e7-474b-a9f3-bc560a58f091;25f49677-30ff-49d3-af99-ef7b1b8ebada;f44346b1-d6b2-41b4-876f-1b6682aad3ab;06ca540e-a581-4252-b03a-b2ae85b4a961,40ec7438-64f8-467e-b10a-2869f0795b21;58111a4b-7b9f-4441-a650-17f58afc367c,a93077f3-a4ef-468c-a7fc-3d67aff98dc7,bd440f64-e758-42d2-872c-2f7085fa4f5e,eb0f489c-379c-455d-adaa-cda403092bc8,6a9ec2af-5d70-4e9a-9c67-6c655726df19,1d3bf59e-df2a-4c64-82ab-6ab1ad1184fa,51c23cdf-a002-4e2d-bae6-860f7829be7b;e5886614-70b7-4297-b71e-0ed0cd8b40a7,535b50f0-4f89-4a81-a5c6-d887e8348121,2378206c-5e13-43e5-9f03-48370d9d5ed1;dcbf781d-54a3-4734-9b69-a7e119d59fa5;en;99;44000000;;;/film/Charlie+St.+Cloud-2010-525889;tt1438254;0;0;0;0;0;18335;14780;3084;121;5;6;0;0;0;0;0;0;0;0;0;0;0;0;0;0;10488;7865;2459;74;3;3;0;0;0;0;0;0;0;0;0;36331
290;67109dec-bc34-4cf6-acb5-0a221743c692;2017-03-10;2017-03-01;Chata;f0506edd-d123-41d3-ad36-1d31a8bb23b8,45434b4d-8a1e-4d0b-8fce-cd849ae707e0;;13fc0ce8-a0bb-4a1c-af97-5a2cc2dee612,6e62983f-ac63-4b8f-a356-ccf2edf567d2,549f41b9-44a8-4195-a5b3-4eac1fc1b96e,8ad5dfb8-1101-4fba-b943-ab84ea48432a,ea719b10-991c-4aa2-bed8-03ba49aa5984,a940d4e4-03b7-4274-b9b2-0d2e15fdbf58,c729ada4-3363-474a-8ef1-fc1820c4c645,82a7da08-46b6-41e2-b905-0fd90199dd3b;395e68b8-d4c7-402e-821d-336d8df07073;6dc7f7ed-6e1c-485f-ace0-6547ecb1abd2;7cf5c507-aac2-4507-8e27-b9987364368d,653981da-b1cf-4bfc-a617-f3d90f2314e5,5d4b89dd-39f7-45b0-a13d-2e4795bcdcf9;1a73ccab-4bae-419c-b085-101fca0c5ec4,e5b579b2-bd1b-48e5-ba1e-dc5e5e2f6f28,f26b55e4-3e7f-4313-9c58-5d328bdf0361,0969c60f-f52b-4aee-8131-e53bb8c2d03a,603f6e62-bad9-4e3a-923b-5a13d6977753,e2a09afd-37c8-4811-a34e-59502c396a6b,7a70069a-a354-48a7-805e-bc09f081469a;2b622fde-0f9c-474c-941d-83bd84b1c1ab,e6f38aea-25b1-46a5-88a8-a9b576423d9a;dcbf781d-54a3-4734-9b69-a7e119d59fa5;;132;20000000;;;/film/Chata-2017-715007;;0;0;0;0;0;70324;75811;41682;32083;27689;18968;0;0;0;0;0;0;0;0;0;0;0;0;0;0;37757;36368;22404;15219;14703;2060;0;0;0;0;0;0;0;0;0;266557
291;c4aacbf8-7b73-4419-9ab9-7d59b418901f;2013-10-11;2013-08-25;Chce się żyć;f0506edd-d123-41d3-ad36-1d31a8bb23b8;;6ea0e452-6628-4164-aa29-e15cada805b3,a0a64417-3396-401e-9eba-d9dfa5cb7ba0,50b609bc-701a-4ef8-8e88-13bb47292762,e595a886-d369-4fd5-ac9a-0571a795fa87,90e7bfc1-3de3-4ce5-8b8f-c43f499aaffd,c98016de-d916-4f27-9c07-57f725ee0bbd,92c3457c-d0a0-4a63-810f-55496909cffd,8fd4036b-b708-468c-bbb4-099105df4827,b7a2fb8f-1c69-41ff-8bca-10a93743f575,e6ad9046-1058-4ace-9516-58f8b8221304,cf51e134-9b42-4fed-b08c-4ea7a51d21e9,307644a8-737a-4fb8-ae7f-ea99ec57a250,5a7fe974-7248-439b-ac44-6d084ac1a7c8;85810cd4-e8aa-41e7-879a-df1ed2e9f017;e71270d1-d648-42e8-b1cd-58315299e461;85810cd4-e8aa-41e7-879a-df1ed2e9f017;b4bab816-7d6a-4af0-952e-dbcdd612fc4b,f52b282b-965c-4796-acce-af02a31c2c96,05cca92c-6024-443b-adcb-55d8dca44a23,d893c651-aefd-4b53-ad1f-c107a37823c6,11a62ea5-039d-41c8-a6b7-47c4d7cb56f3;2e03dbe6-9ea8-498c-a57a-0a25d9c95c01,3e41a0a0-204e-4b33-bd99-eb9f363e0852,5f2c3d88-0cd2-4a58-a909-17d9110f614f,f39776dd-c0ab-44ea-b46a-844d3c1723be,733e1035-c7ed-4853-836f-8f032c649ffd,b0e2be3e-d960-4821-8709-0221e7d5c47c;c29315d3-7743-480d-ba69-783e11af73bf;pl;107;4000000;;;/film/Chce+si%C4%99+%C5%BCy%C4%87-2013-648982;tt3092552;0;0;0;0;3837;74789;69544;54468;34905;18957;10662;0;0;0;0;0;0;0;0;0;0;0;0;0;0;36041;34669;26950;14962;9540;5381;0;0;0;0;0;0;0;0;0;267162
292;9913d580-22a4-46a3-85ae-7f3dc2863acd;2011-12-26;2011-01-25;Chciwość;f0506edd-d123-41d3-ad36-1d31a8bb23b8,1db1ac18-a83d-4645-9cb7-3c60a03012ba;;42ab5d1a-29eb-4b1f-9ec2-c3d6fd3d3ab3,e9fc151a-46f5-4e71-a85f-20712aa9d88a,0a0f5b5a-42ce-42ca-bdc8-7d2419492dc5,cb5d990e-eee7-48f8-946e-119131760c28,3b6d38c1-99c4-400f-9859-ade08e93eb19,153083ff-a7fb-4f8d-8328-807bbb2a43ae,7bac2fba-fe4a-4b5a-b22f-39231a1eb298,8c62518b-58f8-4656-b12e-8715fc8b1b73,a1abc0dd-e925-4f28-9fcc-5089d0e158dc,a6eb8185-161c-4c6c-80c0-58c89cf3f3d9,c70122ed-903d-4b76-b74d-30b7b6dd0c83,7ae76dd7-39bc-435e-aa55-9dfba05aee13,35f4fa6c-f678-47fa-a0f8-f7fcadf2eb0b,5c43d05c-e4e9-40ba-8d21-f68141d4a732,760660b7-9265-40b6-bc30-30d9b1aba886,0c135140-0a24-4221-a6bd-2f685e27ec29,29297096-675a-4cde-943b-7ed326f297ab;1b56b432-58b8-466b-981a-cec2e6514065;6dc7f7ed-6e1c-485f-ace0-6547ecb1abd2;1b56b432-58b8-466b-981a-cec2e6514065;d62b3286-25d6-4ee4-8e00-72c50972b645,1a55957e-0510-4f1c-9e9a-1c5dfe05ed81,0ec3f657-55f3-4c05-bcb9-41a20f7939e7,2b6d1b87-67f8-4f27-ba6e-7371f254f64b,cb5d990e-eee7-48f8-946e-119131760c28,1a991fc1-2855-4378-b871-d0e264328afd,f32f13ae-693c-4b6e-999f-33e1fef70d83,8dd96a53-8398-4513-868f-a154372a31c5,b3582b9a-a469-4d80-8c49-e3956fa71fa8,b4bcc379-d8f6-48fd-8fa1-8a01ad937aff,1392573e-8334-444a-92a3-5511ab598391,8bb30f0f-761d-4990-af1e-bdf52648f7ba,d8a52ba2-88f4-4359-a3dc-a0e8455ff971,40b93bf1-3243-4b71-9d87-331ce955f412,b5b620a7-a5e3-4880-8620-f3eb437c3823,b4b37f11-d508-46b2-8c5e-d6731a243f5b,c7f9f2ba-0014-4a99-8e0d-bf8e4defa35f,86b75e91-abef-4abd-874a-8ebe7bcc0ce6,fc26d076-7a51-4aaf-9caf-3e7a60e8c8fa,13c8b881-b9b3-4d22-a6b2-2b44c1128fc1;04d258ca-7c76-45c6-a2de-5ec6d4ad2fa6,11d5dae6-eaa2-40e5-a996-1681d6772199,6e37313c-d820-4395-8acf-061f6cdc7790,e95b5161-7aa4-43ea-a055-aee95e64bdf1;dcbf781d-54a3-4734-9b69-a7e119d59fa5;en;105;3500000;;;/film/Chciwo%C5%9B%C4%87-2011-568905;tt1615147;0;0;0;0;22405;21087;14248;3889;1368;801;117;0;0;0;0;0;0;0;0;0;0;0;0;0;0;9672;9908;2647;859;401;59;0;0;0;0;0;0;0;0;0;63915
293;9500c4a2-9f73-4de1-b8c5-9e93e74af11d;2018-11-09;2018-01-23;Chef Flynn - najmłodszy kucharz świata;2c2fd51f-d2b8-4fb5-aec2-faf911088642;63;ebff7852-4c56-4724-8cc4-819cdd90364c,8275e53b-254d-412a-8cc8-6f3a8db6e7a6,2d4191ea-4ae4-40cc-a5bc-1a6781a69f37,0c74ce28-7cd9-471d-b41d-eedacc0b9227;34c01536-80e6-480e-8721-261287907a58;bef5be9b-dbe7-432f-a05d-2a0f26d8fea2;;34c01536-80e6-480e-8721-261287907a58,e40b32ac-968f-4ce3-aa71-9295aded4e7a,66dc66f6-b727-45e2-8b9c-9ca5560d01ef;;dcbf781d-54a3-4734-9b69-a7e119d59fa5;en;82;1000000;;;/film/Chef+Flynn+najm%C5%82odszy+kucharz+%C5%9Bwiata-2018-813240;tt7689956;0;0;0;0;572;815;481;374;207;197;106;0;0;0;0;0;0;0;0;0;0;0;0;0;0;478;324;244;116;145;75;0;0;0;0;0;0;0;0;0;2752
294;db26ee41-881b-4387-9f7f-052c5013d441;2015-10-02;2015-07-05;Chemia;cf603e2c-4964-40f0-aaf4-d2e082a07d77;;0bfcc984-4439-4697-b159-929e2d575ea2,201a8410-e46c-4200-ad70-333482daf9fe,3d491d6f-a043-47d6-9988-fbadd05360f1,c1f49531-2b7a-4980-a049-e895929012c1,5f8960ed-bea2-42aa-8ad0-282ecf7b8dea,0322ce06-0b67-43e8-b137-4537b971f907,cea16e5a-4969-4d93-95b3-335226e61c0c,266953f5-418d-40ac-8027-6ec1475d1f66,c06f61be-8f74-407b-8766-3cd43fd493de,e1eaa9c0-4ca4-48ef-bc18-e244a0e963d2,03d3f588-52d7-42cd-8a2f-e1af80b1c7a0,b1be7a71-d67c-4e6c-b834-485ec44575e0,4a48bc95-ae92-4e39-b22b-2c7a53de58eb;926c3249-4c4b-421d-814a-a7088de60601;ecd9c3db-dafc-4610-9b38-ec1b6dd308a9;1bbe8a00-4148-48ec-ab22-0cccc70dad04;926c3249-4c4b-421d-814a-a7088de60601,1b9faf77-2a7c-450e-91a8-9ac45532e88f,7847a0bc-eaec-4281-848b-5b15f054f360,1890eaf2-f872-4bca-8790-c4488c95a972,f38aa56c-2229-40fd-8ed9-397fab4600ba,8d9c1574-3562-4536-a40c-05cce39dd49e,cfe27949-7762-40b8-8c34-8aa73117b089,882181ba-c073-446f-875c-91c904fc7fd7,f2d625b1-8384-43a7-a131-7f29d83f83d6,0f9ae211-6e8c-4a04-a8f3-e752881e44ef,e1a06d63-824b-4548-a7f5-d7c59b42f669,1bbe8a00-4148-48ec-ab22-0cccc70dad04,f353cdb9-061f-461e-9c8c-ddad9689943e,1667f818-93b4-4ed4-977b-1cba5b76f49e;23b495a9-c194-4009-ba9e-c516e692f267,d861f3d9-12e2-40b5-b776-71d8810b7b0b,0c2bba1a-49e0-4765-a743-f670b9e1c746,23f86ffb-deee-4ece-8a0b-7f9e952abac0,67e31270-69cb-40a5-97ab-345255679d49,5f2c3d88-0cd2-4a58-a909-17d9110f614f,0350e028-451b-4d91-abde-404665380b1c;c29315d3-7743-480d-ba69-783e11af73bf;pl;105;5865500;;;/film/Chemia-2015-580746;tt4088848;0;0;0;0;2136;104966;106018;53075;24317;10160;10137;0;0;0;0;0;0;0;0;0;0;0;0;0;0;57483;58773;33616;15233;4568;6186;0;0;0;0;0;0;0;0;0;310809
295;9e8760ee-76d3-4d77-9940-5ea7caf71f52;2010-06-11;2009-08-14;Chinka;f0506edd-d123-41d3-ad36-1d31a8bb23b8;;98f786e3-e688-40d6-81d5-a5cd4fefcd49,90125b07-5115-486c-830a-130ced2e53d5,c1395562-dfb5-4bd3-b7e7-57d11cb9506a,6ac249fa-4ec5-4ece-b60f-7057a8761e86;f85021b5-5346-4f31-a29e-def2a20eae1d;f46c9a58-5cc8-4721-b6ec-0da078def06b;f85021b5-5346-4f31-a29e-def2a20eae1d;879ef9b6-38d1-4834-a115-df06b39eaed3,e5f7b253-3ed2-472c-a38b-482f76e81b1b,7d8e9c94-6ba4-4e13-b65a-887752d9f31a,9bfc0114-e866-4459-87fa-fffaebcfa14e,7a1f2af4-b590-4894-bddd-bfad964007e3,decacd9b-9a99-4391-93d3-cefa7d69567b,b3d2ba60-1d64-4904-b9c5-c82b36120ef0,462d6741-b703-4d02-9015-776d857c1c55,fa9f8757-9fb0-499c-8668-72da6600e314,7201158e-e7ad-4e8a-9a5c-b8e09eaec083;0be575bb-715f-4ffe-8544-6a2626f7d0ad,2cdc7e07-03e2-4218-b767-9349e70a2735,38e6691a-aa97-4c94-b271-23d245759a7e,c04bfcf4-323b-454e-ba67-33e75c8ca0df,0b1c4cb7-5283-4d8f-8e57-c0368de14c64,b2549426-3e4a-402c-87c9-740824263325,220abaf1-1029-4779-848b-133b36adfabb,302495e4-57d1-4a80-9c86-902e48ba85d8,b28ad790-3a18-46fb-bb4c-83cf4e743e13,d0b244a4-6f47-4ad2-b356-840e99ffdb08;51d9043b-068a-4a31-a0fb-74719a5a6a11,6614b794-9b07-4de2-837e-3aba6098ec7a,270542da-ad6a-4404-8f03-01fd73a4c545;cmn,en;98;3000000;;;/film/Chinka-2009-537036;tt1389374;0;0;0;0;0;0;0;0;0;0;0;0;0;0;0;0;0;0;0;0;0;0;0;0;0;0;0;0;0;0;0;0;0;0;0;0;0;0;0;0;0
296;f0321ea4-166e-4c78-9e0d-6d3e7f254ffd;2018-11-16;2018-02-10;Chleb z nieba;f0506edd-d123-41d3-ad36-1d31a8bb23b8;53;29053c20-0569-49d9-8063-3b7b6cdd9d1a,c6e8ed69-838d-42b4-8d9c-4ece0144636e,d48be4ce-de91-435d-a899-6c72ec53f7e4;fd232c46-eb0c-4039-a9fb-c5896354e374;ceca3de1-2405-44ce-9f40-7b8755569baf;78edad9a-5018-47eb-b55d-554a174b7c0c;fd232c46-eb0c-4039-a9fb-c5896354e374;;;it;100;1000000;;;/film/Chleb+z+nieba-2018-813951;tt8650344;0;0;0;0;54;1324;767;1220;2390;1116;1115;0;0;0;0;0;0;0;0;0;0;0;0;0;0;760;162;260;1098;558;557;0;0;0;0;0;0;0;0;0;7986
297;a8f7ed94-1c93-4220-8907-3d773bb44eeb;2010-11-12;2009-09-13;CHLOE;1db1ac18-a83d-4645-9cb7-3c60a03012ba;;89ea7be8-9bb7-4586-812f-649f2dbc2fc6,3e16934c-0b9a-4f3b-9ceb-983752bb2d02,70ee966a-bc9f-4056-8526-4baa1175feb9,b4d5448c-b33a-4074-a99c-8edd4992aaa4,f3dd65e8-5994-4d13-83dc-103aefdb0b28,d0b8279c-3675-441a-a3b8-9ad0386469a7,493a39c9-4186-4eaa-bf5b-7fa6afc07cfc,3402dbde-d9b1-48ca-9985-c4eb8db70c59;1e3aa2eb-6b56-488a-a951-3a665f8c743f;0c4d5a3a-abef-41f1-b5ef-efcc9e43dc50;8f0c9571-3c05-48c1-ab1b-f9022c1c348d;8f0c9571-3c05-48c1-ab1b-f9022c1c348d,37e01875-bee5-483d-99f5-74213b406bcd,c1aefff1-a6fb-4146-99c2-9e3e6a4357a9,8d7c9141-f3a2-4ff7-a320-27e6c12f6b86,447f9541-2314-4f6b-a68a-189db57758a4,690283d8-6e04-46d1-a65c-4fe5139b0cb9,57c8f089-6905-4855-9d0e-f163d8429b2b,01eda8cc-bd78-4f78-b1da-1aa0f2e7004f,b84c34f2-5af6-42a5-8706-4acfb4a234ae,3bc09029-f846-4347-8b88-9e989102de92,10f1c61d-b03e-4e3c-aa69-261d8440ce1c,727b04a8-c05c-4355-86c6-25f0f4b75303,05d7c099-b419-417e-af60-bb1c971d5ee7;3ccd35c9-40fd-4838-b31b-93dabb655353,13adde1e-945e-407d-926a-f91532d446d0,2cf9bbee-b66d-4542-8099-fa66f02f7f99;dcbf781d-54a3-4734-9b69-a7e119d59fa5,51d9043b-068a-4a31-a0fb-74719a5a6a11;;99;14000000;;;/film/Chloe-2009-500688;;0;0;0;0;0;5894;2902;784;434;446;557;0;0;0;0;0;0;0;0;0;0;0;0;0;0;4395;1747;527;296;258;351;0;0;0;0;0;0;0;0;0;11017
298;f15e91e9-0948-4b56-ab70-d531617fa027;2015-04-17;2015-01-21;Chłopak z sąsiedztwa;1db1ac18-a83d-4645-9cb7-3c60a03012ba;;7bfcfe33-2f39-4afa-a453-de49fbd6c8f4,58553243-4a7a-4fe3-a169-1199b1c0e22a,1c75b04d-3f08-4d08-bfc7-970db4c5f92a,d0a461b9-89fd-4425-8ce7-846929ebfca7,17d012a6-749d-4135-96b9-93b4861c15e3,550e03ec-6ed2-4436-a441-d95459f3a312,626f03cb-ec4e-48f5-b470-8b8c0a3e6848,59d49181-c691-4953-8f68-f9f2d40cf65a,4c6b3cc6-6e8d-48e7-82c8-20ba0a568fba,701d4c68-6afd-4772-ac63-1512b8df530a,8946870d-b36b-4270-9834-a41b48454620,bd93ea6e-dbfb-4524-8c83-2cc43eb2d349,6cebae8f-3306-407d-8d8a-b6065b3f3c43,67be4781-8457-4ec5-ace7-a6f94a0704ee,ce968156-0e11-4d8d-af36-461be8366a52,d0932700-f654-4e3e-b26e-23fbc2033657,3a921896-7ed7-4726-881c-26752dc3694e,ad355590-151e-48df-9081-b4c7586cd3d8;5ad7ae21-e861-481c-8e7b-60daf53db3de;f44346b1-d6b2-41b4-876f-1b6682aad3ab;ae21b896-302f-4eec-9247-d013868dc449;7bfcfe33-2f39-4afa-a453-de49fbd6c8f4,a18f8c18-4bcb-40f9-9dd9-18e5d434ead9,6d950aba-25cd-40c5-aaa0-a1a5b507a8f5,dd9a6565-ab20-42b0-b3aa-ac4eb3b89332,4d279ee7-0a72-4274-ad4e-27a2ab50f62c,acc0cea0-4b7a-4469-aedf-a534e4ec13bc,39b2f5ae-7e41-47f3-b4b5-55c3a89fab6f,8aa1a18d-0352-4d85-aa08-a04a26d5ce64,ca9dd99f-d8a0-4cb6-8cb2-6d51e6f7a797,1a22c00f-4fba-4ef7-b051-50832a66ff83,8a26193d-fced-4ece-8348-f2444bae134c,a5517e6f-248a-42b9-8796-0fc99dd63df1,75ba798a-6b4d-4dd1-9354-6737dc55c729;4d9974f9-dd4d-4bf6-9046-c1ab0c0295e2,aec33ded-0480-41dd-9889-ac7b29538be8,eb320e48-3de1-48be-bc25-0c8851b8691f,e5886614-70b7-4297-b71e-0ed0cd8b40a7;dcbf781d-54a3-4734-9b69-a7e119d59fa5;en;91;4000000;;;/film/Ch%C5%82opak+z+s%C4%85siedztwa-2015-700906;tt3181822;0;0;0;0;0;30561;18218;10520;4287;1588;220;0;0;0;0;0;0;0;0;0;0;0;0;0;0;18204;9700;6366;2386;976;110;0;0;0;0;0;0;0;0;0;65394
299;1effe276-db72-4f43-ac66-0fc10dd24ce3;2011-11-11;2011-05-15;Chłopiec na rowerze;f0506edd-d123-41d3-ad36-1d31a8bb23b8;;f8a95502-1b3e-45f5-8a22-f03c795c91d3,a46b94bb-f130-4fbf-813e-f7a3db4584df,e9447e25-5839-46ec-acc1-221bb5db5cef,0dc32d05-6bf7-4024-9159-9d071240aea7,e51c2a48-8a22-44fb-bff5-5ca96fb136b5,082f9d3f-791f-4bf8-92d3-e00d132e6c7e,cddaeee9-676b-4170-83b6-1e14efba7868,3dd7bcf0-f7e4-484a-8803-3ef203d7c1f5,2c34383a-e555-4334-8f6a-fe941ac94ad2,1a7f6e71-42ef-4098-96d3-a1bd4d3f710c,d8c217a3-7c14-4317-a502-787277012580,8b5489e9-1933-4c8f-91c4-04bc97971d98,4e1149f3-1288-4e21-805b-bf94c12d02a4,c6230cbb-84f4-44f2-98f6-c9c5fd202f5e,57f08b41-cc48-44bf-b362-7f2b208e0d17;2a1f1398-2e64-4e5a-8825-5f0fca3eec87,78372b05-16bf-4177-8269-6988a1cc01c6;60e123a4-f088-4457-be92-4a94639f6b89;2a1f1398-2e64-4e5a-8825-5f0fca3eec87,78372b05-16bf-4177-8269-6988a1cc01c6;2a5f6489-90c8-45ba-9155-c97d80ce2aab,2a1f1398-2e64-4e5a-8825-5f0fca3eec87,78372b05-16bf-4177-8269-6988a1cc01c6,f4cfade0-dcfc-4cfb-94da-9e99ca2e8713,98fd0619-6f2d-4454-9e16-d6aba37c594f,84e6fdef-23a1-41fe-beab-32ca85485043,faeebdbc-51ed-437f-8939-2728cec55c45,8ebfba75-0b47-4aaa-8c11-cab7fae4f345,1ccec85a-ca47-4dac-8adb-22ded9243340;e8e38e7c-f84b-491b-ba42-b12c4789c943,a134ea3d-c6e6-4443-b205-778b2c5c375f,40a6ab76-9c49-4bc8-b762-1b34239ee4ce,081ae500-4366-499f-8d51-7116c334275b,7a9890ad-6ce9-4cc3-aaaf-7bad93bdab42,e6865375-e967-41de-9f61-28c663fdf4f3,41238ca1-744d-4ef4-8e51-7d038002827a,c0226ee6-d6f6-4163-a4a1-7db15e16e185,6a0708eb-e834-48bb-85a5-82a36490c4b6,fbba907c-36f4-49a4-85a8-8571ec03df45,45e40fd7-82f3-46c5-9ce8-55bf19da4059,55191a4e-f182-43d0-ade5-75bd9bd052d5,62ff8db4-ba3b-43e2-9282-d321d0e41c52,2c4358c4-4d96-47f8-8ef9-7d95075a8e77,d092b19a-02bb-42c9-b2bc-0873d2341484,dc0bb6e9-9445-4cf1-9e3f-2865522fefc3,2fc0be53-f70b-4d04-a0a3-8e7eeef9b114,06f760c5-b9b8-4576-8356-0822b406968a,36f33bfe-1272-406d-b1da-d2b016e0b56b,6a7c4f65-3a30-4076-9b7f-77f65caec057;51d9043b-068a-4a31-a0fb-74719a5a6a11;fr;87;5800000;;;/film/Ch%C5%82opiec+na+rowerze-2011-615761;tt1827512;0;0;0;0;0;3361;1919;733;259;349;237;0;0;0;0;0;0;0;0;0;0;0;0;0;0;2468;848;286;146;92;119;0;0;0;0;0;0;0;0;0;6858
300;bdb7afce-0bf3-453b-9bc5-29c0b48bc28a;2019-01-18;2019-01-06;Chłopiec z burzy;15c0b1ce-34ec-4d67-ba14-0138c61d5b54;60;b46a75a0-a8f0-4f1f-bc0d-b9a57965b767,5726ad72-2ce4-4301-a0e6-0bc54933cc68,270975cc-0a6a-488e-a185-70dcfde62aba,a17f97db-81d3-492e-b6d6-815e6c03eefc,a1f7fca2-ca59-47cf-8eb6-5117793880c7,a2c4b008-f98c-409f-867d-9cd5d7566379,b3aaef08-8a20-4414-b8bb-b80d42a30f32,1afc7d8b-6d19-449b-b94f-a724bc706563,75044c41-f391-4461-84e9-4e1ecf018305,27d8866d-6ac8-498f-a700-90abce417178,02eb4165-9005-4575-a2fb-0f7705034a1d,9dc0d2a2-7b1f-4be0-b987-352eb7eaf051,1c0b14df-11ec-457c-88f5-ca3eda2b1a22,f8ed238d-000c-4b61-8f84-90b9bcba46e7,86803949-8808-44ce-b9f8-ba3a6da8a209,c78749b3-f0c6-4acd-aaa9-148b403f7923,b9063e34-1fcc-4cee-ba14-14ed764a302b,24e03ae7-7375-4d6a-9e29-8eca5a60ad33;a5e8e85b-2a36-4b10-b59a-bce9d44771de;6dc7f7ed-6e1c-485f-ace0-6547ecb1abd2;859f91a1-26cd-432a-b85b-858706fc1563;5726ad72-2ce4-4301-a0e6-0bc54933cc68,617b990b-1774-40e3-bf0b-554d11e471ac,73042002-cf83-44f9-a768-4133fdff206d,fe314a87-2090-423c-b539-d60e79599193,4d05dc2b-7fa0-449a-949d-a4bfbb14a1a0,8de84ca9-85cc-4d59-8d51-5f3ca443d7c3,9bb9f3fd-6189-44c0-ad65-24e21e744a0b,1382828c-e9ed-467c-aa07-87d0bee7ab2f,9a4141fe-3f22-4a9d-9669-a14f37ad090d,c5bf74ce-9f48-4269-8596-2f8762169ae7,26bb4441-7247-43a8-8276-38d630575cb7,32adb859-5a03-4366-9383-8cfee9944fe6;638301bd-15f4-4650-9e3b-d47d18ce3df7;7bc66e23-af7a-4d1d-a72b-b745f9c430d4;en,qac;99;5000000;;;/film/Ch%C5%82opiec+z+burzy-2019-805906;tt3340446;0;0;0;0;1262;57816;41610;30611;26213;17121;13997;0;0;0;0;0;0;0;0;0;0;0;0;0;0;23140;20883;7783;10681;5037;4414;0;0;0;0;0;0;0;0;0;188630
301;24931c1c-ed36-4a12-8d5f-66e7add8a867;2016-07-01;2016-01-05;Chocolat;36a330ff-bd5d-4a0e-b74c-8a0d4473b778,f0506edd-d123-41d3-ad36-1d31a8bb23b8;;091fe8d8-7fdf-48b3-82b2-f8b752c5b71a,cbef97f2-a3ef-4f6c-a1c2-71648c7cdc6d,2e4e65d8-672e-41f9-967f-a1bd5a04b85c,e51c2a48-8a22-44fb-bff5-5ca96fb136b5,5aed537f-51a0-4b02-b18f-e1a2686488a4,cb027b10-d641-4476-91bf-c687db2ec744,005598a2-820c-42d4-99c5-334bf7d1f5c1,8bd3de3a-83be-47d0-ba59-bb61f77569e6;d841e6bf-046c-40b1-939d-2b3c3548fc6d;e71270d1-d648-42e8-b1cd-58315299e461;239a1573-2c75-4164-9d99-2f658180f8b6,5913c2ef-e77b-4a74-b145-67f5bd4b44d5,d841e6bf-046c-40b1-939d-2b3c3548fc6d,76f75cb4-8567-42b7-b427-b03061e36431;d8c27005-2f45-4a33-8155-495926e39c2f,188d00cc-e2cb-46e7-9d08-96d1954c3c78,78857145-db4b-4a70-8a61-5cb77e434e94;897029f9-3c88-410a-badb-93eadea84c3b,3a9bbbc9-04a6-4f0f-bae4-0a2fd1844870,7a9890ad-6ce9-4cc3-aaaf-7bad93bdab42,85b0c869-66fc-4018-ae24-cc9f833e9a2c,36118abd-5d31-4745-a6fa-76e57cc01f55,06c25fa6-6664-45b6-94b7-bf8faec9b70b,08dca5da-1820-4128-a301-87b4f6a9b9e8,a5d26169-387c-41c5-abb7-45eef813e396,bb3e9de5-2249-410e-a1b8-46dd2eb0e0a5,4847adb2-ec5d-4c7b-a8a7-e3fb8a62b5d0;51d9043b-068a-4a31-a0fb-74719a5a6a11;;119;18500000;;;/film/Chocolat-2016-740349;;0;0;0;0;877;2412;1263;301;301;300;46;0;0;0;0;0;0;0;0;0;0;0;0;0;0;1081;456;151;151;150;23;0;0;0;0;0;0;0;0;0;5500
302;6223cc8a-1fa4-44c2-aa50-06f08e0f83e4;2011-10-14;2011-02-14;Chodorkowski;36a330ff-bd5d-4a0e-b74c-8a0d4473b778,2c2fd51f-d2b8-4fb5-aec2-faf911088642,f0506edd-d123-41d3-ad36-1d31a8bb23b8;;aed62892-5350-4970-ac9c-91e0c468d119,d08e47e7-277a-4675-a442-78f73890abc2,986ab2f8-fee3-4b85-ae80-3dffc264354b,4c5c65cf-1274-45a2-8325-5c1d9b320f89,1d865abf-26c6-48d8-842e-399622abae38,2a10a5eb-ce8f-440f-9c3b-19efe4c519c9,16c4f423-b7e0-41c1-8370-e87cfe5c0670,6324ae8c-160d-488e-886f-b45a4a1f998d,8c446ad2-cf97-4a83-a254-ab7d63e5954a,f321ea71-b679-4b1e-b6f9-02ed7897c2cb,e988562d-c135-4619-b008-9e7b7d04e8bc,67db51cd-b20c-48a7-958d-314ac1b970f4,d372f452-6347-4b20-9423-f15ab2fcf3f3,292cc1e1-3be1-4837-88ba-9d0671184b4e,cb1afd29-f7f9-4a72-91e3-910100281c7c,6780b7bf-ed13-4679-95f3-5c3804101e79;3d5e590d-16d4-4537-9fe0-5e0dbb593dde;f13023fd-efc3-43af-98c6-50964c66c585;3d5e590d-16d4-4537-9fe0-5e0dbb593dde;c95ec03c-b890-401c-97e0-d46f01bf941e,9a97196e-3aa6-48a4-8e3e-fc2c8784ab17,3d5e590d-16d4-4537-9fe0-5e0dbb593dde,bbfde23c-0d77-4255-9cf8-393c11e7252a;f6a33026-3845-44b8-b9be-b34a7e3f7b2e,9aafb4eb-9638-4705-879e-4986157c8794,4665f5b2-6128-46e6-85ef-3ad3b4a65a25;6614b794-9b07-4de2-837e-3aba6098ec7a;ru,en,de;111;500000;;;/film/Chodorkowski-2011-613184;tt1733525;0;0;0;0;0;321;321;321;321;321;321;0;0;0;0;0;0;0;0;0;0;0;0;0;0;161;161;161;161;161;161;0;0;0;0;0;0;0;0;0;1926
303;f3069bfc-f2df-4574-b3a3-40fae43c6168;2010-10-22;2010-10-22;Chrzest;cf603e2c-4964-40f0-aaf4-d2e082a07d77;;0bfcc984-4439-4697-b159-929e2d575ea2,2ada60bf-e734-4aa6-81e1-cbe8338df3db,5f8960ed-bea2-42aa-8ad0-282ecf7b8dea,dc87c2e7-c22d-4230-a059-a39f19d60e90,a1c1afeb-8969-48ae-b6c4-b4c6ad02abe2,490d28f2-f01a-48f1-87ff-59bf8dbaff88,3ddc54d1-55a7-4426-994a-358e4efba65f,a20e703a-9681-427f-ba42-14f2d28cab9a;81fe6c3b-bcf5-41d7-84ce-8e5e0b594c69;2469ba5d-8a2c-4349-b38d-227be4d8eb2b;f9b0b37b-7424-4a55-89f8-cbcc247f941d,63ecb12d-bc2c-4d6c-855a-96e2c2516f11,d4bb27c0-704d-48f7-89a0-2db4edc2ba37;81fe6c3b-bcf5-41d7-84ce-8e5e0b594c69,f63d6dae-5fc5-441d-9b8b-c244fd341836,f1ae8e6e-f9cb-4d46-9c3b-b6be8a45472c,c9d61300-6834-4cc4-bf84-58a5aa10f24f,6854f29f-5ad1-4936-a752-4753bc8cc194,a8fb9214-ad6d-4046-9eb8-4a5cdaa39bf3,be1f20bd-398f-4d37-8212-e31501efc387;c2822aee-3d17-4996-a85b-d4a9f2d6b3b8,8d327aa4-635b-45de-9f63-1c53c1315810,bf2c599a-81ca-4d8d-8d4a-f0f7db67f610,5f2c3d88-0cd2-4a58-a909-17d9110f614f;c29315d3-7743-480d-ba69-783e11af73bf;pl;86;2000000;;;/film/Chrzest-2010-532942;tt1674050;0;0;0;0;0;23777;13345;7136;2309;1532;1393;0;0;0;0;0;0;0;0;0;0;0;0;0;0;14246;7438;4252;1448;939;834;0;0;0;0;0;0;0;0;0;49492
304;8befaaf9-8cdd-4f58-87f4-a65b3dfa8659;2012-11-23;2010-10-09;Chuligani;f0506edd-d123-41d3-ad36-1d31a8bb23b8;;2bc27f36-1ec0-4751-b289-91058b5f147b,f0a7c34c-9a51-43f9-9a71-dcef08611b88,600b6f86-3faf-4055-af66-5adfdf73221f,641adf76-4b96-49b5-aa2d-9522b701ae3a,87fed2df-2395-43a7-9162-9e67bbeb7ebf,3c442e46-4d66-4860-9590-dffba31ac5c2,f395ab21-12b4-469e-83b7-b01852f1bbd7,9a7a6dd9-99fb-4fc1-8a73-4ff3b22dc04b,d592f2c8-0486-4df8-b7db-c6cbdcdfa0f1,859b85fe-0c2e-4793-8470-748541c45e63,7eb4c4f6-94ba-4364-8bee-da08c84f18d4,020bac3e-41c2-4fe2-b470-6d5ffb49a663,dd3c9317-5ea9-4b13-921d-60516d106f5c,9dc48df0-03a0-4aa3-af02-6913ef50583b,d27575d1-b006-4122-a1f3-d53c7b5ea982,4340d0dc-20dd-43d4-a25c-1f75d3d79d4d,45b3e8ab-b4aa-4c32-811a-b90b591c4f5f,502d02a1-3b94-4de9-adc5-041f705b90fc;2be2f14b-4616-4be2-aa43-2da777d77c17;45f8e2a9-10fe-4239-8911-b8a984181ce0;2be2f14b-4616-4be2-aa43-2da777d77c17;2be2f14b-4616-4be2-aa43-2da777d77c17,6be39644-cf88-4319-b25f-b68cfaa566e4,ef9055c0-1898-4474-b176-13e03ec46e3a,c1320f66-e374-4743-8ed9-87fa5fa4cb04,5e971222-565b-4caa-a487-cd318d04847a,20973aa2-dc07-4bef-acf7-d315370e7020,a4985b69-6233-44be-a20e-ee753aa3a503,c0f6468a-53f7-44bf-b3cd-6cee3e8c80fd,b576a09a-4914-4c3b-92a0-ebc7b5665394,fac8a64f-2487-47db-b215-c474c672b7ae,74c7a2a2-854b-4cc8-94eb-b2e24991d33e;aa53b7e3-988b-4b27-8894-b23de7de4bef,0174e38b-f468-4716-b1a4-474d3af2df93,a1ec8fa5-f7ac-4e12-9048-4cc882bf0cb2;51d9043b-068a-4a31-a0fb-74719a5a6a11;en,sco,la;124;500000;;;/film/Chuligani-2010-559313;tt1560970;0;0;0;0;0;74;12;33;8;16;16;0;0;0;0;0;0;0;0;0;0;0;0;0;0;38;3;22;0;8;8;0;0;0;0;0;0;0;0;0;159
305;de4d0428-67c7-4c4c-97c9-17adbe514a0a;2013-09-06;2012-09-25;Ci, którzy żyją i umierają;f0506edd-d123-41d3-ad36-1d31a8bb23b8;;8c1a92cf-5052-49cf-82e4-3d8f1fe4534a,ba087910-c559-4380-83ee-611958534957,6973aae7-4764-4133-aa1b-93d3905eb782,1cade1ff-6131-47cf-ae3d-aef0acebcc04,aa21dcf6-b2ba-4146-841a-64e70a8e73a6,6c9b4b84-1da4-46dc-8f66-49fe65a8902f,7bf4d2d7-652d-4dad-ba96-f69c256066c9,8476bb50-0885-439c-964d-0c410f9c7a5b,158e38d1-c188-44d6-a550-920544a46b96,28de469d-f5ac-4592-89e3-aaca6967cb0e,4102829a-0a32-4a66-b920-63dbe8d74feb,6aa7b2e4-998c-4008-a12f-de44e91fb85f,d863af93-c09f-4b1a-9747-2033cdff074e,d881c884-93fe-4990-bd5b-014112aa4106,6b250af8-515b-4649-9720-6088ecb5bdb7,7155870d-9cb6-42e1-a9e8-e423a9171417,12ca0a40-e38e-4a40-a081-7a391be19801;2fe23c67-d2bd-45ac-97c0-d3d400062a73;f4b55c4c-9fd2-4c03-94c8-94c595093805;2fe23c67-d2bd-45ac-97c0-d3d400062a73;2fe23c67-d2bd-45ac-97c0-d3d400062a73,fa686aaa-74b6-41fe-8633-a8f9b1fb75eb,ac483690-3b36-4d3c-88bc-524b8773a95b,c01d7cb9-b1a6-4099-a566-0f20ffc113ae,5071ca85-2f8e-4681-94ab-fd865aea5144,7ff1506b-ef83-4be2-8dcc-81b4f49f5ebd,bf11db43-aef2-445b-91f5-91422e7f41c3;bedfc280-1dc9-4cd3-bd8e-fcd252ec6e30,2ee008bd-e7f5-4ffb-8b48-1575ce0c2f6b,d85d2d3d-b1ed-4bc7-a6e5-c680d425f583,dc1aa9c3-fa70-40ea-bf3e-b930e8a3c35f,5f2c3d88-0cd2-4a58-a909-17d9110f614f,8c8c3799-8e2f-48c4-b0ae-69806613cc8f;c29315d3-7743-480d-ba69-783e11af73bf,e9d4935d-ff76-4487-b6fe-c098e0681f47,6614b794-9b07-4de2-837e-3aba6098ec7a;de,en,pl;100;1000000;;;/film/Ci%2C+kt%C3%B3rzy+%C5%BCyj%C4%85+i+umieraj%C4%85-2012-580119;tt2343536;0;0;0;0;0;753;196;107;132;42;41;0;0;0;0;0;0;0;0;0;0;0;0;0;0;640;94;21;98;21;20;0;0;0;0;0;0;0;0;0;1271
306;ea7aee3e-dd12-403f-aaa3-ab3efafbc147;2012-06-22;2011-09-09;Chwała dziwkom;2c2fd51f-d2b8-4fb5-aec2-faf911088642;;8de6289b-777b-4078-be00-8efe49aef534,34450ef6-d30f-463d-a5c5-39ac40ef241d,3b346c44-a96d-414b-a10f-69e817a5b1e1,b3230374-4234-4ae6-8398-476a46c0c63f,bbe932d8-879a-4451-ad7f-c1920b7c47f1,9e66397b-0325-4bac-9d28-448f14bb3353,bbca42c2-482d-460a-92b9-58ed44faf2a1;1f62e630-7189-4364-bb75-81f3c7e8c925;f13023fd-efc3-43af-98c6-50964c66c585;1f62e630-7189-4364-bb75-81f3c7e8c925;df445a45-6f1a-4f62-873a-00baa4d08da3,b3dc85be-c06b-4fcc-8a26-55684e3e74fe,2bca17bb-20a5-484f-b3af-75ebbadfd68d,266f270a-3b10-4ef7-bde6-ef47566ac81d,c7b72550-3acb-4200-a9e6-de37a924c6ac,f53676ed-30bb-448c-b4be-c6cff4033930;651deea8-7c6d-4551-ad22-7dd5e443321b,ce117d87-6594-431e-8bb0-3ba19c22d20f,eb12b3c4-0026-479a-8da6-12f4b315489e,186d2564-9f54-4ba2-a62e-c284cf73211d,dc1aa9c3-fa70-40ea-bf3e-b930e8a3c35f,fc894ceb-227b-43dd-8974-a8db22ba9e02,6215de6e-ed0e-41b5-bca2-74aac7d7cbe6;e9d4935d-ff76-4487-b6fe-c098e0681f47,6614b794-9b07-4de2-837e-3aba6098ec7a,51d9043b-068a-4a31-a0fb-74719a5a6a11;de,fr,en,th,ja,es,bn;119;1000000;;;/film/Chwa%C5%82a+dziwkom-2011-625832;tt1327628;0;0;0;0;0;1892;3673;3673;3672;0;0;0;0;0;0;0;0;0;0;0;0;0;0;0;0;1494;1837;1837;1836;0;0;0;0;0;0;0;0;0;0;0;12910
307;0cca52ef-1344-415a-b6df-0045f913afd1;2010-01-08;2010-01-08;Ciacho;57366ac3-c349-4e55-ad5d-6f8061179e88;;6cfc0644-00ec-4eca-a689-03554ece8587,41f6e708-45f2-4d95-93bc-41e971b2d773,c8e15d1a-6ab7-4320-88d5-61ce841e5e5e,fef5da93-4163-44c6-a9bf-885a18f83c5d,807838f7-f433-449a-8949-44a25b76e6c9,3d491d6f-a043-47d6-9988-fbadd05360f1,d5d7a678-b453-4f36-a1df-834118846482,221d8db0-436b-4adb-b1c8-c097111e04b8,03d3f588-52d7-42cd-8a2f-e1af80b1c7a0,322c6e80-97a8-4988-8150-e20cc6dbf456,7076bd54-248e-4bb9-b4b5-295e86d02d31;bf80256f-a773-4a03-ad02-5a6b92382502;0c4d5a3a-abef-41f1-b5ef-efcc9e43dc50;6c424c46-0e59-44ae-a82a-e0d4df8fdf83,bf80256f-a773-4a03-ad02-5a6b92382502;bf80256f-a773-4a03-ad02-5a6b92382502,cf1e6cd0-cbd6-4fa7-baba-7d3095468802,d4bb51e3-df87-483d-8ef4-d0173300062e,f90dbdbc-2f20-45e3-86f7-44882aad0efc,15e5e54a-dd42-4fc1-8bc4-0e69dfc16155,37dfc1ff-3bb0-4d55-8788-8d695f67f205,e943668e-cfe8-41f7-83d5-b8de7213adc8,98fe663f-7863-4296-bb4e-a478be30835d,01f1bd99-1716-47f0-b936-7f35235c18df,b1934fb7-1089-4f79-bcbc-c77e6c47cc5c;ea28c41f-1885-4123-b929-51f66e86366c,763d895b-e2ed-4805-b584-a3c068d168cb,7cdebb58-914e-4177-812d-03b52b1abd04;c29315d3-7743-480d-ba69-783e11af73bf;pl;115;2000000;;;/film/Ciacho-2010-533535;tt1596722;0;0;0;0;0;335353;258084;133802;100412;41126;46673;0;0;0;0;0;0;0;0;0;0;0;0;0;0;215971;178468;90428;64951;27923;38404;0;0;0;0;0;0;0;0;0;915450
308;4e82c21b-0fb0-4580-8615-870e0f6ba1ed;2017-11-10;2017-05-19;Ciambra;f0506edd-d123-41d3-ad36-1d31a8bb23b8;53;5cc43926-b969-438c-96fd-b135157d2d70,72ec866f-63cd-4c55-9ddd-40aee42787f6,caea0643-bba5-4da5-a4af-4c0ada570fd8,44b56503-19e9-4c2b-bdb8-0a91096415a3,8304fea1-be73-4d69-acbf-05ec4845073d,e18e4198-840b-406e-98cc-5eaaab974654,0c7bad92-6a5f-4716-acd9-b874df34b914,facd72a7-c1d4-4442-9580-63d5ef34d4d7;cb285eb9-3bc2-47ec-8a5f-e30cc50b7ac3;d8edaed4-aa2b-4b31-8916-c373eaa4ad97;cb285eb9-3bc2-47ec-8a5f-e30cc50b7ac3;cc88658c-9442-4aaa-8e3d-a908646ff0cf,1b8f4d47-c580-41cc-9f78-92afc70a57b3,7597e343-8edb-46e1-af07-06d88bd3151d,6b3fa8e3-cbb7-43d9-ae0e-012f38408430,44322cf5-a278-4682-8593-587e6fe5d158,a42da17c-852e-414a-8f64-713ff635acda,683c5ef0-8265-4272-bdee-eab9e98a7b48,4c1585ef-3984-43be-93a5-f760f56e1c24,0b114c90-014c-475f-9b1e-25b6fd2dad06,f4f2a78b-419d-4fa7-8160-bb3a2648ac7b,c38f612e-014c-483d-846d-86e614a30340,07370369-f8ee-49d0-9aea-b4e94d5d408a,59c8b587-d549-4986-87a4-fa9bbbf540a8,edfc9ed6-2a2d-428e-b7c8-214d0e118b13,1cb119a1-9113-4a5b-8bb4-a95f9b828b45,096c31d3-6d33-4bd4-a9d1-76aa638e8d54,86251939-23b4-4979-964f-46459ac8c6c0,7e6674d4-f04a-4b33-a808-fd47d5ac8f62;9bac93f5-d445-4a4b-bf29-ed644ac46a80,e373327d-e60c-43d2-afd8-41656c818ea4,972ce11d-3c42-4c2a-9db0-978776c5b3b2,9e3e6a86-8e30-4f3f-ae59-e53c48b0a68d,43fefd23-8b9e-4035-9b39-eab42bf407b9,d9cfda36-1edc-4df9-94b3-796235fda223,555ceb99-6e8b-4be1-9f58-f69ad85a2aee,42af4de9-6eaf-4337-b574-b9d600fa74d6,4f598e53-3d4d-40a8-9e82-1d72c3b2f1a6,1150c211-3a78-4a41-80f0-ff2c60609a66,b48e4124-35f4-4bca-8317-b60bed686564;244d82ee-fac6-439f-b523-145e08dfcfec,6614b794-9b07-4de2-837e-3aba6098ec7a,51d9043b-068a-4a31-a0fb-74719a5a6a11,dcbf781d-54a3-4734-9b69-a7e119d59fa5;it,en;120;2000000;;;/film/Ciambra-2017-787226;tt6802896;0;0;0;0;585;1975;989;392;132;91;90;0;0;0;0;0;0;0;0;0;0;0;0;0;0;1457;360;207;132;46;45;0;0;0;0;0;0;0;0;0;4254
309;2da94a43-0494-4c01-af23-d3d8851f0e98;2017-10-06;2016-10-12;Ciao Italia!;f0506edd-d123-41d3-ad36-1d31a8bb23b8,57366ac3-c349-4e55-ad5d-6f8061179e88,ddab39a0-2223-4d0a-90b9-63c057a4d810;58;07867902-3ab6-4408-b2fb-9f48b1719e40,b58c825d-f4d3-4414-9f4b-b30af9c25b43,5e4e052e-7c75-421e-88d1-ead6829341ad,b27ba08a-5df6-4a30-9430-27e09b424eb0,f004a668-272a-49d0-a0e1-22116b46aa26,df96c7b9-b6d8-4396-9758-8cc54fa932b9,a5aca07d-7617-4eaa-a4de-4ee270ed9817,cfaf2923-5e70-4718-9166-cfc89b85f62f,df5f84bc-9213-4192-905f-51e574aad24a,8fb5498d-cae8-4da0-bca3-0e31bc163536,fbda1c76-da0c-41f9-92b1-eeb5cdf5614c,159a5576-5486-4302-a750-2f8a6a70a577,121c14be-bc33-4a6e-922b-86b26d016e52,1688efbb-b1a4-4f6d-8631-391e0c119172;07867902-3ab6-4408-b2fb-9f48b1719e40;817a06af-b597-426f-8e5d-f006c1b2704c;f908c6a1-8e94-4de0-af34-2daf1be5925c,748aa57f-e584-4b4f-a151-e5c65bbc7010,07867902-3ab6-4408-b2fb-9f48b1719e40;2fd2858c-dfff-4986-b20b-4a1c9628c158,4e5e6c1c-c40c-4cf6-bd86-103312b4d0d6,3ebc917e-f92c-4946-882b-286a7be2b678,299768cc-93d4-4a7c-9741-d84421def5d0,890f14dd-9947-459e-b900-79cc12136c64;555ceb99-6e8b-4be1-9f58-f69ad85a2aee,42af4de9-6eaf-4337-b574-b9d600fa74d6,27a27a10-7602-4267-9bbb-3257476135f0,064d8d27-fa19-4a5c-b2e1-d45579f4d76f;;it;99;1000000;;;/film/Ciao+Italia-2016-749527;tt5263116;0;0;0;0;536;1810;332;138;91;0;0;0;0;0;0;0;0;0;0;0;0;0;0;0;0;884;176;76;0;0;0;0;0;0;0;0;0;0;0;0;2907
310;809b6e37-0b84-4c03-8eb3-cfb08b93951c;2017-11-24;2017-09-21;Cicha noc;f0506edd-d123-41d3-ad36-1d31a8bb23b8,57366ac3-c349-4e55-ad5d-6f8061179e88,73cf83a5-6b71-4792-8b19-211604a46f59;12,43;6ea0e452-6628-4164-aa29-e15cada805b3,e5ceb838-2531-4717-969b-dc992d279035,e595a886-d369-4fd5-ac9a-0571a795fa87,0bfcc984-4439-4697-b159-929e2d575ea2,cabe3888-7222-4d9a-801c-5572da0d90f3,0a8961b7-16e3-48ba-9854-9774ab4db1dd,471f8a07-6dde-4027-8085-1c172456fd36,6bcdd756-e018-449d-9db3-200db0747f06,14230505-49f3-42c5-92bd-f523ac8affee,d8e400f5-02e5-4373-9048-79d92d5d6022,e610772d-8768-4340-97f8-65d6647aa63d;7f84a19e-cc34-4f61-8bde-75a3e5b75908;34b67685-59b6-4f6e-b120-d5a4616fbe1c;7f84a19e-cc34-4f61-8bde-75a3e5b75908;b74f8c6e-9015-455f-8ea2-4da07b53f76e,3a281e78-cf5d-4613-aa53-c321a1076d5d,2d711f2c-2322-455b-833a-3c5e9f14862a,01fa483a-502f-4c90-916b-9a82daa79ae9;0a31708e-aedb-4381-9abb-632367732a7a,5f2c3d88-0cd2-4a58-a909-17d9110f614f,0acede43-f638-4747-8e13-68d189602f9f,cf30c55f-0fa3-4c89-88fd-885fa6a8e899,d771e04b-027e-44d0-b58e-69670c15907f;c29315d3-7743-480d-ba69-783e11af73bf;pl;97;3870000;;;/film/Cicha+noc-2017-790309;tt7133554;0;0;0;0;6386;109195;83439;84289;32532;15161;12747;0;0;0;0;0;0;0;0;0;0;0;0;0;0;58929;47165;62227;19152;4945;6817;0;0;0;0;0;0;0;0;0;343749
311;b2086dae-b0de-4192-8fca-c110df3267c1;2018-04-13;2018-03-09;Ciche miejsce;d31939d6-e42e-40f4-8e25-f18e47a1e035,6a5af1f4-128c-4ca8-960d-3f0f36d29764;11,90,127;d8a99216-c1e8-407f-93dc-1e11f6652ffc,db19a9fa-b078-46f9-9976-f719d87772d9,54ee4e09-bb50-4c22-aa3e-da0f3a26db9d,dd6850cc-d800-44a7-8694-f6e796dcf3e3,92914c96-cd28-454d-8e9d-6858c846bbbd,41f8339a-6250-4a87-9f1b-07199af72b94,018e83fe-49e6-4f81-ae36-124a892594eb;db19a9fa-b078-46f9-9976-f719d87772d9;f44346b1-d6b2-41b4-876f-1b6682aad3ab;db19a9fa-b078-46f9-9976-f719d87772d9,8b661182-4b12-4924-a92e-4e4c8f41abc8,ddad45b8-7a7c-498b-bb97-514da5a02dab;cd0d2c3e-b2bb-42e4-af81-a5cc45bc2214,e95d0609-083e-42cd-b247-2ff768e9ba31,6c4dcb88-5812-4e16-84e8-987664881a54,db19a9fa-b078-46f9-9976-f719d87772d9,dc6226af-146a-4886-b965-d419097be857,642d0d81-c568-4e0b-b3bb-9510a6cc5e40,8b661182-4b12-4924-a92e-4e4c8f41abc8,ddad45b8-7a7c-498b-bb97-514da5a02dab,a645ec73-a9b3-4874-89d6-b29768f5581b,19bfe862-5d5b-481d-8a27-4f44bdff76ee,57274045-ddd2-4567-8314-0f8482419d79,6f6be0e9-b0a7-4c15-8e48-55e5d3ba7888;517128a3-7b6a-4be4-bfc9-496e16269140,2fc2c6c3-3e71-4b55-ade8-dd6a7efb913b;dcbf781d-54a3-4734-9b69-a7e119d59fa5;ase,en;90;17000000;;;/film/Ciche+miejsce-2018-795912;tt6644200;0;0;0;0;0;68459;37071;32846;15395;9602;6317;0;0;0;0;0;0;0;0;0;0;0;0;0;0;40636;21321;14100;8954;5788;3768;0;0;0;0;0;0;0;0;0;169690
312;12680745-8083-4037-a246-998d8a51d9d2;2019-03-22;2019-03-18;Ciemno, prawie noc;c8692873-ebae-4261-a833-4378ab4e126b,1db1ac18-a83d-4645-9cb7-3c60a03012ba;51;b07b80cb-e6b0-4381-b79f-f358fb207a35,98555cb5-8bb7-4ea9-b492-f998238b0422,50b609bc-701a-4ef8-8e88-13bb47292762,c019abf5-0d6e-4795-ab17-72c0d140b6ba,d22d00ee-112e-4325-88cb-d3bdb530a908,3b90bdfc-7755-4ab4-b6be-04f1d99d30bc,a0cfce67-8a92-4569-96b8-e1cd173380c0,e8edce44-6749-4c06-b401-3f4ab010f1da,bfef1ea9-a98a-438c-bea7-d6a545121655,4cfe10d9-aa2d-4972-a982-87b635647493,0bce98c2-90fd-4ecf-9a9b-a802df9607bc;bbc2b0e8-12ec-4cf3-9404-0ac2b628ba5d;e71270d1-d648-42e8-b1cd-58315299e461;566cf9dd-ba8b-4bb1-87c7-1d175e713be1,bbc2b0e8-12ec-4cf3-9404-0ac2b628ba5d;347ec2de-e6e6-4791-bfc8-3707f503fbc1,7847a0bc-eaec-4281-848b-5b15f054f360,367b7680-446a-476a-bad2-24583f1c7e65,f38aa56c-2229-40fd-8ed9-397fab4600ba,1e4a1368-2f03-4f33-8481-9d2b609ad9df,5184f2fe-eeb4-490b-92bc-b326bcca1218,b57b7b9b-b948-4e2e-bd87-de3c721eaa4b,cbd284bc-debc-40f4-b56f-360ffec85fdb,a1517c99-1fce-4176-a9dd-c9cd15a40003,c7585e98-b4f4-4d9a-9264-8170eeb358b5,e91cc992-e026-452c-8813-36a19324d12c,1bd5f6d7-d738-40e4-b280-a1f3096cd202,71e9bd5a-56ea-4424-9541-7b8d10c9d10b,5fa5a882-7c5d-42cc-9b9c-856393500bcd;fa810b89-d61f-46e6-95af-1c8a701ac578,d861f3d9-12e2-40b5-b776-71d8810b7b0b,db133459-c259-4549-a040-1e1b8fe04597,2a68c455-6e78-4884-8401-cbbc36619109,5f2c3d88-0cd2-4a58-a909-17d9110f614f,f49b2cd1-fe89-43ec-aa32-a226e06b3d27;c29315d3-7743-480d-ba69-783e11af73bf;pl;114;5000000;;;/film/Ciemno%2C+prawie+noc-2019-797600;tt7790894;0;0;0;0;539;68587;37333;18057;8511;2115;4763;0;0;0;0;0;0;0;0;0;0;0;0;0;0;40998;23675;10972;5767;746;2737;0;0;0;0;0;0;0;0;0;139905
313;488c158b-4a49-456b-856c-7c018eda2d20;2017-02-10;2017-02-07;Ciemniejsza strona Greya;1bc8cbbe-fb9e-490f-a24a-e54e6013de4e;19,216;a1f7287c-fee1-4569-aa7d-97a844b3e991,ab511e79-5717-4457-b339-5288026e4341,26f4afd1-aeaa-45e4-8f00-e475da3ee5c3,902dc440-4892-4e34-9f60-2b4ee2b24f67,eb5b285b-d2db-4c45-adbc-9514901f83f8,1f1a4848-8500-4c2c-9138-ba369689499a,49e6703b-2a71-4a9e-80a0-f22c8fc25b42,51cbb957-0158-4226-a6a4-ec1a5d2675ae,685a5341-47e0-4614-8e69-aaced9727ca3,c19d724a-5c6c-4500-af2d-542865754bc6,8ff1d4f3-ce64-4b2a-a9bd-d7502d091b2b,3d675c8a-3e3d-4c6e-98f9-46a0d19704e6,80c9b46f-e7da-437a-abab-3dbb443166b5,ac7c58c8-6842-4057-ae2e-ffbc4e8e2447,b010759e-5f83-4bf0-bcf0-2e01604c88af,5856a8e5-6e9a-4ce0-ac68-0e26f7f32bd2,f76e827b-8f7b-4525-a662-f62fec616242,66abb69b-8b06-474c-a923-312174fd1c55;30b59774-68bd-4254-bdc6-e91191c770e9;f44346b1-d6b2-41b4-876f-1b6682aad3ab;b275e3a9-7e97-4e49-a8ef-4276de438956;2a666871-1b59-4cbb-8048-42ae24d5997d,93de2946-0392-4b79-9240-584167ea0b0b,9822ad8b-a4c6-4d43-a590-f298d51d7d08,873528e3-1ef7-4362-a2c9-42819bb562b9;e5886614-70b7-4297-b71e-0ed0cd8b40a7;dcbf781d-54a3-4734-9b69-a7e119d59fa5,270542da-ad6a-4404-8f03-01fd73a4c545;en;115;55000000;;;/film/Ciemniejsza+strona+Greya-2017-735860;tt4465564;0;0;0;0;5850;931584;335849;117328;48973;25421;8017;0;0;0;0;0;0;0;0;0;0;0;0;0;0;500757;220610;76990;27076;16891;5647;0;0;0;0;0;0;0;0;0;1473022
314;87a4c591-f1db-4164-9a5b-7ebbb9ba4211;2017-03-24;2016-08-25;Cienie;1db1ac18-a83d-4645-9cb7-3c60a03012ba,d34b4e2c-74ce-42ab-b438-86fbbdcaee15;17;863b00eb-1f8d-4a89-81f9-64381472c7ce,870c4a22-145e-4b37-b281-d1ffb759bf52,f9f01ddc-1436-4241-aba3-5caea9883ff1,a35eff9d-3d0a-4610-9177-18d3d8d9d052,c8c7b7de-6d7d-4c34-a346-4fabad966325,c55f7a18-b713-4ea1-b087-4dbc31c012e5,135d43fa-c0db-42ac-88a5-3e352c644481,02be14a2-1e72-4b60-8c06-2bb7ce18156b,4ff3f268-81d9-49f4-8181-1503de57670b,5c04b7d0-45d1-44fb-a10e-6321c03b4ab8,763feaf5-192b-4368-a29a-bbc2bb7cef29,25cbfe4b-23fa-49f3-94e2-e794cdda4c8d,29dec182-e4fa-4c61-b707-dee94ccf3766,5d953db6-03e2-4c01-b2d1-f7797a4296a3,3d7cb39d-aec6-4881-a678-42b90d205938,55e222f9-0cb5-4f83-a3d4-f49f0040d3a3,1eb692b7-c0d5-44d3-8f8f-25b1f9271baa,abd7607d-20ac-443b-81b9-ac6079711f1e;bbc6d790-1bc9-4c49-9d77-ec12d3926773;817a06af-b597-426f-8e5d-f006c1b2704c;668ed4b9-e7de-4f53-af83-63ea4643f4f6,bbc6d790-1bc9-4c49-9d77-ec12d3926773;f9d08dea-d641-4fa5-a5c7-c03af18822a5,98fd0619-6f2d-4454-9e16-d6aba37c594f,e53b1b77-9426-4fcd-b6ea-a08e994768bc,b4ba5f4e-ed62-4016-a177-1e6aefacf563,1000c099-2419-4cd2-83eb-dec909ec5778,7c7761a8-beba-47bb-9abe-bbd067b4cb15;e64ba292-9283-40f2-8f91-0fac163db66f,3a9bbbc9-04a6-4f0f-bae4-0a2fd1844870,d1d7aa18-6a2c-4f5a-aeee-6d9973cc4c03,3644f5d3-cf09-4cbf-8f69-52812d61ba82,dc0bb6e9-9445-4cf1-9e3f-2865522fefc3,cb057b3b-1d00-445f-81f5-64747d85614c;51d9043b-068a-4a31-a0fb-74719a5a6a11;fr;88;2000000;;;/film/Cienie-2016-760979;tt5231916;0;0;0;0;0;0;0;0;0;0;0;0;0;0;0;0;0;0;0;0;0;0;0;0;0;0;0;0;0;0;0;0;0;0;0;0;0;0;0;0;0
315;6af7f88c-9d4a-4664-8543-d277e05a126a;2019-07-26;2019-07-26;Cienie imperium;2c2fd51f-d2b8-4fb5-aec2-faf911088642;63;;b06f9b1e-d0ee-45e6-933a-f01fa847edfd;57c198a1-e2a8-4e2f-8241-ca8a6e2b8c5b;5c4bf670-4d4b-4354-af95-ea984444ff62,a529b96f-bdf7-4211-b01d-839d34176af2;ea3f3f5f-f239-4cb0-9fb6-5ce23026daee,5502355c-aa77-44b9-b0bb-a4bd4805f97e,f88f3ed3-9a61-401d-8d0c-d9fe3f57ae8e;5f2c3d88-0cd2-4a58-a909-17d9110f614f,47b8b7ee-4da1-49e0-979f-42a4329064cb;c29315d3-7743-480d-ba69-783e11af73bf;;76;1000000;;;/film/Cienie+imperium-2018-831028;;0;0;0;0;0;172;86;0;0;78;77;0;0;0;0;0;0;0;0;0;0;0;0;0;0;99;60;0;0;39;39;0;0;0;0;0;0;0;0;0;413
316;85cd94f2-90ec-4ca3-b68e-a7f43e915002;2016-04-08;2015-05-16;Cień;1db1ac18-a83d-4645-9cb7-3c60a03012ba;;d2abb3b5-58f7-4b3b-8f09-631431a5c21e,617d35c1-e3a9-4b12-b529-dc6b62d4fcb2,c3e5cd80-b302-4111-afb4-f72ab0623dad,ecaadcba-4c10-41ed-bad9-3fa1057afddf,0215ee0c-f052-411b-836c-de13afa8b580,a4befc43-24fa-4c1f-816d-4706ea668463,48f5fc8a-dcad-4087-830f-560b0a335dd0,98615176-c81b-4679-bc1d-c686ac97d712,634fdd7f-e0be-4792-9815-06f292a070d1,802faf1b-daf9-402d-9efa-56103f30acf0,e3c6f1fa-7da0-4fd9-854b-59c581901a77,0be8c69b-76b2-48b8-8e2b-1bd75e87415d,a2ad1b64-6c1d-4af8-aff9-5e06be7c959f,46ac290c-1819-431c-a509-0e2f7e9fafa3,d0d15b62-5d77-4ec8-a3e8-8978ab80e6b2,8d8356d4-14e6-4cc5-9af2-f6dbfcf83466;2ecdb5b7-6882-4557-ae82-93b3f6f11d2f;40be43ec-9db7-4ec8-b8a2-03903355aee4;2ecdb5b7-6882-4557-ae82-93b3f6f11d2f,b462ca5d-86bc-4242-a94b-148773b44129;1f0fb09b-1b05-4ff4-9948-2b790064c3ba,f9d08dea-d641-4fa5-a5c7-c03af18822a5,d92e9e6c-7b7d-4aff-84ee-c079f7e2a873,85b583d3-8729-45d9-b0cd-2504af27bdfa;53f9966f-b2a5-4a5a-a522-cd5604ddb226,3a9bbbc9-04a6-4f0f-bae4-0a2fd1844870,7a9890ad-6ce9-4cc3-aaaf-7bad93bdab42,85b0c869-66fc-4018-ae24-cc9f833e9a2c,4c19a6b0-0932-4538-9cab-5bd7efc08b41,8b7d597d-93ab-4455-bbf4-d1b592696034,131e4050-12f7-4aa9-98f4-cc0deec1eb25,fe31c645-c290-49b2-b043-387c34667f34,55191a4e-f182-43d0-ade5-75bd9bd052d5,db4bcb2b-dd59-4c4a-abce-1a03f3e1b43a,c21d205d-29e2-4c2a-b0d5-da0e7e00b024,1d315dbf-ea87-4140-bc2d-2c0f798268cf,cb057b3b-1d00-445f-81f5-64747d85614c;51d9043b-068a-4a31-a0fb-74719a5a6a11;fr;101;1000000;;;/film/Cie%C5%84-2015-730480;tt4085084;0;0;0;0;0;0;0;0;0;0;0;0;0;0;0;0;0;0;0;0;0;0;0;0;0;0;0;0;0;0;0;0;0;0;0;0;0;0;0;0;0
317;b2068ede-ecda-4d15-9906-33ccd66348e6;2015-09-25;2014-08-30;Cierpienia młodego Edoardo;57366ac3-c349-4e55-ad5d-6f8061179e88;;0890301e-3c0f-4705-b14d-ce7562c6e4dd,ad3f5abe-e496-437c-98fd-4c1b53b5a0e7,3e574b6a-584d-4cd0-87e5-fc56b0312103,9dd851a5-88e4-4b69-8503-e75a227b45e7,ad990f34-d760-4c5e-87ed-5a2453b5b224,3fe7f62a-9356-4c30-94d1-5fb9eb13b04e,7eceb002-90b1-4b36-8165-8d214e2e663f,cdaa5ae1-7f5f-488b-8107-3bf85eb3a557,621daa69-7847-49a0-9049-63d47e9e6c11,824fa734-94ff-4bf2-9df2-ea7391ef8ee2;65f1dc7d-6a34-402e-a14b-87167c676281;5c713a5f-2909-46e7-9bdc-0dd911c9ff31;65f1dc7d-6a34-402e-a14b-87167c676281,92d647c9-5382-4605-a8a7-00e780c631f5,23f2de05-11da-42f3-9b3a-63d975318f4f;65f1dc7d-6a34-402e-a14b-87167c676281,d6141c11-90a4-42c7-a751-dcd51366ba06,7e80ea27-7105-4bb8-8ac9-6d3256146f8d,5b44227e-65df-4ad1-908a-d4c19fdb3764,59d15f73-3b44-4417-b2c4-7765c34998f4;1618ce9a-0f31-4a1b-b982-5683a9749f47,e5720f04-6519-41fd-aa1a-063c9a60ddbe;b0233cad-fd3d-4140-b00b-28a045525410;it;86;1000000;;;/film/Cierpienia+m%C5%82odego+Edoardo-2014-725490;tt3976280;0;0;0;0;162;167;28;50;0;0;0;0;0;0;0;0;0;0;0;0;0;0;0;0;0;157;5;49;0;0;0;0;0;0;0;0;0;0;0;0;407
318;90c23621-4e41-4eea-a930-207a4a693101;2011-09-09;2010-07-01;Cisza;f0506edd-d123-41d3-ad36-1d31a8bb23b8,c8692873-ebae-4261-a833-4378ab4e126b,1db1ac18-a83d-4645-9cb7-3c60a03012ba;;a227b8c1-6f58-4bab-a765-27daf4dc8e16,6af8a5f6-8089-4787-88ea-04c69e60d185,286e9f6e-e741-4b9f-8a16-d9cf3ff04727,6fccc9ef-fe5e-476c-851c-daac03074d28,167ee4ca-6cd0-421e-9f70-3d6d85717cf1,8e884202-197b-40fc-85a9-4fdcb74ed5ec,8eb48c0e-3f49-4348-b68a-4bd02b5aa880,9fd763e2-8d76-46a9-a8ff-5469eafc59f1,35245e54-6b6c-4956-8957-ef2fdcb595c7,960c473f-d977-4d7f-8c3b-3c34cd574e11,b896ede1-17bd-4427-ba43-c0b857fef4e9,288879e2-97b7-47b1-a936-171e58652d40,a5e2904f-3e08-4858-aa3f-2e9a071f2c2b,636a96cc-40c4-4898-897d-4e561e88fb0b,2e645483-7257-4e2c-bb52-9620926bfdee,83e1723e-afe3-4eb7-98e5-1df53483c259;283e42a1-1cbb-4cb0-b625-016a1bee5d4a;f4b55c4c-9fd2-4c03-94c8-94c595093805;283e42a1-1cbb-4cb0-b625-016a1bee5d4a;d9e9417f-6e84-4021-9f79-0f606b063407,0704a650-10d0-4e7a-a9f3-4d67f06fd76a,283e42a1-1cbb-4cb0-b625-016a1bee5d4a,a0a57d3c-25e1-4ec2-a786-ab1f622a03ca,48746913-2002-41bc-9498-f8be5b8d765f,da396ff5-6a23-4f3d-a21d-5733a7cc1805,c09f43f5-00f4-43b0-ae83-29efbbc25273;b7142fe3-3f67-4ce8-8365-a7822e6cec74,1f6e6079-0b94-4e07-b407-da8fca2263d6,2ad553c7-2790-4e38-9eb3-4673a69202c3,0ea3c5ef-7341-4ce0-b6f2-7b09409535d2;6614b794-9b07-4de2-837e-3aba6098ec7a;de;120;1000000;;;/film/Cisza-2010-498146;tt1361835;0;0;0;0;0;0;0;0;0;0;0;0;0;0;0;0;0;0;0;0;0;0;0;0;0;0;0;0;0;0;0;0;0;0;0;0;0;0;0;0;0
319;c8101c25-344c-4b3f-8984-4dae959a8d2d;2018-10-19;2018-05-13;Climax;f0506edd-d123-41d3-ad36-1d31a8bb23b8;53;d115945e-8ae2-401f-93ea-7ea80dfac714,e4a75abb-55e1-4929-892a-84d3eb472f93,cd3dc47b-a06b-46a4-8ed0-5f85fd063f5b,f603adf8-e7fc-44c4-8894-73d1c21f1e50,9b3e914c-5275-46d3-86a6-6afc981ab5b0,afa733b6-1caf-4d7e-8b8c-88033dd55318,0f43b292-bd86-4f47-9440-53a8234201f7,084fb4a1-1cf3-42f1-a8b5-ad2a9ef8f19f;a06d089b-7f7f-4b50-8c22-472b2d9fa2f3;a4abfcce-d2ce-4ab3-becd-258c33b13102;a06d089b-7f7f-4b50-8c22-472b2d9fa2f3;a06d089b-7f7f-4b50-8c22-472b2d9fa2f3,4b618cd6-48f9-469f-9e8c-69e3eb2753d0,51d97f8f-24cc-4c54-ac9b-4fddcd2e7dc9,9a01992f-3bde-44f6-b66c-97de814e24af,cf23734b-43b3-4e67-a228-47bbcfa58ccb,d3ac03ed-6857-482e-a103-7740e1984ce5,c0f6468a-53f7-44bf-b3cd-6cee3e8c80fd,0194eb16-9294-46a5-b082-7e897a9fc83e,907f5bc2-3ab4-433f-b980-0f106c3c30d9,f1621568-2cdc-45bc-80f0-5fb4141c0e64;2c5d8ea9-e112-45fa-b1e1-d9cc62a3d27b,2fcb5aef-9720-4939-8372-83a75ff68e14,d02acb34-39ba-4180-ad04-2f88f2ea8f14,d7351a00-8a25-4260-a8e8-4894afc9c744,4999b79a-1b46-408f-84ce-3d5f28ee1bb5,7a9890ad-6ce9-4cc3-aaaf-7bad93bdab42,e369855a-d11d-4f23-95aa-2b8d50e1bc50,b302c1ea-7188-448c-b86c-946eca11ad91,c22eb237-b62a-444c-b568-cffc9c737645,3dadd698-d636-467c-94c6-9ec14b8b2177,8d54a5e5-c599-43b3-a9be-6c7432e3b7e3,6a7c4f65-3a30-4076-9b7f-77f65caec057;51d9043b-068a-4a31-a0fb-74719a5a6a11;;90;3000000;;;/film/Climax-2018-807718;;0;0;0;0;6029;12277;6779;3703;2102;1232;828;0;0;0;0;0;0;0;0;0;0;0;0;0;0;6095;3264;1502;948;551;522;0;0;0;0;0;0;0;0;0;32950
320;5a5a4e5e-5ba6-48b4-9788-e725be51f1c1;2016-04-22;2016-03-08;Cloverfield Lane 10;1db1ac18-a83d-4645-9cb7-3c60a03012ba,6a5af1f4-128c-4ca8-960d-3f0f36d29764;127;c283fb35-36ce-4e00-9896-714e1e21b78e,b2334f31-4868-4736-a010-252bde2fe826,c45f5f3d-5d49-4b7b-84db-7f8b38ce2eb7,9472370d-0aa8-4352-be6c-b7826f0fa98a,341e2ff8-9e41-4345-a6db-55a604b090d1,d5a9b6c1-c6a5-4d49-9ab5-6e9771d0e25c,69f7b486-8486-46c9-b1a2-7acfb1a68071,7b45f550-176b-46af-a824-4c3332dd9be4;b87b24f8-c451-4e6d-8320-2fe5b9c22d6b;f44346b1-d6b2-41b4-876f-1b6682aad3ab;3fff885b-eb97-4f55-bfb5-8fc78b210cfa,d13afa2d-147e-4abc-8f24-7b0fabe34187,2db6c071-885b-4b66-896e-8f800b392277;c6a92943-1a06-4068-b677-efcf3e89d2d7,4e261761-b959-4089-b45a-667ba4aa7a22,cd7a642f-50b6-4c52-9e3d-cda0cce9c842,8e80ea66-b85e-46b3-bd56-e5fffbe22f77,aafb26a6-75a0-4efe-b87a-f04cdad6828f,f4ba4e52-e412-4bdf-974c-68a13ea21d40,20c6d930-9dfb-4574-8397-2e5545e880ac,d57ae98a-25ce-45c8-9c6d-b33b5793571a,1aa2bc94-2379-4e9c-98d5-f6795037c4b7;8af27311-ecb6-4b00-8b75-e6a1f80609e0,b563aeb2-600e-439c-8538-b999f097b65f;dcbf781d-54a3-4734-9b69-a7e119d59fa5;en;105;15000000;;;/film/Cloverfield+Lane+10-2016-714080;tt1179933;0;0;0;0;0;38754;30183;12368;5877;1418;289;0;0;0;0;0;0;0;0;0;0;0;0;0;0;22591;14667;6693;3819;713;145;0;0;0;0;0;0;0;0;0;88889
321;3e89a268-08cd-4bfc-abe9-8a7a5a9de66e;2017-02-10;2015-05-18;Cmentarz wspaniałości;f0506edd-d123-41d3-ad36-1d31a8bb23b8,45434b4d-8a1e-4d0b-8fce-cd849ae707e0;53;a8c71df2-5fc7-401e-8587-6d8b3ed960ba,bf8645ba-ea21-41b2-8eb6-959e20e6f387,c36ae340-19d1-4dda-83ef-82fd825b03dd,c116e859-9a7c-4f31-9205-2777b4f836c0,11cef828-2baa-408c-aa09-c2f6cdd20a3a,9d79318a-149d-4cf2-bbdb-33a4c0cfb438,7b6e13c0-e26c-4656-8f0e-977be8b08b01,fb03992c-909e-4eae-a795-09b60a6d048f,50c45b7e-d392-44c0-b6c6-de206da2fece,8564a44e-e0db-4500-b463-62a6993ea761,6cd760b9-cfea-4530-bcde-bbe425a6a52b,285fcc6d-0053-4ace-8f88-aa3e8013f02e,53611d45-1eec-4fd1-841f-7493ab3fa488,65a0e1d7-3e66-4477-b6c5-3e5e6666f8c5,90d0a353-6225-4ad2-b8f9-d4c373ff6192,b489e91b-ca4a-438c-979e-750b5339e091;9ef98274-7add-462d-b3ec-8c743d4f93e1;01d1875f-b7b0-4de5-8528-e813904d923a;9ef98274-7add-462d-b3ec-8c743d4f93e1;675d615a-4b1c-45b9-a976-85b5c07044b2,8191e31a-d2ae-4728-afbe-920f78fdbe2c,9ef98274-7add-462d-b3ec-8c743d4f93e1,4cf0925b-e9cd-4c9e-a2f7-c3a23e9ce7a2,ca994600-e7b1-4a92-b8bf-74324c1089fe,140e8b5f-f55c-45ae-9fa3-248d498e4988,578442b4-46dc-401c-bfeb-ae6ff1cdf24e,ea2b98c5-b1b4-49c8-878c-530ab641f2a2,e9b7cf17-0fbb-4234-ac4b-1aee677302db,25723402-87c0-4841-897d-b788a62b39d4,de4620fc-42c1-47b8-af87-9912f9e635d0,92502947-ea3d-4fcd-9f24-d0a62b2818d0;a93c392b-d905-4f72-9f5b-610db72cada9,1148273a-0be1-439b-b310-9a9d59d69171,7a9890ad-6ce9-4cc3-aaaf-7bad93bdab42,895f4047-a5df-4f19-b777-988896c621d6,a37d9a4a-c4bd-44d1-840c-ee1d0b82ce72,430e9c88-6ec2-4484-8ed5-7adf59a46890,b79d9b3e-133c-4cb7-9390-9d65f259d57f,f258745a-eb22-415b-bf9a-979b1401bb6e,2d15f7f6-9f2f-47cc-b4d2-83cfe6dadd45,7b1eb677-9b43-4a73-a8d2-b3e533a050cf,e6a1faf0-2a4f-4f0a-8ecd-b150e25b0182;6614b794-9b07-4de2-837e-3aba6098ec7a,51d9043b-068a-4a31-a0fb-74719a5a6a11,24fe046b-8fc6-4b83-beb0-559d15bebb76,dcbf781d-54a3-4734-9b69-a7e119d59fa5,7c3c6900-cff1-44d1-8e05-b71f752b95d4;th,en;122;1000000;;;/film/Cmentarz+wspania%C5%82o%C5%9Bci-2015-743084;tt2818654;0;0;0;0;0;1697;39;181;0;0;0;0;0;0;0;0;0;0;0;0;0;0;0;0;0;1350;39;91;0;0;0;0;0;0;0;0;0;0;0;0;1917
322;1d25d534-dd5c-49c0-b40f-e287ddb00fc7;2014-02-28;2013-05-19;Co jest grane, Davis?;f0506edd-d123-41d3-ad36-1d31a8bb23b8,c411b135-0438-40c3-aa2b-88f7c4192e16;;cbe5534e-e19b-4f1f-add8-cd31c33b8158,2fe1a015-22c2-4e6d-9499-76847b827cfb,c283fb35-36ce-4e00-9896-714e1e21b78e,632738c5-bdce-4f8e-81f6-5dbabdc1b458,b590ca35-2ee6-4358-b6ba-3ed4f6feb7e2,eaa84d17-8719-44d9-917f-8cf16a762185,696a2158-e16a-40fa-842c-1b76002edc0b,ff8a0f70-1e23-41d8-90d8-6dea87fbb36d,7769d5ab-3cb8-4ed7-89bb-f138581357b4,652ff426-1c9d-4e1a-a5e6-e748d109a21b,3e89164a-1159-4740-b6c1-b3286928f339,51531cd1-e75d-4dbf-9565-428ff5d62266,5195b511-1df6-45ac-a15e-d7cf3344a7a2,02852cfc-2dd5-44ef-b63e-8e38750127af,8ec0985a-e76d-441d-a8cc-7334268f0e2b,17bfce0f-3c77-4a29-8797-e93fac9dfa66,611c01a6-4249-4029-8670-9efd45d557d0;2666f944-27d7-41f0-844b-f53bd811111b,094a7bd4-ca3c-467a-ab1a-b14d8a43fb20;ecd9c3db-dafc-4610-9b38-ec1b6dd308a9;094a7bd4-ca3c-467a-ab1a-b14d8a43fb20,2666f944-27d7-41f0-844b-f53bd811111b;094a7bd4-ca3c-467a-ab1a-b14d8a43fb20,2666f944-27d7-41f0-844b-f53bd811111b,48c8deb1-a555-4711-a977-5659aab5a2a0,923a1e9f-ce12-4ed9-980d-a5ebf8c18c47,37e01875-bee5-483d-99f5-74213b406bcd,2ad8d80a-2cea-47ae-b407-7a14882f0e99,690283d8-6e04-46d1-a65c-4fe5139b0cb9,1b2ef041-b238-4544-ab16-5718b7ce2371;6e73a38f-e640-4fb5-9b17-bab8a7a5d24c,3ccd35c9-40fd-4838-b31b-93dabb655353,dd1ee7b8-6ff0-4f9c-92c0-bd73e9179d14,620ef4bc-6df8-4d90-b1a2-b03208aa08e2,eaf9a396-2e24-44a3-a90e-a82537d9c7d8;dcbf781d-54a3-4734-9b69-a7e119d59fa5,51d9043b-068a-4a31-a0fb-74719a5a6a11;en;105;11000000;;;/film/Co+jest+grane%2C+Davis-2013-633150;tt2042568;0;0;0;0;319;18051;10798;3160;1115;1854;334;0;0;0;0;0;0;0;0;0;0;0;0;0;0;10790;6463;1679;549;1575;167;0;0;0;0;0;0;0;0;0;35631
323;1aa6be95-2aff-41a5-8449-790bb51afd58;2010-04-09;2009-04-22;Jakby nie było;516495a0-f121-4086-9b59-41a2d17bd118;;897cee81-8c8a-4e72-bd48-5cc926094cc7,5978677a-58a4-4b4a-94f2-5c1ab15ca5b0,c33ece89-c438-4031-8610-34233fddc7ea,a36b7925-98fd-430c-bb01-39a353f120d5,fa14960e-e484-4c84-a196-80496eef5643,0f8d3bcc-a665-46c7-a6a9-f6a2a8108379,5f7acec3-5e05-49a5-86b6-bb369bbb0e06,c8be303d-32f7-430d-a7ee-ef41cde27e68,b88f0941-bfda-40b5-8f84-7b51458c01bf,1efba446-51f5-4f04-94c0-335b7cc3c160,7fa29a5f-42e2-4e73-996f-0db0e8dd4c9e,c45f5f3d-5d49-4b7b-84db-7f8b38ce2eb7,b862992c-f8ee-4cd1-b5c0-2d411dc591ee,891d01f0-6bad-44f0-9018-ef740734638d,071d7ea3-e4bf-4f1c-b2eb-846b0d60084c,bf40b2d0-7782-4313-b301-a2e00a5b3c63,a414b7e6-3a45-47d9-979b-f2120eb12374,690784a0-5561-4166-b065-5acca3ea4dc3;29eda06a-bedf-4353-96cc-da5d3b0b7ee2;e71270d1-d648-42e8-b1cd-58315299e461;29eda06a-bedf-4353-96cc-da5d3b0b7ee2;f57ec411-9e5d-4b40-b111-0542fea7942b,a271d2c2-b552-4ad0-bd0a-c24a30d98348,c08e8a97-f929-4e53-885f-f4516bb9c6fe,9a01992f-3bde-44f6-b66c-97de814e24af,c0f6468a-53f7-44bf-b3cd-6cee3e8c80fd,6844bf71-8418-461e-8746-32c0cb1fc166,45567906-3f79-458e-9614-e479d4e88dfc;43b59083-19a9-47f8-927c-8e75096d59b2,b65a1c87-511c-4680-a0ce-39fa931fb1f6,f8290d18-5bd0-42dc-8f54-f58f1ddf8e78,6a7c4f65-3a30-4076-9b7f-77f65caec057;dcbf781d-54a3-4734-9b69-a7e119d59fa5,51d9043b-068a-4a31-a0fb-74719a5a6a11;en;92;15000000;;;/film/Co+nas+kr%C4%99ci%2C+co+nas+podnieca-2009-480036;tt1178663;0;0;0;0;2387;52390;50207;51468;59091;36367;28143;0;0;0;0;0;0;0;0;0;0;0;0;0;0;32772;19643;31505;30416;22867;17910;0;0;0;0;0;0;0;0;0;280053
324;d7f9e9a1-cc42-4214-9e46-3e5080df06e5;2016-08-19;2016-02-13;Co przynosi przyszłość;f0506edd-d123-41d3-ad36-1d31a8bb23b8;;751c5f4c-8dc9-4259-ba78-1cd3bdd93f28,44951b2f-9ae8-4fbc-ae71-5c74a123f707,1f8eff80-b42e-48ba-8b4a-e4ad112dcd0e,415e5d6a-2e5d-40f5-b1c2-44426aca0a8d,6b742e9c-e8d1-4c94-aad3-324a25cc7d0f,b33bb90e-31db-4762-ada2-c9d577303992,8d104913-1886-446a-8b41-d646c2464c96,196aae86-a40e-4c8c-a838-aeaa3b990643,0ad43655-4c73-4707-8624-f7b9375589b9,e322db37-78cb-4478-94cb-647d2aae9f01,d4806d8d-260a-4bbd-bb8b-2c791e467e3c,b7dae97e-c658-41b6-92a5-41688da82b32,6bf8604b-9fa7-4e7d-b609-74acd3dd6af3,4e4ff3d3-86a6-4578-93e5-56e0d334b636,bfba174b-41c3-425f-b6c3-8d06dd84d912,88b5ab36-3ca7-4a73-89b4-8af825ba77a2;79634248-e6c0-48d2-a77c-27d3ed5a22ba;1886bb61-6185-44b0-849b-ed26b23b5074;79634248-e6c0-48d2-a77c-27d3ed5a22ba;2818d792-a651-42e5-90f1-4fd1fb08e286,ff458d61-2c00-4534-9983-7f10253733df,91d45c9d-32f8-4b0c-8fa0-56f5dd515627,da226d06-1a81-4230-865a-6288ebf63cf3,907f5bc2-3ab4-433f-b980-0f106c3c30d9;2fcb5aef-9720-4939-8372-83a75ff68e14,d02acb34-39ba-4180-ad04-2f88f2ea8f14,3a9bbbc9-04a6-4f0f-bae4-0a2fd1844870,7a9890ad-6ce9-4cc3-aaaf-7bad93bdab42,5c0eb476-59b5-47e9-9c32-43f962b05f6e,033b39d0-811b-4d62-a80a-78b04602676c,4dfaac5a-4103-49e0-a843-8473b8e36a2d,6b2e02f0-9db2-4bc2-94c9-f41fa06f269f;51d9043b-068a-4a31-a0fb-74719a5a6a11,6614b794-9b07-4de2-837e-3aba6098ec7a;fr,en,de;100;2000000;;;/film/Co+przynosi+przysz%C5%82o%C5%9B%C4%87-2016-731223;tt4120176;0;0;0;0;3219;2979;1230;626;702;331;330;0;0;0;0;0;0;0;0;0;0;0;0;0;0;1260;484;187;309;166;165;0;0;0;0;0;0;0;0;0;9417
325;e755cc21-8d4d-48f1-83f8-f5bc9a5eb355;2015-02-27;2014-01-19;Co robimy w ukryciu;d31939d6-e42e-40f4-8e25-f18e47a1e035,57366ac3-c349-4e55-ad5d-6f8061179e88,08fe3b23-532c-4887-989d-c7ca280a6fdd;;ffbebcae-54b6-4a93-811c-470d0fca747d,02876d6c-6732-498a-9f0c-2550d10776a5,e5bed991-4c7f-40c9-baeb-78b326817534,bba7c78d-790e-4ff8-ab70-0a3f5e6fd2a2,efc4f9fd-199f-4057-a46f-82e59cbb4e01,12121f24-d155-4510-80b8-29f289be028d,aef57a52-dd63-4356-b89b-6f3fd33c7279,b1d202d1-c064-4982-88d9-f90f769fd30f,c9d9586e-748f-41fa-bf24-202dac55c864,8d8d82fd-4bac-48ed-9e8e-067f3d69c416,7951fb34-8a7b-4544-99c6-ffd1cc217ee9,858c3bf3-8be8-44f9-95ca-1b493f7812b6,882eaf9f-f47b-4970-886d-692dd3d66259,f5a1133c-882a-4433-823c-1cc06e1df558,7bdf9a40-e6ea-4b60-89e2-274c85341cc8,9f602634-9967-4ef7-bc29-0320187b82f7;02876d6c-6732-498a-9f0c-2550d10776a5,ffbebcae-54b6-4a93-811c-470d0fca747d;817a06af-b597-426f-8e5d-f006c1b2704c;02876d6c-6732-498a-9f0c-2550d10776a5,ffbebcae-54b6-4a93-811c-470d0fca747d;ffbebcae-54b6-4a93-811c-470d0fca747d,02876d6c-6732-498a-9f0c-2550d10776a5,c4ee9d69-1618-41b9-ac0b-efe2a8bcc43d,014b6c5f-8709-4c4a-9dc0-969703f446b2,bd8e226e-0d18-4662-bfa8-45f9c910ea36;84c038b1-e598-4b2d-917c-eef66ad592e7,cf14dfcf-9ea5-49fc-af2e-e26decd164c8,adc53e0d-f014-44e0-a2c1-8c9643522458,c8eec8ec-9477-4ab4-80fc-ad8ed2a00c1b;1bcfcd86-d925-4c61-89ce-00b38e268d7d,dcbf781d-54a3-4734-9b69-a7e119d59fa5;en,de,es,la;86;1600000;;;/film/Co+robimy+w+ukryciu-2014-707286;tt3416742;0;0;0;0;0;3022;1391;619;600;358;261;0;0;0;0;0;0;0;0;0;0;0;0;0;0;1701;820;401;165;159;48;0;0;0;0;0;0;0;0;0;6251
326;b7cf88c5-14ee-4456-b1e8-691eca90cb6b;2016-01-22;2016-01-20;Co ty wiesz o swoim dziadku?;57366ac3-c349-4e55-ad5d-6f8061179e88;;e425fa2a-9562-4792-98c2-e969e9e00c4f,487d774c-97d1-472b-b040-e40a764d9630,7d82bb10-1b27-4b99-b5d8-7e2414b64719,3f76ec0e-cc1f-46a1-86dd-31243ea8df61,b09fe33f-753d-4f66-bce8-80609073b2ef,55c9f299-a6aa-4a1f-bf14-46121158dbcb,e18018c4-30cc-4c89-9334-48106112001f,6f063bd2-dc14-4751-8931-822bf2643248,b0f7fc5a-4926-42f0-8852-e898bfa27dde,06b54739-dd8d-4f27-ba2a-7468321d33f3,6f51c671-4f35-4fda-8a69-bc48a17d92f8,41da63bb-43b8-4b99-b736-c199e832f4e6,e04e064f-5541-400e-8d5d-fbda2b6aa58d,8e7b52e9-bb00-4c7d-9e63-13cb46c44f73,fb81c9b8-b19a-4129-aab4-b63ed074107f,c8747743-96d2-4b42-8092-bdd69056afa7,dabd9713-1c46-40b1-a57c-59a168145522,daf3c1aa-af5c-493c-aeef-e2ede9f48ea7;80b11ce4-81fa-41e8-a36c-7026c984cbb4;6dc7f7ed-6e1c-485f-ace0-6547ecb1abd2;7c39f1c4-3f66-4f07-be76-64dbc0afa723;e5861bce-9127-4b75-99ea-74eec6f5991c,1f851af3-b6ee-4a15-97eb-bcd053ed48ea,7c442393-096b-4e05-b9c2-a3570c91866a,37ff1f6c-6527-41ca-a6cd-9f9751cc446f,e68d7342-6757-484f-8644-3ab3f7d5e490,c0e8e8e5-aea4-4eb4-af92-6251c071c5bc,e07e4d6c-d2ae-4e7d-957f-952a6f56c2c6,05899050-152d-4130-bb99-18fc8bb4fa3b,7c39f1c4-3f66-4f07-be76-64dbc0afa723;1dbe8b5d-cf4c-4fda-8b37-a0649f561093,509e67cc-5a90-40f0-b61d-2730876dd580,9e2456f1-56ab-49d1-b215-3b526d40458a,199c28cc-9836-4739-a56a-85ec5bab268f;dcbf781d-54a3-4734-9b69-a7e119d59fa5;en;102;27500000;;;/film/Co+ty+wiesz+o+swoim+dziadku-2016-723658;tt1860213;0;0;0;0;0;71235;60254;29667;18554;4552;1941;0;0;0;0;0;0;0;0;0;0;0;0;0;0;37772;34530;16788;13144;2925;1412;0;0;0;0;0;0;0;0;0;186203
327;978c732a-9ff3-4812-a0b2-e087dffc98d6;2018-07-20;2017-12-13;Co w trawie piszczy;4fc66943-7c2c-4e0c-a93f-8f7abb752c8c,57366ac3-c349-4e55-ad5d-6f8061179e88,9a150cd3-6c32-4b58-b1a4-aea6992c564c;64;4fd9268d-200a-42eb-85ef-83d356aadfa4,9d7e2670-4ac9-42ad-823a-0d6997623813;a415fd9f-c1dd-4566-aae8-6ec4eb22dc31,1976d172-7f90-41bc-914e-f2f8213c7b18;6dc7f7ed-6e1c-485f-ace0-6547ecb1abd2;1976d172-7f90-41bc-914e-f2f8213c7b18,a415fd9f-c1dd-4566-aae8-6ec4eb22dc31,ca9a9129-ad6c-45d0-9813-6e7d54efa91e;;20ca6e8e-567b-4667-b374-5c502b1bd13b,090101fa-ed1d-4968-a6a9-ea0be1ac3a23;51d9043b-068a-4a31-a0fb-74719a5a6a11,03aa0c39-3180-4314-80f0-e1abc5482cd9;fr;88;32000000;;;/film/Co+w+trawie+piszczy-2017-806895;tt6314766;0;0;0;0;0;28285;22809;6600;4800;1779;2054;0;0;0;0;0;0;0;0;0;0;0;0;0;0;11494;9683;2779;2621;733;1345;0;0;0;0;0;0;0;0;0;66327
328;1a668390-0103-4c00-9f76-b2d05865a8c2;2017-12-01;2017-11-08;Co wiecie o swoich dziadkach?;57366ac3-c349-4e55-ad5d-6f8061179e88,73cf83a5-6b71-4792-8b19-211604a46f59;;d3bcc0de-7701-46ac-a831-504e669bdbd2,ce471366-b45f-4043-b2b1-a0df2e021ef2,817af4b5-6bba-46a7-a3e9-efdfdd8b7a3f,2a23cb5c-e2c8-4276-8a3f-72f9f8f79827,389b4815-9b0b-43ab-88b2-02bc5839dcf7,ba936c69-43c9-4f5b-9f87-4ecf1490bc7f,05fcb37b-3dcf-4830-a866-291f6e929ea3,c8ba0a77-933f-42c2-b4ff-3782abed23a6,b10df5e5-e754-4f20-aca4-9352eab71386,53928b79-88ac-4458-9f30-14904e774269,fb119115-b8a3-457d-a798-3e6968fb0999,6cdde31b-afbf-4413-a125-d7575b326123,e6736af1-a638-42a6-b7fb-e13d56dc7bea,e9520bb3-9de3-4b99-ad4b-98cb60ada462,d41957bd-e8c7-46d7-96e9-212869c9d195,33c2e18d-7796-4200-82f5-6a9198be20d4,4e782185-e082-4c47-a8c8-c7a459af88ab;7ad016cf-74c4-4821-9295-0d96fe979896;f44346b1-d6b2-41b4-876f-1b6682aad3ab;7ad016cf-74c4-4821-9295-0d96fe979896,b88c1f36-1cf7-4791-b20a-408eca960f55;ce471366-b45f-4043-b2b1-a0df2e021ef2,d3bcc0de-7701-46ac-a831-504e669bdbd2,7a86f154-4603-4888-8c87-41ae842fb321,1f5bb108-0135-4069-a5ac-63dfb587fb84,d14b996d-a7f6-4782-ae6c-2e3cbec87c83,baa2bb64-6bf2-4e1d-8195-fc59549ec62a,7ad016cf-74c4-4821-9295-0d96fe979896,586c2797-34a5-4343-8e00-f2ca739ade6a,2063e3c8-970e-4036-ba26-2857d2260658,a9fa3719-5c58-423a-ae52-588ad30369de;b563aeb2-600e-439c-8538-b999f097b65f,e1808162-a98d-433a-bfe6-df725d3f406c;dcbf781d-54a3-4734-9b69-a7e119d59fa5;en,es;100;69000000;;;/film/Co+wiecie+o+swoich+dziadkach-2017-772718;tt5657846;0;0;0;0;0;46023;45098;13061;3912;1004;134;0;0;0;0;0;0;0;0;0;0;0;0;0;0;23728;32971;6974;1338;717;67;0;0;0;0;0;0;0;0;0;109232
329;cfe97e15-5bf9-4f37-aecf-989797a0fa87;2010-01-22;2009-02-07;Co wiesz o Elly?;f0506edd-d123-41d3-ad36-1d31a8bb23b8;;b5827f75-a31c-48f6-98dc-eb3d7ddc5098,89acb282-9f60-495d-a602-9a78bd92df59,2b99e399-3ea9-4fcd-aa93-fde96632a64d,4aaf47e6-6f1f-4192-a036-92a00ef7b3f3,9d515c22-e61f-4371-a12d-97f61028d886,ca3bc552-b3f4-4424-823d-06c6d24048d1,3532dc80-f2af-4bcf-9a61-02699e1adb1e;3ce19b29-0008-48b8-a4fb-27bf139edcf2;f46c9a58-5cc8-4721-b6ec-0da078def06b;3ce19b29-0008-48b8-a4fb-27bf139edcf2;3ce19b29-0008-48b8-a4fb-27bf139edcf2,5b217bf7-6617-4c57-86a7-d8903eabc753,ecca23a6-745e-4760-a12e-60776291c544;faa7ac52-5147-4616-a0c1-416140060c20;b0233cad-fd3d-4140-b00b-28a045525410,51d9043b-068a-4a31-a0fb-74719a5a6a11;fa,de;119;3000000;;;/film/Co+wiesz+o+Elly-2009-498813;tt1360860;0;0;0;0;0;0;0;0;0;0;0;0;0;0;0;0;0;0;0;0;0;0;0;0;0;0;0;0;0;0;0;0;0;0;0;0;0;0;0;0;0
330;8ab1af9e-b02f-482c-bd99-afc12c6c3973;2011-05-15;2011-05-15;Code Blue;f0506edd-d123-41d3-ad36-1d31a8bb23b8,10733816-1bc2-4e92-a7ea-b96846b4d54a;;16fcccf6-0345-40a9-b0d1-d1ac7d8bb5cc,7ce6207b-8348-4feb-83b3-9b5cb74c8c00,c348b97c-7327-479d-8f9f-eb43abff6636,ffd58301-c092-4251-b422-8fdefa475b83,3b26084b-a0c2-464a-89a0-0dfadc03ce4f,a007f8d1-a787-4dec-bde4-b9878488cb1d,f9ab887f-5f09-4336-946e-3ce99cec45cc,9d3015a4-eb26-4fe0-9730-d747c6184c33,b482e695-7eb3-4da8-8618-80406b2f517d,ad7f19f7-53c7-4f3d-8bad-c652d05ee822,201886a9-51d2-4069-aa30-523a8c0e0651,e1308688-cda8-47d2-be04-05c9ce236eb0,221ef638-477a-44f7-8f27-a79bc7b3b2bf;938c0599-22f4-4c61-ac3d-14191674869c;01d1875f-b7b0-4de5-8528-e813904d923a;938c0599-22f4-4c61-ac3d-14191674869c;b81367eb-9db3-4615-8011-18e00ac08f17,77296bed-fba5-45d4-9d4e-47a4ffab165e,4a699866-2e58-46ae-9664-093afa3357e0,d7fe38a4-1f03-4848-8336-6212644ff76d,34e71027-cb68-485c-b306-0916507abe92,a023bb22-bc99-4d21-9c40-288f12ce3cf4,d10987e1-1995-4a9d-9c81-d5dfa6a0d13c;abca712f-53e2-4f8c-bdb9-8b4ed3852246,3283a028-b189-4dd7-b934-be01564ba6a8,39593afe-f0b4-4cc2-b7fd-92be70c9923d,9d8b1218-20af-449b-a59d-72c89336733b,aa7234de-ed8c-4055-9806-14e0e1aa32bb,7f5f75f9-a754-4d32-a1ab-f854453656ce,5be0bc6f-8ead-4f22-b795-6dec686d34d6,ef69f72d-fee6-4f23-877a-2ef626a83b84;1b7463ea-f722-4147-a4b2-261b08bede20;nl,en;80;3000000;;;/film/Code+Blue-2011-618821;tt1843880;0;0;0;0;0;3209;1293;980;758;626;802;0;0;0;0;0;0;0;0;0;0;0;0;0;0;2031;885;563;507;434;504;0;0;0;0;0;0;0;0;0;7668
331;8258900d-e7f9-4e67-9437-229351b120b3;2011-12-30;2011-06-27;Cokolwiek się zdarzy;57366ac3-c349-4e55-ad5d-6f8061179e88;;085b071e-71e1-419d-b30c-19ecb4cabab8,f46b89d9-1d18-47fb-bddd-51d126a3ef6d,fdbb28d4-5110-4c87-80de-604d1b0248a1,9b43dcec-d25f-4216-abd3-27533a881709,711df12d-b2c3-4d05-99ff-b39dbb4cb859,5486b34e-4132-459e-8b37-9d14d7be5704,5ff6344e-b1d5-42d8-a67f-ed95e7f7326e,1bf7f9e0-e082-4cb7-be38-31d82921d286,3dcc21df-c7ac-4098-9c8f-b947b34a1e4b,03e5135e-87eb-44d3-a244-495cfe55c93c,6e98c69f-ce50-4654-9d98-3251e714cf63,cba8c18d-c9fc-4e21-a40a-c1c9d29c104c,8ccd46e5-b4bb-4851-83c2-a5702755f91e;44db8043-4748-4d64-84fe-0fd57d179a8c;f4b55c4c-9fd2-4c03-94c8-94c595093805;44db8043-4748-4d64-84fe-0fd57d179a8c;44db8043-4748-4d64-84fe-0fd57d179a8c,a2b42ec0-d7aa-4bd9-bb4b-e904389e63f5;;;ca;81;2000000;;;/film/Cokolwiek+si%C4%99+zdarzy-2011-627992;tt1852874;0;0;0;0;0;938;257;112;0;181;0;0;0;0;0;0;0;0;0;0;0;0;0;0;0;608;192;74;0;0;0;0;0;0;0;0;0;0;0;0;1488
332;7e8ef997-f6be-41bd-a793-c7102f007f6b;2011-09-02;2011-07-27;Colombiana;f0506edd-d123-41d3-ad36-1d31a8bb23b8,d34b4e2c-74ce-42ab-b438-86fbbdcaee15;;ddc74516-cdde-4f8b-9443-217672ff1f24,e2ab9e18-dad1-4875-b642-e5680749cbcf,4d922dad-ab7f-4ce6-bde7-21a8756e5618,66e83021-a1cf-4b60-8af7-c7d2f23c9706,6cd25eea-7a4f-45ba-900a-7ad52bd83614,0232a370-2769-46bd-b071-7ed44510c8a8,7862f119-4834-4b88-ad93-5bb5728bbc6a,7c67c826-3fa1-40c2-866b-fedcfe2c47df,d322c9cd-3038-41ac-bd99-8af4999702fb,50ab6861-2b48-4a78-9d1b-375c95b41770,a5886b39-62ed-4cff-80c1-2506ce617305,5519c1d4-d29f-4738-9a26-66bae7ce1e2a,968e7e18-832a-40d5-87a3-b9f7f55379c3,6a2ae22a-e8f9-46cc-a74e-b9f941dbca42,87423c0c-674a-4fa2-9a1a-9439bc17d7dc,bff1bf74-6e43-4ab3-ab4c-54ad835c1722,6c3dace9-59d1-43e2-a8fb-29944693a87f;c7529cf7-09f3-48ac-a93c-5f5f1eb55f5a;6dc7f7ed-6e1c-485f-ace0-6547ecb1abd2;60172139-69ac-4e59-b947-0ca92b438f9b,f449db9c-f6f0-46f7-ad88-9823b264bfb9;60172139-69ac-4e59-b947-0ca92b438f9b,4e1ec5e2-2835-4bfe-9252-e670af155666,2ae1f381-957c-4cbb-a653-2cc25fc00b60,76ac073f-0540-4cbd-a571-d0043db45e1b,00cbd568-6a43-42a9-8db6-c1ac7ef0329b,768d2d59-126b-4bb4-bd37-835a0912c138,2922f8cd-14ac-4af0-9a5a-2facfdb6da5b,8638ee84-d24f-4f9e-95b2-12210c74a70c;eaed47ab-b055-4e10-93f2-37154175985f,75b16551-b088-47fc-af4f-c9b546ca2dac,40a6ab76-9c49-4bc8-b762-1b34239ee4ce,e6865375-e967-41de-9f61-28c663fdf4f3,95b9b853-3b00-4667-95ee-4b8f17e2a948,b1a983f1-2d42-452a-a3e3-6a974071bc0b,95e91578-e82b-49ca-8af1-47a91b5f1a82,4d8873dd-e520-4755-a653-be7d59e38a1c;51d9043b-068a-4a31-a0fb-74719a5a6a11,dcbf781d-54a3-4734-9b69-a7e119d59fa5;en,es;107;40000000;;;/film/Colombiana-2011-573838;tt1657507;0;0;0;0;0;29639;22428;11624;4452;1616;376;0;0;0;0;0;0;0;0;0;0;0;0;0;0;17401;12621;6679;2807;915;189;0;0;0;0;0;0;0;0;0;70135
333;a22849e7-e65f-4bba-b58d-db2cb751dfaf;2012-11-23;2011-09-10;Comic-Con Epizod V: Fani kontratakują;2c2fd51f-d2b8-4fb5-aec2-faf911088642;63;6d2da10c-4b97-43ee-88df-56eb52093318,25fb0650-3c7d-491e-b32a-61a93b392f83,45fd7529-80d6-4285-827d-a2b4a644246a,690c8d35-df49-4344-94c6-208983b30a59,498888b4-6d59-4599-bb62-a1dbb33668e9,a4569fa0-217b-470a-886e-2c413af11924,c0a8107a-94b8-4f26-a871-8867a3de1285,4ce7dd1b-ba88-4978-831a-204463cee356;3489c4a7-149e-443f-9341-addf48449b35;a4abfcce-d2ce-4ab3-becd-258c33b13102;3489c4a7-149e-443f-9341-addf48449b35,c1f9cf7d-b11a-4d75-bd4f-583546063606,41eb6e7a-2ab7-4213-90bb-24650c9569b4;41eb6e7a-2ab7-4213-90bb-24650c9569b4,3489c4a7-149e-443f-9341-addf48449b35,e294bba5-8376-4b48-8484-3b2ec7daddcf,690c8d35-df49-4344-94c6-208983b30a59,596e94fc-a67b-4697-a2a9-6b238ef7464a,aa382790-f5f6-4ccc-b227-a943bceb7ae0,019a7530-2a8b-4577-b2d4-3d4aa7348688,c1f9cf7d-b11a-4d75-bd4f-583546063606,15406f47-77af-4b15-a20b-ab452c95055c,08e93fbb-69d0-4199-8354-f7c4ecd11fdb,d5c7d2ca-4408-4f66-9294-08f156ba2766,a9a39f03-e7e4-4641-8d14-891163b0240a,18865839-c905-4ce1-88da-64c30e46d9ff,8a18903a-e220-42f4-8cf0-8a8f5cf2f4ab;3de49353-5126-40d7-8867-a93b1c2edfb7,4f5d2fb4-b454-43eb-997d-63b02be069fc,08832384-f988-477d-b3b5-f95903c7e637;dcbf781d-54a3-4734-9b69-a7e119d59fa5;;88;200000;;;/film/Comic+Con+Epizod+V%3A+Fani+kontratakuj%C4%85-2011-636660;;0;0;0;0;27;253;90;16;51;20;19;0;0;0;0;0;0;0;0;0;0;0;0;0;0;100;37;6;20;10;10;0;0;0;0;0;0;0;0;0;476
334;f698c085-ebe5-46e4-8a67-1e44ac8bc3ec;2020-10-30;2020-10-28;Come Play;d31939d6-e42e-40f4-8e25-f18e47a1e035;;e291fe79-99c7-4f73-9564-8cf10c2abeda,072e00ab-bdf2-43a3-abc5-f51a4bc9ea68,c45f5f3d-5d49-4b7b-84db-7f8b38ce2eb7,7563ad8a-7bbf-49b4-8d60-be694d66cdc4,3bb09935-a13a-45f9-88cf-937006e2da0b,ed47732b-13a9-480d-b69f-aa01c64a3075,5dd14898-bb66-4109-87f1-d2f2eb01b5d2,b6322a66-b2a7-419b-b106-c736c5e52859,ffaf2c1c-3043-4f58-9be0-34731b742acf,5ee64394-571b-4b1a-8263-3bf854546ab7,a717f1f4-0e4d-402f-a32a-953353e0a503,e132d974-d9d7-48a8-862f-0ba13e3da8af,9f34f01e-e4bd-4bf5-8b5d-8416f14e359b,0724a643-336c-4735-9533-48be74155573,bd879759-db70-4777-84bd-ec49c8954f4c;332ff225-08fc-491c-992b-4d2721a20804;6dc7f7ed-6e1c-485f-ace0-6547ecb1abd2;332ff225-08fc-491c-992b-4d2721a20804;894a8d10-79da-4cc9-8ea3-0ec04e76a609,def9a7c6-daa7-4872-a3a2-cdb597b9b5fc,78a6f165-798a-46ec-8323-27ec5420840c,147abb09-6ac1-4bd0-bba5-5cda008b46b1;59f86ebc-e639-4306-ab1b-1045fca19024;dcbf781d-54a3-4734-9b69-a7e119d59fa5;en;96;9000000;;;/film/Come+Play-2020-859582;tt8004664;0;0;0;0;0;36095;6721;0;0;0;0;0;0;0;0;0;0;0;0;0;0;0;0;0;0;26537;6721;0;0;0;0;0;0;0;0;0;0;0;0;0;42816
335;499a884a-6fe7-4eac-a59f-88e3d894ea9e;2011-10-28;2011-09-03;Epidemia strachu;f0506edd-d123-41d3-ad36-1d31a8bb23b8;59,127;135322a2-5c83-47a6-90cc-ba485f7ea73e,e3dd689c-e92a-493b-966c-6efe19d4f250,2b4be1bc-8666-47f2-8331-5504c9cd2fd1,0ebede71-0ef9-49f2-baaa-ef6db253a55b,e78bb6a7-162c-4d1d-bdad-07cfc5e31246,58283c8c-d908-48f6-990a-f0efecab0040,c5fc3150-80d7-422e-bd68-b43d2b5a69a1,c7928f35-577f-4fc3-a767-4fa5b7017d4b,cb35e8a3-8d82-489d-a58a-13032c3981ac,8f6e805b-9c0e-4bdc-8eb0-3aa072f45de8,3d5b4f1a-3410-4055-96ab-0d49775a1a82,603d1f98-c83b-4253-afd3-a451ea339d8b,fce7d46d-2b20-432e-8581-62277ff9abd4,62c200ae-e19b-4f78-886b-963cb2b917f5,4c13deb3-f67d-4724-bc79-757465ee49e5,a559b137-01f8-452f-8a3f-3e9b0162c5fb,4da538ba-6480-4828-9703-e43b7e5f7bb5,823cb3a5-4d9d-40c8-bccc-7fb6291b1aeb;92a77244-01f9-45c6-970d-f2d2e2c7b31a;3a6ff2c0-9128-4bd5-a9db-42c78324f0d0;e02fdabc-c480-44b0-b38e-df4e87e5a3ae;be531224-0b2b-49c8-8430-15428f788ffb,8a037aa0-fc11-4254-bbfd-998c10609c88,585a7537-0ec4-4a30-bc52-b79c96a972f1,3d9094d0-0cec-4186-b126-72c9e12d1bda,6b93c200-9f1f-4e2f-9841-04631ebbeefc,eaba7f34-239c-4317-a6a1-71cd5b505d81,9641b0c7-0cb9-408b-a00c-fc638a1bc122,d3e3a02f-67b2-45aa-a602-06c138fc053a,86213594-85b3-43c4-8e95-392a7e6f0971;2881301f-2275-452c-93c2-cc2548423ceb,e4a5d0a4-7a19-45b3-b3af-41f07aaba470,7464ca9c-809d-4683-ad9b-8f8cba932e9c,66f510e2-e508-4431-bad3-517f4c47dfc4,20e620cc-11f9-46e9-b18f-f07cdf550544;dcbf781d-54a3-4734-9b69-a7e119d59fa5,3d402adc-9bbb-4456-91da-8d74dc0c3172;en,cmn,yue;105;60000000;;;/film/Contagion+Epidemia+strachu-2011-559895;tt1598778;0;0;0;0;536;37553;22484;16567;1771;640;38;0;0;0;0;0;0;0;0;0;0;0;0;0;0;22292;14523;14458;1450;321;19;0;0;0;0;0;0;0;0;0;79589
336;249ea419-2db0-4a80-b46c-51f894516c69;2012-06-22;2012-05-25;Cosmopolis;f0506edd-d123-41d3-ad36-1d31a8bb23b8,1db1ac18-a83d-4645-9cb7-3c60a03012ba;;f0dbc7b8-1367-4de7-91b7-1f0fb63ab61f,8b944ee0-263b-4a58-83b5-dd27e12e1644,15bb255b-69a3-4522-b0d2-5b0547681451,2514d1c9-1683-49b0-a6c5-7b2a76f97d0d,cc8ebc61-fbe9-401a-87d2-feb919d40568,bc9a78a6-6f66-4714-96b9-f21347a0e181,f965aa45-b691-4bcc-ba7e-7cbcdeb25a5f,e8d51972-570e-48b6-84e5-d413fb4e1e65,c200d698-d2f5-46f3-8601-5aa504ffe530,c4cf0ea2-af91-4e85-8579-345f77e99a3e,8e827867-7ef7-4a58-be5d-bab6701a0c98,36464dd1-46da-4676-aa1f-63bfd4af06f4,8c650546-aa76-490b-90cf-35cbbb1ca8f3,7e134c47-249c-4dea-bb80-331f805eba89,71c61a97-8501-4771-95ec-f32efe637060,548f00a6-8f22-4484-ba1f-be2f7d11d66b;20eefcd4-cebe-4288-bd65-4d19de457f96;6dc7f7ed-6e1c-485f-ace0-6547ecb1abd2;20eefcd4-cebe-4288-bd65-4d19de457f96;0e2f3912-8c28-4854-bac2-fef10f8975f4,ab4b662c-ad53-49e6-bd33-16b3f9a76100,13299161-2c1a-49d7-a03b-3c825018c41f,176ab805-e854-4149-9582-147999c63300,f207e0c5-42c2-4860-830b-b67f12bedc35,d4bdde0b-0d7d-4552-992e-531866f974ab,043ea03c-5ea8-46ad-b0d3-a39585e8a7f9,e3c4e7b9-025b-4db7-bdcb-aec5a0f0c886;97d4c039-2a09-4110-87b8-c6e64e249b5b,40a6ab76-9c49-4bc8-b762-1b34239ee4ce,6a0708eb-e834-48bb-85a5-82a36490c4b6,45ae87c3-f5f6-44e2-8875-d719b6f8bb9d,3a29a038-0e1e-42b6-9d70-293047b2b621,b802ea76-bfea-4d7a-823a-b4012ec83dd7,30393c99-8d27-4456-84f2-796fd5be5b64,a945a776-da95-4148-8ea9-4f2c46daa943,42af4de9-6eaf-4337-b574-b9d600fa74d6,1860c2f8-9607-40ae-a33c-1f643d32a202,a99ef5bf-b235-465b-b4d4-542765c69665;51d9043b-068a-4a31-a0fb-74719a5a6a11,f8f0c64f-e1b8-4790-8c39-219b7c915b41;en;108;20500000;;;/film/Cosmopolis-2012-569242;tt1480656;0;0;0;0;0;21317;11812;3127;614;614;613;0;0;0;0;0;0;0;0;0;0;0;0;0;0;10219;5922;1406;307;307;307;0;0;0;0;0;0;0;0;0;38097
337;8ebdc53a-297f-40a6-b11b-38e20d90de74;2011-12-16;2011-10-10;Coś;d31939d6-e42e-40f4-8e25-f18e47a1e035,6a5af1f4-128c-4ca8-960d-3f0f36d29764;;b2334f31-4868-4736-a010-252bde2fe826,27aa5d73-fd85-46d5-8474-bffb82dce206,a227b8c1-6f58-4bab-a765-27daf4dc8e16,a6b2d462-5abc-4826-8a43-2623039eb92c,06bdbac9-0bd4-4cb8-8fc4-ae1f389e9c37,41d1234e-a805-4d2d-9098-0229b65ad805,09e975c2-f95c-4975-ae16-0f1e60fc15a4,fa027ac5-a736-4185-b8e6-bc655460adb3;d23ebeab-9ffb-4d0f-b526-21dc2af8c4c0;e71270d1-d648-42e8-b1cd-58315299e461;d500ef01-377f-4819-ae3c-817290d094a2;f4d94b35-af49-4d57-bca9-3a0d95733fc7,3d05e077-05b5-4892-9e9d-18260c10368c,9948fc62-29eb-4a93-a9b5-74c35e827848,e998345b-62b4-48ef-870c-b7d68fd4d19f,153abd3b-dffa-4324-905c-658403e57ca0,3710f909-6b68-45ab-ace7-7d8b388e0477,457046c3-3af1-45b9-8afb-76d1a8a6e935;0b9d1706-2821-496d-9fda-e323175437e4,e5886614-70b7-4297-b71e-0ed0cd8b40a7,199a320e-9cc9-48a1-a548-f65e6dfe8d3e;dcbf781d-54a3-4734-9b69-a7e119d59fa5;;103;38000000;;;/film/Co%C5%9B-2011-401773;;0;0;0;0;0;33961;19276;11180;1679;1679;1679;0;0;0;0;0;0;0;0;0;0;0;0;0;0;21480;3514;4816;840;840;840;0;0;0;0;0;0;0;0;0;69454
338;ee48ec4e-2409-4b78-a2b0-392a9b15f502;2012-03-09;2010-01-15;Coś pięknego;f0506edd-d123-41d3-ad36-1d31a8bb23b8,57366ac3-c349-4e55-ad5d-6f8061179e88;;cae152a9-d69d-429f-8441-938915266cec,20e56c7a-f61a-4ce2-bbe4-5cddd01eec3e,c7c0900a-ff58-4a12-bf9e-9e2f3c816a6b,1a4d6e11-aa80-44bc-9388-07ff0d26c27b,fe204827-e4a1-47db-9ab3-105b56cd77d7,94de69fc-7bfc-4bfc-a24f-ed68e36bff2c,622c1763-4ca4-4fe7-aafe-1dd4d8b57618,4011e1c3-c4ef-4b58-9cd1-f7a373b3e89e,e5c16c97-67d6-4270-8c89-f728f06b1de9,8436265a-a610-4422-b44e-2fd2bedb4e08,9a0144aa-6515-4f29-a8a6-5bffe8073554,153b80ae-1582-459d-908b-e29ff964d35c,0f85a680-da9f-484c-9eb2-4046a19bf088,04e4d894-4c8a-4b12-b136-77766eecf9cb,53feaad9-ef95-412a-afe4-8e41f9046d2a,1ca91e17-a729-422e-bae4-f295638db456,ad990f34-d760-4c5e-87ed-5a2453b5b224;435cfbc7-f0bd-401f-a539-cc05124e9d1e;1886bb61-6185-44b0-849b-ed26b23b5074;435cfbc7-f0bd-401f-a539-cc05124e9d1e,c4100676-e829-49f7-ad15-5124f204f2aa,7d49868e-c91a-4274-add0-8ea0a5cd6f1b;435cfbc7-f0bd-401f-a539-cc05124e9d1e,0f6e5e4d-ff54-4e14-a068-72aa16a86e2a,d9a20a00-44eb-45f6-9653-5d16fc77eba3,6f9e3ef7-0cdf-4002-82ea-5facce0b6bb9,5d1d77e8-5c53-4a3a-b5af-4b0fce08dd03,9a3078b5-154b-4531-ba1c-c725d44d2058,c0744fd3-8076-4b37-af5c-b4f69c9d2ec8,f88f8cee-ec0c-4c33-9087-c54b706e189c,7d125342-5e0f-46e9-b96f-f373391c0176;e116c8d1-9ce9-4d57-b9bd-dc5adf55e27e,4b03d46e-af19-4331-8c35-060fdc4c0386,555ceb99-6e8b-4be1-9f58-f69ad85a2aee,368b20bf-cf7b-494f-85f6-d447241d20fb;;it;122;3000000;;;/film/Co%C5%9B+pi%C4%99knego-2010-555612;tt1467273;0;0;0;0;0;813;323;190;129;17;35;0;0;0;0;0;0;0;0;0;0;0;0;0;0;593;193;91;46;0;0;0;0;0;0;0;0;0;0;0;1507
339;a105ac48-f6bc-49c4-8f81-764be06712ea;2015-03-13;2014-05-17;Coś za mną chodzi;d31939d6-e42e-40f4-8e25-f18e47a1e035;90;b21bc83e-314f-4e08-af6e-1e584918e03a,0bd735b6-8a37-45d0-82e2-8c7e71d7bbe1,180c4e88-e124-43ce-ad92-ab5351a556b0,194f7f5c-2ff8-4f71-b91e-90964e8d2a9d,d836cc31-545b-4f35-a54b-13ca9d177ba1,e4b20e8c-2144-4b07-a3ff-e8191c3a0e15,fda1ae90-5868-4457-b15f-558557e1a258,5e06d29f-2264-49c6-a4ec-6964cfecd89f,75a175a1-727a-48a8-ac01-bcf649ba16ca,aa439626-e7de-497e-8d5c-dd286cb0a5eb,fc2f61e0-cdd1-498b-ac2b-23ba6f4cd0fe,2581196d-e78a-4475-b5a5-8cbee066ba22,626957e9-a73d-4852-9af5-ca443be47cfb,cdb8de4f-b351-46e6-ade7-7fbed49dce8e,cbc90fea-3336-4108-bb98-a83e1602ba67,1b64c2a7-dbc5-4ef7-9a79-871f55aed3ae,887cc7d5-4a6c-4f09-b9bf-096f0b94f9c6,e8bb13b5-8faf-48d2-a508-5064087d22d6;2bbdbf95-a5eb-4890-b8f8-a43ba78e295a;e71270d1-d648-42e8-b1cd-58315299e461;2bbdbf95-a5eb-4890-b8f8-a43ba78e295a;9bdf9f40-f998-40ad-a4d7-02460b3088f1,52776ccb-6729-4b30-b2af-f138dcf63507,7bf412fd-b49a-4c57-8c50-5c92a2347fb7,dbb09fa1-e3d2-415d-af9e-35f8c88cb82c,84adaf7d-ed66-4eaa-a62c-1a597cb1bb9d,f9390690-f781-46f9-b82a-48d714f3de42,37c02cc4-b7ed-4131-804d-9f732df2b717,2bbdbf95-a5eb-4890-b8f8-a43ba78e295a,5928eb54-3499-43bb-a442-f00faf5981b3,ab908d80-555c-4c51-bab0-f4998f02eaf3,1ddb7c1a-711e-40ae-a254-1975b2cafabb,f90070cd-082a-432a-9182-eb410c375460,9bcf7349-9266-417f-97cc-a4c74403a70c,7e8f5fef-02b5-4c86-a4e0-9eb959c2a3c4;24614c51-69db-4a0e-b89d-9935d0ee2d05,05d4535e-fae0-4398-84f7-98b53b65602d;dcbf781d-54a3-4734-9b69-a7e119d59fa5;en;100;2000000;;;/film/Co%C5%9B+za+mn%C4%85+chodzi-2014-714528;tt3235888;0;0;0;0;0;21902;11123;3868;2757;527;526;0;0;0;0;0;0;0;0;0;0;0;0;0;0;14693;7371;2151;1027;264;263;0;0;0;0;0;0;0;0;0;40703
340;21e7b79b-f2c0-46cb-a632-89b685c554a1;2019-10-25;2019-10-24;Countdown;d31939d6-e42e-40f4-8e25-f18e47a1e035;;570d0849-3292-469b-858a-50284c9c9d7c,50a3307e-5906-40ce-97b2-2ba6c1b0447b,e6cc4a8d-7c7f-4cb5-a5f8-86ce273b0a1d,43c96f72-9389-405c-a2ad-b7dcad4473d3,2f5a0d51-8529-4fc9-85fd-ea860c11bd1e,7e79f518-cd2a-4794-aad5-1189312c7be7,11fe9728-39f4-40f8-8333-3c8dd6805ce2,bdbfb6ad-5b77-4109-86c0-21097e4e9f98;bd0c6c6b-2667-4e6a-9b25-569e0b227a6b;6dc7f7ed-6e1c-485f-ace0-6547ecb1abd2;bd0c6c6b-2667-4e6a-9b25-569e0b227a6b;430edd55-4227-475e-90b1-476a16a78dbd,f02e06c0-8847-4d1f-9b57-16cb1a5a323a,7ad016cf-74c4-4821-9295-0d96fe979896,615b5f6e-abbd-4f83-bad0-9229b3a46e29,3a26f2df-9cc2-406f-91c4-a5672bd6c2a9,b88c1f36-1cf7-4791-b20a-408eca960f55,d27e1ef5-ee74-4823-95ee-15c6f8eae37b,90078d36-47a8-429a-bf9e-e8eccb240d23,7fa84da9-500c-4c09-9e2d-04dffcdbd4b3,0243cb6f-3829-4848-b5ea-7209b6546bea,e8fde67c-72c7-4034-b008-94672b5943b4,b1c76947-0f66-49b7-ac4b-40e376d8be7a,4a31b808-bc4e-4a45-b3e5-8d1a7060e66a;d31790cd-bab6-4742-8a48-86bfa7e63a94;dcbf781d-54a3-4734-9b69-a7e119d59fa5;;90;6500000;;;/film/Countdown-2019-839739;;0;0;0;0;0;52181;33466;16140;3536;1478;386;0;0;0;0;0;0;0;0;0;0;0;0;0;0;25548;22636;10850;2409;1056;193;0;0;0;0;0;0;0;0;0;107187
341;438fbda9-4a5b-4930-a6f3-905117a95ced;2015-12-25;2015-09-15;Córki dancingu;f0506edd-d123-41d3-ad36-1d31a8bb23b8,d31939d6-e42e-40f4-8e25-f18e47a1e035,57366ac3-c349-4e55-ad5d-6f8061179e88,cc52ba6b-afe8-4521-b7c0-616ddb3a023d;;056d41a6-03bd-4bb5-83f5-f500d9ad4912,44f46255-6897-4d91-9e50-06f8f4aeb3ed,2259b5ca-31cd-4dc2-b0e8-4050d4406525,07511764-49b5-4add-9dce-5ad3f736f22f,b07b80cb-e6b0-4381-b79f-f358fb207a35,3b7738dc-f067-4182-91a5-915341d21725,44159e52-25dd-4747-9f21-dbfd2b43e80b,9a2ee84f-15ae-4392-b249-3ca746c9ff8d,d5f394f0-f72e-47ab-9867-2511eba9ef6f,7f0c5ea1-4ab3-4c65-858f-a2c83c692dda,fe2d7f87-f34e-41ea-a160-90121717d6a8,ad6da02c-21f3-42ff-bd19-c975342f4f19,825b0004-cc1f-4cf9-adf3-fb5a20cf6785,7bb43835-e387-4e18-9266-33bcfe4122bc;13edeb21-fe3c-4bb2-9274-d2ba0555c605;e71270d1-d648-42e8-b1cd-58315299e461;4267e33d-0e12-4d3f-9f3c-dcb60c6a7281;35f5806d-29bc-423b-a6d3-35514e20534a,9cb1003a-e457-49ec-87d6-ca2661299f0a,537c72e7-42e0-4721-a590-c433456c8b9a,5866f481-2bba-493e-a5fd-5b763dde4dfe;6192772e-9e86-43c0-b5e2-f7ff95ae6da2,c39a9c4c-d056-4e72-8e8b-82e3b2e060d5,5f2c3d88-0cd2-4a58-a909-17d9110f614f,3a0d04e3-6372-467e-9896-87056e966925,90d825df-9be7-47e3-a39d-83a33ef35376;c29315d3-7743-480d-ba69-783e11af73bf;pl;92;3000000;;;/film/C%C3%B3rki+dancingu-2015-727844;tt5278832;0;0;0;0;0;33614;15453;4417;1158;1158;1158;0;0;0;0;0;0;0;0;0;0;0;0;0;0;14899;8162;2405;579;579;579;0;0;0;0;0;0;0;0;0;56958
342;9d32d7d0-de85-41fe-96ef-e545df8173e4;2016-12-02;2015-03-14;CREATIVE CONTROL;f0506edd-d123-41d3-ad36-1d31a8bb23b8,6a5af1f4-128c-4ca8-960d-3f0f36d29764;;a24e01ae-409a-4757-97eb-547e4c941a60,b397b91f-47f2-486c-ab59-df3ac71984bb,e49193f3-a7da-45ea-8e3c-eb6fc0dec33c,fb9e1a28-4f6f-4a08-bf5f-19cb4fdccba6,554db07f-717c-4b34-8b6e-62d2aaeaa461,6d743355-8cca-4210-bc67-f24cfc623e06,ade94ada-0471-4406-87fc-8e790343e78a,4c4204a5-e664-4440-b028-808c69e3365a;a24e01ae-409a-4757-97eb-547e4c941a60;f13023fd-efc3-43af-98c6-50964c66c585;a24e01ae-409a-4757-97eb-547e4c941a60,2bdae8fc-2046-4575-9170-94a2253cd09f;33cd0154-84cc-498e-958b-297136cd2f42,0b42a46a-78f8-4382-a0c4-d627c04a375b,25c122b4-c4a6-4d41-a3d0-9dd9b6ec4d62,a50fb0f7-9477-426b-bf7d-4ba4df486e3b,6fbbca86-c4b3-4c33-9e0a-df3a1f48c728,0e5fccb5-205f-42e6-9af3-f716cd41c5c0,026e229e-6d55-4dfc-bc4c-3223c21bd822,3e18eef0-38e4-437b-96f6-3674dcf1eb45,683f6a2b-f324-4a6c-a40b-9a50874494eb;ec1eabd3-f87e-4c9b-9e71-2aefc03a4a00,d336893a-699d-44d2-b147-7427fcee7638;dcbf781d-54a3-4734-9b69-a7e119d59fa5;;97;2000000;;;/film/Creative+Control-2015-706964;;0;0;0;0;1079;1180;498;51;28;0;35;0;0;0;0;0;0;0;0;0;0;0;0;0;0;633;314;24;5;0;18;0;0;0;0;0;0;0;0;0;2871
343;ed9216f8-6409-47c5-8cb0-029d145c54c6;2018-11-23;2018-11-11;Creed II;f0506edd-d123-41d3-ad36-1d31a8bb23b8,92c04792-0ced-4eeb-9f80-04c13ce20d44;9,49;77d5bc09-3d89-4764-a37e-9edd1529b5b9,d40d76da-135d-454e-aea1-05fa6009b863,86cfa982-9d8c-4333-bdbb-87b87caf7fb6,69bcf7b4-89da-4524-8d6f-8938fbecbf60,beeb4121-3b8b-4886-9f8e-a3416e7b337a,4ee5fc08-704c-4781-a2f3-92451c895158,4944526a-7200-47d4-8464-3477f45b49e1,b56c614b-4ef4-4eee-aa2a-f780ced820e0,3f92efdf-2656-408c-b47f-16224fdecbe9,251c6cc3-3498-4880-93d7-c4006a8e0819,9b5816d1-0bf0-4bd4-bf5f-691b6938965f,e0e7c564-5838-40e4-be50-b98583f885bb,d2ae6d25-4347-4024-8ace-1ba64d184408,01ede5bb-e3b7-403f-8282-c8c8a2757b7f,f33b5a0d-eb35-4732-adce-cf7596ee84bb,6864b3da-f41a-4aaa-b1fa-b37127f1a356;edc89b3c-c032-40bf-b300-141309b31220;34b67685-59b6-4f6e-b120-d5a4616fbe1c;d40d76da-135d-454e-aea1-05fa6009b863,02ff3885-bbdd-426f-b11e-64ce3f72efc0,edc89b3c-c032-40bf-b300-141309b31220;d40d76da-135d-454e-aea1-05fa6009b863,80bad02e-5159-4822-9251-34013a0cee5b,77d5bc09-3d89-4764-a37e-9edd1529b5b9,50cd5f05-4c13-42bb-ab66-e99797b20efa,781f70e6-5d51-434d-b302-7fce6337fa28,4bc099ef-8906-4eba-a54e-d9f9637c4824,b7a6059a-06ba-46f3-ab89-dea70ec00be8,ce9a196f-6f79-4115-b458-07ce19239e18,5e754c1d-f6ac-41d4-9cee-4a73f7f04066,9ae9d271-f593-4968-a85f-7f2f4c528724,d83023f8-3c2d-4713-a7c1-27a6ae1a99e1,83128a09-d54f-445c-9e5f-872163580009;453ff978-11d9-4747-94bb-a71d9b87c65c,59d20dea-4685-49a7-95e2-cfa2b59e8ab6,4c5a3153-29fd-4c94-abe2-2e0756ba6122,2881301f-2275-452c-93c2-cc2548423ceb;dcbf781d-54a3-4734-9b69-a7e119d59fa5;en,ru,sgn;130;50000000;;;/film/Creed+II-2018-803615;tt6343314;0;0;0;0;0;54366;32738;17195;14323;4266;1705;0;0;0;0;0;0;0;0;0;0;0;0;0;0;34484;18636;10702;10436;2517;1144;0;0;0;0;0;0;0;0;0;124593
344;424650c8-1168-41d8-aacb-83d64f2367dc;2015-10-23;2015-09-25;Crimson Peak. Wzgórze krwi;d31939d6-e42e-40f4-8e25-f18e47a1e035;;bb011a77-6983-4401-b755-1809a34dea6a,d339e4a0-f007-4c7e-b5e2-fe3dede3524a,cfb361a3-db43-4c69-9837-2460df1370dd,024454b7-73f3-4f1f-91f0-2c00cd6c4d69,85946e63-383d-4a89-9d6d-d78253632af2,152ee405-1b1d-4e69-ad9d-df2d6cc80628,37ecfdc7-ed12-47d4-8142-127ab2fe3ee7,76826ea0-42d9-4d8e-b467-a3eb19e3b0c7;740d6bb7-3e37-42f8-a1c6-5b7209adbd97;f44346b1-d6b2-41b4-876f-1b6682aad3ab;740d6bb7-3e37-42f8-a1c6-5b7209adbd97,e02e8a76-7646-44d9-8596-61de3ff51fd6;740d6bb7-3e37-42f8-a1c6-5b7209adbd97,38a5a6ae-dec0-4df6-a25a-d0061388cf77,11014217-20a8-4c97-8d10-386a5096b888,aa382790-f5f6-4ccc-b227-a943bceb7ae0,a32c478d-1845-4785-bcbd-41b7136ddb24;f8cf0dda-8075-406c-a8f6-4a3f49d7cba7;dcbf781d-54a3-4734-9b69-a7e119d59fa5;;119;55000000;;;/film/Crimson+Peak.+Wzg%C3%B3rze+krwi-2015-678523;;0;0;0;0;0;43044;24267;12857;1945;159;159;0;0;0;0;0;0;0;0;0;0;0;0;0;0;26124;14134;6680;1334;80;80;0;0;0;0;0;0;0;0;0;82431
345;22ddb26b-3cd0-48d8-9ad1-d0c795cbc256;2015-01-23;2014-05-18;Cuda;f0506edd-d123-41d3-ad36-1d31a8bb23b8;53;04baa857-be57-4325-a688-f415baf5bf68,8b293133-8637-4d02-9ecf-e47e0b8ffe77,c8c7b7de-6d7d-4c34-a346-4fabad966325,a55dbd3d-493a-40ba-9adc-5715cd6b6751,f8f3d502-9479-4aaf-b8e6-d2b1273b9c2b,eca9b839-4e12-451c-b488-5e8dd90f23a8,e8a0e635-f823-48d6-b0f4-ef0e39019214,e080ce8e-22f2-40b5-ba7d-ad9cf146f356,f508ec09-519d-4d4f-8708-c2ef28938324,b2fe15f5-ff87-464a-8518-5f1049428d63,5dd1ba70-b3bc-41a7-b533-507aad77fba7,33dac8ec-3369-47b2-8f5e-45758b6dcb26;11f36eec-3cdc-401f-87b7-b906a09d2ce1;a4abfcce-d2ce-4ab3-becd-258c33b13102;11f36eec-3cdc-401f-87b7-b906a09d2ce1;23ae1087-53c5-4145-bb5d-b3e4399c8aaf,ca994600-e7b1-4a92-b8bf-74324c1089fe,28732cba-1f9e-4f81-857b-75c8e45f91ed,e19c0b66-157f-41b4-a75d-48a87aa886d7,7144ff4e-89cb-4bee-881d-25a346784559,c96bd278-362a-4fb7-8172-fa2388a0f3f4;79b5b702-6908-4bd3-b267-d5b2b7538deb,b7c08d9b-12f7-4f33-b407-ce32231e97d7,2dd05592-244a-4140-83ab-0c8d02a27791,555ceb99-6e8b-4be1-9f58-f69ad85a2aee,42af4de9-6eaf-4337-b574-b9d600fa74d6,051e626d-cd80-4cfd-8eed-a442674cbfb6,1fdb72f8-02c7-44ad-87df-d2d5c901fefc,1957cfa5-8dda-4b34-87e5-94baaaee776b,2919cf64-fa12-40a7-8a34-33f809afdca2,b23c850f-08e4-4d3c-9dd9-3c3670b5aeaf;6614b794-9b07-4de2-837e-3aba6098ec7a;it,fr,de,en;110;2000000;;;/film/Cuda-2014-695382;tt3044244;0;0;0;0;0;0;0;0;0;0;0;0;0;0;0;0;0;0;0;0;0;0;0;0;0;0;0;0;0;0;0;0;0;0;0;0;0;0;0;0;0
346;f0fc6c36-942c-4ece-acf1-6d58eb882032;2016-03-27;2016-03-16;Cuda z nieba;36a330ff-bd5d-4a0e-b74c-8a0d4473b778,f0506edd-d123-41d3-ad36-1d31a8bb23b8;;77a068e7-0f7c-4956-aaf2-5b59811abe84,2b5081e9-a619-45ab-b795-819903b9ddda,2e306fee-97f4-4bab-84f6-d2568861dfe6,2ff9c781-cac1-4043-86a5-12b7e520d650,1b880364-c934-4721-9347-b1e03a86a144,c19d724a-5c6c-4500-af2d-542865754bc6,dd0f513a-d7c8-454e-8874-1aab2b2e1235,e60893a4-1093-4ff0-8169-0348d510cde5,8c0bf192-f8d0-41c8-a464-36e3f721bf2d,ac3691e0-41df-45a5-b778-4244a5631390,0e495475-aca3-4aa0-a928-d6071449ae50,80475635-c312-4f8a-829d-a631855c5b6b,8170aa49-decd-4519-9c45-e24c99115c12,c7a46f3d-6872-43c9-9c2d-cd6105465d55,0dc635a2-b1a0-46ad-9653-463528ec8488,50837a55-dbf3-4b7c-976b-8ce35883a9b6,dad91b93-1ce3-403f-a457-935c9d648876,1fd035f6-5dcb-4e83-8c9b-31efdb090a09;861b120e-d899-45e3-ad97-75efbb7ff776;f44346b1-d6b2-41b4-876f-1b6682aad3ab;225af92c-a21d-4def-8e43-f9c2cb9e1d0e;01158b32-f497-4f3a-bd93-3dc817078160,a9f21140-d56d-405a-ab25-ca1a3bbc288d,88e923e0-3c3c-4587-9ee4-888fc8a40b3b,dd5cfc70-2951-4d98-bd4b-38b9602b663e,d8008da6-7339-4b79-b42e-e7c4364eb106,25f26920-970e-44f2-ab23-a51177481c74;fc43801b-bfda-4db0-8f2d-f1111eb74474,104f79c5-160d-4a95-9811-ffd8aa341fed,ed15c163-8aba-4371-bb6e-0af8962f84c9;dcbf781d-54a3-4734-9b69-a7e119d59fa5;en;109;13000000;;;/film/Cuda+z+nieba-2016-746547;tt4257926;0;0;0;0;363;22820;21798;7888;4830;2688;2315;0;0;0;0;0;0;0;0;0;0;0;0;0;0;3946;11375;4614;2512;1368;902;0;0;0;0;0;0;0;0;0;62702
347;3dacccdf-571c-4586-a41e-945ca758dd26;2011-02-11;2011-02-11;CUDOWNE LATO;2cc23d9c-a2c5-43ad-8ff3-747de8e71b80,31d18fc1-07ae-4864-ba58-d61a70c8480d;;92c3457c-d0a0-4a63-810f-55496909cffd,5015d6ec-509c-45f4-bd21-5088a6dfc506,f9622cbe-c4d4-47f9-813b-c90581f92d42,3b90bdfc-7755-4ab4-b6be-04f1d99d30bc,521ce007-34ea-4f33-9dad-1af78b1caa69,6b2956f9-5ace-45f2-b8a1-ce6ad73ba1dc,9ceca586-502b-4479-bfaa-f57ca2be40b0,4f275a92-b6c8-4a68-bcac-16d8470279b1;b23e3310-d7e8-4ff7-9026-ee71fcea0dbb;6f1e0b01-00d1-4844-9c68-e9d65479cb3d;c41ce235-6908-428f-bb3f-c7441b224837,3aa60674-20e4-4683-bc9d-04ee0ab121e1,b23e3310-d7e8-4ff7-9026-ee71fcea0dbb;27e7416b-fa76-4f0f-9074-3e818aae5a3f,1cb05688-5575-4c49-a48c-8c57fef09fd2,636f51f2-0667-4667-b305-7c7a6df3f73a;2837240e-3761-4366-96b0-5dc46f57b724,5f2c3d88-0cd2-4a58-a909-17d9110f614f;c29315d3-7743-480d-ba69-783e11af73bf;;83;2000000;;;/film/Cudowne+lato-2010-479012;;0;0;0;0;0;6307;1116;48;180;180;180;0;0;0;0;0;0;0;0;0;0;0;0;0;0;2842;567;30;90;90;90;0;0;0;0;0;0;0;0;0;8011
348;88a00f0e-729d-49e9-bbaa-9cb03067cafe;2012-06-08;2011-07-05;Cygan;f0506edd-d123-41d3-ad36-1d31a8bb23b8,10733816-1bc2-4e92-a7ea-b96846b4d54a;;ac5eb477-9975-422d-b029-e32fa13113ae,aac369e8-9d0f-4390-ae02-5622bcdcb098,3cf51c9b-adeb-401c-946d-134edf930c73;43d514a4-29e0-4848-9d6e-89a6ffed5149;1886bb61-6185-44b0-849b-ed26b23b5074;43d514a4-29e0-4848-9d6e-89a6ffed5149,241660dc-08eb-499d-a212-9591252bc1b6;43d514a4-29e0-4848-9d6e-89a6ffed5149,7de99f59-05ed-485a-a6a1-1639f1aa31a4,8e4047cd-08db-4d73-8fee-5d8d8a7d2c8d,0e409d3d-d536-4358-ae40-0b0e05109be6;cf75dcad-bd07-4d00-8a27-8e7f74780dc6,2c6a71de-7b2a-44cf-8a96-6a63044cca9e,a7b92e69-82d8-404c-8c58-5eb468bece00;;rom,sk;100;500000;;;/film/Cygan-2011-621577;tt1980935;0;0;0;0;0;931;191;210;72;70;62;0;0;0;0;0;0;0;0;0;0;0;0;0;0;796;125;93;64;16;26;0;0;0;0;0;0;0;0;0;1536
349;07998a33-2f67-4ddd-b58b-150123eefa65;2011-08-26;2010-07-23;Cyrk Columbia;f0506edd-d123-41d3-ad36-1d31a8bb23b8,57366ac3-c349-4e55-ad5d-6f8061179e88;;09126dc8-e57e-43b4-964d-f444b19a0453,34e620e6-896a-4a1f-b7a5-c7b2b1443edf,44c107bf-8c1f-449e-ae35-4fcb4c0f0f32,37ba1717-d14d-4967-9199-02ed1ced5628,3b31b190-a8a7-4c97-8c5b-3d27e1dda266,b8998081-cbe1-455f-b45c-6a30a6d4b215,e38b7df5-0e4d-4525-83b2-d7abd80f6ff9,20a53b92-37dd-4025-8b18-2dc5a65f254a,38c12f85-9d33-4f38-a045-d2a2c5605186,2f897bc6-6c21-4ce1-b108-042fae2cfb72;30443fa8-d0cf-4604-97cc-665a36e9ce99;f4b55c4c-9fd2-4c03-94c8-94c595093805;30443fa8-d0cf-4604-97cc-665a36e9ce99;8a7fc92c-2e40-468a-9d5d-39a4c575903a,2fd8abf7-9e65-40fb-8ff8-374ad6ecddac,d4562033-7899-4ade-962e-79f88a13d4fa,a2303721-02eb-40b7-b960-98fd9986d956,a30a0658-bbbc-427a-8900-6a41f5756480,03f5bda2-678b-46ea-a3b2-936aaeea3657,e423a48c-7b6f-42b9-840f-67740eb49f29,a59e8548-5f05-43b6-a29c-ac8ef9a256bd,ae341fbc-e77a-453e-815f-1b7e00c2752a,e87b7600-d892-45ca-a7a3-8a39f024dd83,9f13d0f0-d053-4e63-8651-677242def22e,8b7528f6-d786-475a-a638-8a5fe5e09d78;5fe19e97-eb32-45ae-aef1-4aaf4a87c2a1,4d6e8092-36b5-4ee4-ae4d-9fe690440d18,7342bf70-d467-4c62-a8b6-0e56a21d4a0a,46a0b3bc-91a6-4a60-9fe1-80f5e0b33fb1,4e032346-c5b1-485f-bb3d-db57e9b018bb,d66d0dd9-9c99-461c-8c46-8715076ecdf6,4d9435ce-dc41-477f-8569-f5a9bdee36bc,d2694b26-ffa2-42a4-82fa-f5fffe07e17c;6614b794-9b07-4de2-837e-3aba6098ec7a,399f5393-dc15-4ade-8fc4-c65d9782ae3a,51d9043b-068a-4a31-a0fb-74719a5a6a11,d6d221c6-8669-4947-b2f7-60f211214380,eee80e4c-8c23-485b-a66e-144e6dea129d;bs,sr,hr;113;1000000;;;/film/Cyrk+Columbia-2010-532991;tt1417067;0;0;0;0;0;1164;123;95;96;95;95;0;0;0;0;0;0;0;0;0;0;0;0;0;0;1039;75;48;48;47;48;0;0;0;0;0;0;0;0;0;1668
350;572ed4d3-9dec-4411-8abb-ecdc2c4c5817;2013-12-13;2013-12-13;Cyrk;f0506edd-d123-41d3-ad36-1d31a8bb23b8;;18a7f023-fea6-4a7a-8f1d-a5d0bebea3d2,52aa8270-09f7-4898-81f9-b975ec9af52e,7e07d757-5ddc-49f5-abd1-576c456fc727,45dc5eb3-4ecd-4621-a13c-2b54d9ad5b07,b9c4bad8-bf60-4ab2-ac5c-ee66f420ca1f,70236100-7428-4010-a539-7aad4ca36e81,d8b3432d-acaa-409e-8c32-34ca47fa0297,e2c2bef3-3bd7-4fa2-8e88-7a441580aa84,217d099d-3ea7-4149-80cd-6209c177e8e2;6cd9a40f-c97b-4714-8e15-5f8540fcd4c3;;826ed4e9-7a61-4a49-8b73-da997a59195a;6cd9a40f-c97b-4714-8e15-5f8540fcd4c3,757556db-74b6-435b-86f2-d904e3d9238f;7128347c-c318-4547-bbc7-a266f0ef7fb8;;cy;93;1000000;;;/film/Cyrk-2013-742743;tt3789024;0;0;0;0;0;0;0;0;0;0;0;0;0;0;0;0;0;0;0;0;0;0;0;0;0;0;0;0;0;0;0;0;0;0;0;0;0;0;0;0;0
351;5b1bb8c8-4c80-4f2c-8665-46612caf73ec;2010-11-05;2010-01-23;Cyrus;f0506edd-d123-41d3-ad36-1d31a8bb23b8,57366ac3-c349-4e55-ad5d-6f8061179e88,8ec4b60e-c873-4767-9684-2d4031d99871;;443376b6-d2fc-488f-966c-d3f86d1c66e0,75296dbf-2ad4-4b11-973f-1ec55e779fe1,0d1adeb7-35a8-4312-b4af-d630c7b7ca9e,f67017f5-1793-4d4c-91f9-604f4a4f139f,9c56e3ed-443f-41bf-a9f4-5907caac44fd,9105a792-521f-4981-a87f-78d4b01d2e5f,455b276e-3803-453c-9038-897a09f18ce2,12f993aa-cc0f-48ec-8eac-bb8af2daed67;f99d70ec-812c-49fb-bdd8-5da5dbdb6a63,447b083e-1753-4fef-b5ee-a3d8a9f73216;f8c298fc-ffb3-4397-9e1b-d709aee89d2a;447b083e-1753-4fef-b5ee-a3d8a9f73216,f99d70ec-812c-49fb-bdd8-5da5dbdb6a63;91d1fa82-d819-487a-a541-6fb0c7cfe74c,5d0c1178-1790-4d66-97f1-8ea3a647e36d,cd2eb396-c511-4788-96a6-65a20dc8cfca,8be0a248-bfbd-4493-a291-522f72412e16,8eccdd76-e6f7-4fc9-a75e-6a86e0cc457f;590d4322-0ba2-4558-8b53-5560a0ffc383;dcbf781d-54a3-4734-9b69-a7e119d59fa5;;92;7000000;;;/film/Cyrus-2010-496701;;0;0;0;0;0;227;58;59;58;3;2;0;0;0;0;0;0;0;0;0;0;0;0;0;0;197;29;30;29;2;1;0;0;0;0;0;0;0;0;0;407
352;57e8ed7c-d1cb-4466-9f4c-2cb3d750f052;2011-09-02;2010-09-08;CZARNA WENUS;2d137c0a-c773-470a-b094-2d2ab736788a;;4469df2f-fb00-40d2-9e94-9a021afe5676,80930ff1-dc22-456a-86bf-bf6fc5d44554,e51c2a48-8a22-44fb-bff5-5ca96fb136b5,cc806a42-d6f9-4b53-a21d-79af61e9081f,0ea23e7f-bf4e-4df2-9555-104ab5eb3022,f997929e-ce44-4b25-95ab-3ba682cc071d,f569d6f2-c2c5-48d4-a5d1-9533c81e0a60,6f30d5ca-fca4-4bd9-8d92-2a00d1afeb62;7dee22e7-d9b1-4eba-8289-3cb76d1ae920;f13023fd-efc3-43af-98c6-50964c66c585;7dee22e7-d9b1-4eba-8289-3cb76d1ae920,68332dde-458c-47d4-b0ee-9a8803f0ef92;d702404f-4f1a-4c3a-bf7a-4cafb7aa198c,61b5a3d6-bb4e-4b38-b569-a0f08aee0161,ff458d61-2c00-4534-9983-7f10253733df;897029f9-3c88-410a-badb-93eadea84c3b,d7351a00-8a25-4260-a8e8-4894afc9c744,40a6ab76-9c49-4bc8-b762-1b34239ee4ce,7a9890ad-6ce9-4cc3-aaaf-7bad93bdab42,b962bad4-e60d-4a60-82e6-66c81362c73c,6a0708eb-e834-48bb-85a5-82a36490c4b6,fbba907c-36f4-49a4-85a8-8571ec03df45,55191a4e-f182-43d0-ade5-75bd9bd052d5,56223031-f884-4f74-a872-ce20f82db9ca,d092b19a-02bb-42c9-b2bc-0873d2341484,4847adb2-ec5d-4c7b-a8a7-e3fb8a62b5d0,f7655c27-1082-48cb-933a-4bb89a1ade39;51d9043b-068a-4a31-a0fb-74719a5a6a11;;166;10000000;;;/film/Czarna+Wenus-2010-506486;;0;0;0;0;0;243;243;243;243;243;243;0;0;0;0;0;0;0;0;0;0;0;0;0;0;122;122;122;122;122;122;0;0;0;0;0;0;0;0;0;1458
353;e9055f44-c267-4fa7-9cd4-a828dd6fbc48;2018-09-14;2018-05-14;Czarne bractwo. BlacKkKlansman;36a330ff-bd5d-4a0e-b74c-8a0d4473b778,f0506edd-d123-41d3-ad36-1d31a8bb23b8,c8692873-ebae-4261-a833-4378ab4e126b;54;6f7a0331-ae9e-494a-8391-3f36af37fe9f,696a2158-e16a-40fa-842c-1b76002edc0b,f2538682-48ff-4b92-a219-bc92a312b45d,868c27ae-7561-4b97-a3da-d5370ed4ef21,078645d0-001c-41ef-ae66-bcfbdbdc1f38,7639015d-0763-4a51-bab7-b253e03c0285,e68cabf0-ac3c-42c2-bc9d-eb2ff09e23fb,39a09da2-3a9f-46c1-8d4b-3504696f4996,ac46458f-7e5b-41be-8ac5-ed0c30259b4d,50ab9866-67ce-44b4-99d6-45bd5bc77c29,79c69300-7245-4ca1-9af3-86e6e2256531,ebf5b59a-dacd-4c1e-bfcd-afa82925be91,f81fbd30-492c-4d57-8bb1-57a2677855b7,7b084e11-b8bc-4c4f-94c4-b42ae39d5cce,43f366d3-bf46-46a5-81e9-2695989639b3,9caaba6f-89d4-452d-b113-1d87f4b73335,542a3eee-7b82-44e8-adce-a2a5f9ce23e3,cebd7e28-2ba3-4d20-b27c-17b9399459a8;5a513143-411f-48ed-b343-780515ba4c70;f44346b1-d6b2-41b4-876f-1b6682aad3ab;5a513143-411f-48ed-b343-780515ba4c70,32b88848-6287-4fd6-8fca-d72a2794c564,fc8679d3-58fc-42c2-883c-0171f1467ffe,572f6943-22cc-47f6-80fb-2baf6f10cd22;5a513143-411f-48ed-b343-780515ba4c70,e7e77c76-86a0-428a-abd2-b321c9328a5f,77eb2306-b4de-4736-a8f6-b14a2d36fcda,6d950aba-25cd-40c5-aaa0-a1a5b507a8f5,66556c59-9baa-4931-aadf-08ccc7a2a5d1,fe6fde28-c978-4599-8de4-682988986497,e9c5dbcf-d9ce-4134-aa0d-5eb2f3e717ac,56ce46bf-ed1d-481f-b825-2098086886b9,36e389ab-d20d-4613-99d5-9a52e20e80bf,39b2f5ae-7e41-47f3-b4b5-55c3a89fab6f,77afc5cd-07d9-4c37-b816-8940b1bbee56,572f6943-22cc-47f6-80fb-2baf6f10cd22,32b88848-6287-4fd6-8fca-d72a2794c564;66d49df3-0d04-4aed-a338-54428fe7ee7c,4d9974f9-dd4d-4bf6-9046-c1ab0c0295e2,873900e8-cf64-478e-a209-6b61839d4a74,f8cf0dda-8075-406c-a8f6-4a3f49d7cba7,cdf88144-cd1b-46b3-a1de-80228f7df5e9,8b0bad92-76de-47bf-bda0-396b09f9f401,de9a76df-c239-44b3-be0a-aa043e748d0c;dcbf781d-54a3-4734-9b69-a7e119d59fa5;en;128;15000000;;;/film/Czarne+bractwo.+BlacKkKlansman-2018-807561;tt7349662;0;0;0;0;0;23860;13591;3581;542;541;542;0;0;0;0;0;0;0;0;0;0;0;0;0;0;14702;8501;1780;271;271;271;0;0;0;0;0;0;0;0;0;42657
354;463f7462-55fa-49a7-9d2b-a59c098a0f34;2011-04-08;2007-06-15;CZARNE SŁOŃCE;f0506edd-d123-41d3-ad36-1d31a8bb23b8;53;ec8117aa-ff79-4566-b67c-5815350b0771,2177621c-2fad-481c-8882-a4425a3877b6,8e777694-5cb2-490e-a358-d6e7221a8092,f99409bd-bea0-4e3e-ba1c-e91de4d4e3ef,1109e4fb-85f8-4507-9453-d31ecc6890ed,363b9aee-0ca1-4f10-8df7-367460d90c48,a4e2f7a4-3d6c-4f46-a16c-cd3819daa457,d0bff5ef-4c37-4196-bdcd-54627edade03;e421a152-0ee6-447d-b6ce-b925fb2ea174;a4abfcce-d2ce-4ab3-becd-258c33b13102;e421a152-0ee6-447d-b6ce-b925fb2ea174,f52710e4-3cbd-4b89-b168-a26973016515;4ea74a8a-774f-46a3-a1a7-96d4a922d0f4,aa2d322d-296b-4a86-b0f4-08ef180ca190,fb4228cd-dbcc-487b-a0a8-848161b6ffe5,2507259a-23c6-4103-98f4-3c54011347eb;c137eb42-a62e-4c52-bf93-659f768a8388,b6677afd-be9f-4321-a346-7e38da1d5868,42af4de9-6eaf-4337-b574-b9d600fa74d6,10b0ce31-85f1-4370-856d-eb9ad8db7f5a;51d9043b-068a-4a31-a0fb-74719a5a6a11;;93;2000000;;;/film/Czarne+s%C5%82o%C5%84ce-2007-306230;;0;0;0;0;725;28;0;2;0;1;2;0;0;0;0;0;0;0;0;0;0;0;0;0;0;11;0;0;0;0;1;0;0;0;0;0;0;0;0;0;758
355;a840ea43-9b8c-4dc7-bceb-0362dbee95d7;2019-12-13;2019-12-11;Czarne święta;d31939d6-e42e-40f4-8e25-f18e47a1e035;;c1e7ee03-5494-4276-b43f-a3663619cd51,548e9e7d-c213-4f86-afa2-a98c8a7e0596,79f9d990-9e0c-4b54-89dd-8091f06cab23,de9fc55d-94fe-4ef2-9d45-ce57c32f3d67,cf79b7a1-4be7-437e-a3b9-1e5f1eeb26d6,0c92e545-8c26-4526-b1a0-1ac2540e4fdf,98d1e2a4-6aac-4c05-8c4c-0048863ad99a,836d28ce-5de5-4c94-87d0-d7c5134e0192,f254ea87-df11-4d94-95bd-26c19fb05ef1,2fdf29be-99d0-4340-91ee-3d5cf2b2edd4,3c38e74c-0fce-4c6e-b71e-8293d3ecb2c4,dad41bda-af62-4e9c-8987-3798e942b176,2f49d0fd-ef3d-4e76-88e1-194f74d80704;a27f4bb2-5971-4120-b161-d3b4421bb810;f44346b1-d6b2-41b4-876f-1b6682aad3ab;a27f4bb2-5971-4120-b161-d3b4421bb810,5a22e7e5-d856-4893-b513-7b030839f7f0;8ad4bc72-051e-40d8-a8f7-b8f3bd88af5e,6d950aba-25cd-40c5-aaa0-a1a5b507a8f5,5c0f3220-a0ee-4038-92c4-d73496c4df0e,d4eb682f-9f30-4e61-b276-0b0d36f06296,1a23b501-1a50-4a05-bc80-68ecc95fb91e,cf68fbf9-4a0f-4385-b1e8-f4664d7da5a7;e5886614-70b7-4297-b71e-0ed0cd8b40a7,4d9974f9-dd4d-4bf6-9046-c1ab0c0295e2;dcbf781d-54a3-4734-9b69-a7e119d59fa5,1bcfcd86-d925-4c61-89ce-00b38e268d7d;en;92;5000000;;;/film/Czarne+%C5%9Bwi%C4%99ta-2019-838911;tt10481868;0;0;0;0;0;12546;4729;1655;662;331;166;66;26;0;0;0;0;0;0;0;0;0;0;0;0;9651;3378;1182;414;207;103;41;17;0;0;0;0;0;0;0;20181
356;e3733ead-610d-4c24-b284-4c1940555ab6;2012-06-22;2012-05-24;Czarnobyl. Reaktor strachu;d31939d6-e42e-40f4-8e25-f18e47a1e035;;de3cd6f4-8ebb-490f-b89c-0f7f1b0e7866,74af4382-e23d-460e-a952-b86cc1d5e678,0bd923c4-aa9d-41a1-9daa-98b6ae5f1a56,d8ab9bd3-9303-48e9-a0ff-47a9bac75c0f,aa3b1e0c-8249-4a0f-94ac-21ec5556d341,831ed746-b81c-4830-95f3-ab4a7ff7779e,8bd1b9ad-34e5-47e9-96bf-45f773229509,ef9fc017-1326-4c8c-925b-5654410c7033,6f74ad5e-947d-41d2-b15a-2cb04b64c9ab,c8d5fca2-f6ef-4ccc-a000-4c47d5312bb7,9a486bee-98c3-4a04-bb45-5b6a802d9d1d,c349c6e6-c026-4ae7-8eba-0f13aba82c12,d21ad00e-6f33-42fb-aab1-3103f559e1ff,25e05330-64fe-4646-a5a2-a34c4ccf6cd6,aa0a26cb-d173-4170-93b1-9e5ef02668a9;d188aeb6-55cf-4178-a41b-c1eb90b31714;34b67685-59b6-4f6e-b120-d5a4616fbe1c;cbb31eeb-6271-491d-828c-8e0e138883e4,22ebfda7-7ef0-472b-89f6-b416e7192e9f,fb133e72-7d99-40d3-923c-197b189a6b98;d7f04fdb-70b9-4100-b02f-4724ae695b4c,c9f05843-40b1-4d66-ba43-4d6112cb2b49,a30e102c-0768-4d40-900e-0db0f2dc783e,744cd360-39bc-4fe7-96c2-4a8ec4649383,8550d2d1-df7f-4f01-8cd4-cfde1e6bb9c6,a8fb617b-f38a-4608-b349-2bb665cd888e,cbb31eeb-6271-491d-828c-8e0e138883e4,3ccd994b-1921-44ee-b054-c31a0b680126,73a8529c-e865-462e-bc08-c00be2966075,606609cb-6e94-42f7-8bae-fdc336dacb89,4a1b3334-d1b3-4079-b3c9-78ec4f289703;dc51233b-58f9-4da5-8d6b-1810115f8fd0,be8a6289-fc4e-4999-a6c8-4cdaaff72641,c987f186-8c99-4d80-a66e-cd86930c0a23;dcbf781d-54a3-4734-9b69-a7e119d59fa5;en,uk,ru;90;1000000;;;/film/Czarnobyl.+Reaktor+strachu-2012-648250;tt1991245;0;0;0;0;0;56450;35235;22074;13836;7190;2740;0;0;0;0;0;0;0;0;0;0;0;0;0;0;21083;16447;8984;7463;4202;1402;0;0;0;0;0;0;0;0;0;137525
357;97eb333d-3351-4d29-bc92-f6485ef4ec9f;2014-05-23;2013-06-14;Czarnoksiężnik z Oz: Powrót Dorotki;4fc66943-7c2c-4e0c-a93f-8f7abb752c8c,15c0b1ce-34ec-4d67-ba14-0138c61d5b54,45434b4d-8a1e-4d0b-8fce-cd849ae707e0,cc52ba6b-afe8-4521-b7c0-616ddb3a023d;56;e6a5327b-1549-4cbe-b812-852f88e05a65,885658ea-2e7f-4ff9-b45d-cf89ded5e397,7f982b02-1bb0-42bd-9a01-212db55b7d0d,b13a2cb2-e4d7-45ba-ad62-9414260386b3,b3c66edc-60f7-4a4f-b7f7-fe8c7363c8d5,b1dac7ed-c9d5-4908-ae00-b15c7cb42b7d,07a33d9f-054e-4f5f-85bd-24a1a577ddf6,a7bed5e2-0169-4cda-8c01-a15e170b3a83,7fcf6957-16f9-452c-938c-2dfb1d13b04b,10242cb0-2bfd-4e1b-a31a-a8df3504c0e7,9619f81b-536b-4d26-ad08-a2676585bc6c,81980227-33a9-4b3b-8d47-f1ed0ef9aac2,b1d93863-c9ea-4068-b32c-c6eda2655ca6,c670a9ad-454b-418a-b129-bf4597557986,17dabdab-9760-4333-8d40-494d0c0fbdc5,f9ce2aa5-4846-4e6a-86ff-f5c9e5dab521,d7f25e38-d059-491d-a209-1885187f43e6,97532586-5264-4fd1-9129-6c46a70d334a;195c0ab4-6c56-40a1-af9b-75413ace101d,75b9fec0-5110-45e3-bac8-a614012696a9;e71270d1-d648-42e8-b1cd-58315299e461;85a1351a-2f98-4202-b2bd-3254979ba68c,b45055e6-711d-4f90-b54b-96fb0c2dbc14;92f76bdd-87c3-4dfe-9ec1-7a8fb3a454ec,1740b336-2267-4164-a3d1-8b2b66d6e7b7,3822ea87-a661-4963-b67e-3f7374e4d0f9,d3696c6d-ae82-4611-9105-874f2ea35cd7,eb33e0a1-d4c6-4b0a-aa3c-b99a4280e97a,17d5d88a-465d-410b-a20b-e194cf6716f7,dc04c605-037d-45ef-8358-00fcc86d392e,2a5f14c8-7e0a-4cdc-998f-710d9ca04478,90b2fcd0-a891-4237-9751-07f3c7eac296,30b44a63-c699-4b8d-b076-7132f615a391,e72f539e-e6d6-404b-98ec-ad582a2a4cf8,d92924dd-5711-44c7-a7d3-e0ffd404fa87,4695fa2c-0367-4898-904f-85acce2cff70,e71c6dd0-6812-4a82-9d9e-2bd29b981c71,599eb212-2fd6-42ab-bba3-a188f2d3467c,b7eabd3f-5ac7-4285-be80-e59e8137404c,9a1019d0-79e6-4d30-8889-321926b6c3d2,f93efea4-b5a6-41ff-86b4-69a58ea69d55,ea77c654-4b58-444f-9d5d-a2f96703a047;8557f069-38c5-4b93-896f-2c89e112704f,f11f2ee7-0aea-45bc-b7f6-5c518deb6a5b,d0baa5f8-5543-4a34-a765-7368d1b06e9b;dcbf781d-54a3-4734-9b69-a7e119d59fa5,203b1bdc-e7e1-4cb8-a3aa-d40b824fb902;en;88;70000000;;;/film/Czarnoksi%C4%99%C5%BCnik+z+Oz%3A+Powr%C3%B3t+Dorotki-2013-547174;tt0884726;0;0;0;0;0;18902;64961;14699;13721;8830;4424;0;0;0;0;0;0;0;0;0;0;0;0;0;0;9822;41741;8401;8523;5028;1258;0;0;0;0;0;0;0;0;0;125537
358;87fcda64-998b-4bcf-bfc8-b1c2ec625b86;2011-02-25;2011-02-25;Czarny Czwartek. Janek Wiśniewski padł;f0506edd-d123-41d3-ad36-1d31a8bb23b8;;f9e6fcab-1077-465f-99a1-0f7a7c5efa46,087cb4a3-5d7a-42b1-937b-833e5744ed6d,f88964f6-3f2c-419b-8ee3-eeb8e643bba7,b90823aa-2fc1-4065-b58f-5f266f721be8,df7b063b-91d1-45df-9c48-8bd389bb7bf5,ca72ba44-a997-4476-b5a3-6f52bca1aa4d,eb2eb35b-5120-49de-bcfb-b937be7874ee,3b181444-a94d-4f91-9ce0-65eea6737866;55343cab-a0d1-43d5-a337-21e9820487a8;e71270d1-d648-42e8-b1cd-58315299e461;cbc2fa99-cbd6-4976-9f0a-209914812c80,36e1e440-fdd9-45c9-9a29-67349761f045;83a4fac7-2d5e-4d1d-a913-0127ac6e107f,36e1e440-fdd9-45c9-9a29-67349761f045,7d858f40-0749-40e4-9732-ad0dc814cdfc,1ce0fa50-e43a-4298-9b7c-a62d3cbef1c5,7f5c614d-2854-4fd2-94e1-d5ee42e52213;d3615c34-6d04-4d9d-91f5-5fd88c8a14b7,e1f4100a-2102-4a09-8227-8084cb60a1b0,5f2c3d88-0cd2-4a58-a909-17d9110f614f;c29315d3-7743-480d-ba69-783e11af73bf;;105;7000000;;;/film/Czarny+Czwartek.+Janek+Wi%C5%9Bniewski+pad%C5%82-2011-551232;;0;0;0;0;308;156064;165843;124532;120403;46780;25816;0;0;0;0;0;0;0;0;0;0;0;0;0;0;73145;62537;45760;36599;16160;7924;0;0;0;0;0;0;0;0;0;639746
359;92f07720-5888-427d-a1f7-28b1322aa950;2011-01-21;2010-09-01;Czarny łabędź;f0506edd-d123-41d3-ad36-1d31a8bb23b8,10733816-1bc2-4e92-a7ea-b96846b4d54a;;3e58e1c1-4719-4eee-9cd7-6dde292aa88b,03590c50-fef9-4a8e-9a75-e87fb376ad47,f5966006-e535-4ef6-ac84-10dca1c59853,7dcc605a-1785-4c06-9697-162c04450c96,acdaadbb-e02e-4b4a-ad35-1c02a72a1f5b,57cf9f6a-7968-4e6d-84c2-d43d99297a90,0f017321-4e86-4570-856a-79403f1284dc,f20189fa-707b-440a-b3e3-17430bd249f0,bc37c4d1-9200-4af0-88c6-024aa72997bd,b79700e2-33dd-45e8-8e40-cb3d4ec61986,fffea650-b673-4002-b9a6-a433daa14618,70017609-2d16-4a86-892e-4a94ca8fc70e,0e655588-93b5-4065-b20f-6a2fdc6c93ef,820c5aa0-ab83-4de7-b4b6-f2cef46e207d,8192bbf7-f19f-405b-bd7b-e85ad97e31ce,c169fff1-9414-44e9-b84c-47c4503684c1,8f14f4ec-3d85-4682-b8bf-025837b26cb4;04d59424-2d58-4c93-b929-1cff29abfcce;f8c298fc-ffb3-4397-9e1b-d709aee89d2a;d067a076-2a9e-4197-bd91-87df4ceab00c,8655dd2c-3ca1-48cb-9309-d4e805bf8792,b0c0d0d4-80d7-4c80-a70b-5d734c1d905b;e8d237d8-ab42-47d1-ae03-b50ffdbf0dda,ed2a12d5-c9f7-45c0-9c38-0ed9b8cd0c7a,f0118d92-89f8-4925-8d16-898d6fb0422c,4f5be74c-3525-4d4f-97b6-f827df4edc4d,2fec44e1-8294-4b32-bc84-0914c1e8423b,c5bc93c1-3c38-42a3-a540-9d8449e3d802,8f142ad7-bb0a-43fe-8b45-e249b7fc568d,6a9b9cd1-36ca-4bed-bb6a-83ad2953e326,4c944b69-9704-4443-bb57-5873361bf319,e019cb5d-5cc4-41cc-a134-8152f6922e56,aca9e38c-3e6d-41d1-978d-6fe24c3c8335,93bcc5c0-75b8-42b6-854f-9c4ccaa286b5,928448b6-33f4-4317-a36c-bdb2a19fbcfd,ba938cd2-7bd2-48df-857b-a76764101df0,e9f183bc-4291-4193-b85f-8a90cb7e01e6;4e52a1ad-d575-400c-8cb2-926a07ddd950,9e9c155b-dea7-4518-95f3-2cb33429f0c0,da078577-6b81-499d-b051-e8bea8ebda49,46139c81-f7ee-48cc-bd36-0febab4b3f77,193fc4d9-c290-43cd-a3d3-0cd55d723856;dcbf781d-54a3-4734-9b69-a7e119d59fa5;en,fr,it;108;13000000;;;/film/Czarny+%C5%82ab%C4%99d%C5%BA-2010-526137;tt0947798;0;0;0;0;818;95736;83177;65153;52210;34482;24507;0;0;0;0;0;0;0;0;0;0;0;0;0;0;51090;47552;36508;27007;19459;12900;0;0;0;0;0;0;0;0;0;356083
360;261ac0ec-4b2b-4201-a1d3-fcf58638a15e;2019-10-04;2019-09-18;Czarny Mercedes;c8692873-ebae-4261-a833-4378ab4e126b;16,54;21e36d56-73de-4d14-96ef-a1822bca0f84,4fe134f0-5333-43f9-924f-4b3206bf5e5c,7ecbc6b2-cb8c-41f6-a1ca-a6361543cd11,6ffc1240-fadd-4bc2-973b-0c59bb68004d,2ada60bf-e734-4aa6-81e1-cbe8338df3db,a660f7c1-1e8c-4274-83ca-7b6b5cfc1540,cbd44980-d064-4a44-815c-a1bec74ef198,a57e8721-defd-4c82-bd91-b2834196dd1c,f7840281-15e3-4b14-8dea-f250491c1fff,ae5ff424-a9d4-45b3-8f3e-a1ac3faadf1d;1a364fb5-c69c-435b-a604-647acfd96713;e71270d1-d648-42e8-b1cd-58315299e461;1a364fb5-c69c-435b-a604-647acfd96713;e0b73d4e-58dc-4a40-925e-8688223c627e,35f5806d-29bc-423b-a6d3-35514e20534a,25684212-fccf-49d0-8b29-7fbbfce765d3;5f2c3d88-0cd2-4a58-a909-17d9110f614f,3a0d04e3-6372-467e-9896-87056e966925,90d825df-9be7-47e3-a39d-83a33ef35376;c29315d3-7743-480d-ba69-783e11af73bf;pl,de;120;12293698;;;/film/Czarny+Mercedes-2019-822550;tt9823170;0;0;0;0;606;29655;9483;2613;624;629;629;0;0;0;0;0;0;0;0;0;0;0;0;0;0;16409;5166;1548;428;315;315;0;0;0;0;0;0;0;0;0;44239
361;61b377c9-9592-45c5-90f5-8d4241cd2b96;2012-04-06;2010-09-12;Czarny ocean;f0506edd-d123-41d3-ad36-1d31a8bb23b8;;cdf2eb9c-7ebd-4ac3-9d0f-f903805452cc,c7a54dd1-b4dc-4368-912a-969579632ce2,9aced61c-76b1-4329-a3bd-36cf854ed101,81ba5b97-b8d5-4f5e-ace9-0eff70e9820b,9b0f38b5-1a77-462c-8e8b-805cbddacd68,b17a4de8-617b-4086-bd49-c53fe19c293c,ffe5348c-4a38-4816-aad8-08df89ff4278,00f66932-c02c-47b5-b144-08f1eefc48e2,77953e5b-9b28-4093-9978-fa0812a901a0,aa6c972a-0a4c-457a-8f41-c4c0aa735c6a,32ab7e9c-a95e-4f9b-8fd4-8cf79f70dca3,a983598c-028f-49d3-94a8-7215ef45832d,f15ca010-6e60-4075-8e08-a950595e0c54,80f90d40-5c58-4136-a7eb-bf56437a00d2,e3fd0899-08b1-42c8-bd4c-8d5c0cb576dd;2fd8abf7-9e65-40fb-8ff8-374ad6ecddac;f4b55c4c-9fd2-4c03-94c8-94c595093805;2fd8abf7-9e65-40fb-8ff8-374ad6ecddac;2fd8abf7-9e65-40fb-8ff8-374ad6ecddac,d4562033-7899-4ade-962e-79f88a13d4fa,a2303721-02eb-40b7-b960-98fd9986d956,d90c4101-0e94-437b-a1fe-13ce8d6a7ce8,98fd0619-6f2d-4454-9e16-d6aba37c594f,816cce66-93bd-492b-a2a1-e097c342fb05,6bd3a15a-90ed-430e-91cd-9d25919f3247,59640196-a4de-4d61-897f-4277ada0a59a,c0268584-e1cb-48b2-9c77-e62151cbe8c9,f2d7c916-812b-451f-8139-79b599ca1325;2fcb5aef-9720-4939-8372-83a75ff68e14,d02acb34-39ba-4180-ad04-2f88f2ea8f14,7342bf70-d467-4c62-a8b6-0e56a21d4a0a,110934c1-fbc9-4abf-8eb2-15a35877b77f,081ae500-4366-499f-8d51-7116c334275b,7a9890ad-6ce9-4cc3-aaaf-7bad93bdab42,bcab93c9-3050-4ccf-b916-cc0ceae6f2e3,7fdeb79c-8618-42fb-bb6c-2c02edf8d646,d092b19a-02bb-42c9-b2bc-0873d2341484,dc0bb6e9-9445-4cf1-9e3f-2865522fefc3,a71a73c1-02ba-4827-8e40-1a59c2cfe60c,e1b2e43f-db48-4cc2-a650-f36a6a9e8bb6,2fc0be53-f70b-4d04-a0a3-8e7eeef9b114,6b2e02f0-9db2-4bc2-94c9-f41fa06f269f,600f7108-d734-490c-a92c-179d910e3367,e6a1faf0-2a4f-4f0a-8ecd-b150e25b0182;51d9043b-068a-4a31-a0fb-74719a5a6a11,6614b794-9b07-4de2-837e-3aba6098ec7a;fr;90;2000000;;;/film/Czarny+ocean-2010-591128;tt1722516;0;0;0;0;0;599;61;21;17;17;89;0;0;0;0;0;0;0;0;0;0;0;0;0;0;548;31;3;1;17;87;0;0;0;0;0;0;0;0;0;804
362;e649d858-850f-4999-9ada-865c88817d01;2012-02-10;2011-05-12;Czarodziejka;f0506edd-d123-41d3-ad36-1d31a8bb23b8,57366ac3-c349-4e55-ad5d-6f8061179e88;;76c28fdb-a449-48b4-a5a4-e2ada92820bc,b9985664-4c62-4a2d-a826-49b792ac6cb7,942b8ba3-dc95-44e0-9b49-6de578a9eb86,5ceef574-bebf-4977-9105-a6cde1c285fc,bfb1071f-361e-4bec-a66a-857f89ebbccb,bacc6fd2-92dc-46dc-b5bb-cd17ba13033a,ff1384b7-1c68-4e5e-8a69-b93a0accc45e,f8a71008-7ef0-4511-bd40-29419bc2b4cf,7683c977-89f0-4f7a-9b8e-fb94c47999c4,a445f995-498c-47e0-8e7b-053dcefdb9b9,86c896af-91f3-42c9-af08-794eaa79f869,25b522d3-dbec-48d3-95fb-2d810f56c52d,1c4b2781-59f5-46fd-a125-217b60b5803d,d038df66-8d1c-40fb-910d-049139cd0791,df6ec8fe-3b5f-4c02-9cc3-591d57023533,7cc0e5aa-cce0-49c1-a710-8a5dc237eb9d;76c28fdb-a449-48b4-a5a4-e2ada92820bc,b9985664-4c62-4a2d-a826-49b792ac6cb7,5ceef574-bebf-4977-9105-a6cde1c285fc;1886bb61-6185-44b0-849b-ed26b23b5074;76c28fdb-a449-48b4-a5a4-e2ada92820bc,b9985664-4c62-4a2d-a826-49b792ac6cb7,5ceef574-bebf-4977-9105-a6cde1c285fc;d702404f-4f1a-4c3a-bf7a-4cafb7aa198c,61b5a3d6-bb4e-4b38-b569-a0f08aee0161,ff458d61-2c00-4534-9983-7f10253733df,f04179bc-72e1-4367-ab6a-47e40fff44a3,206d6e84-4fa5-4faf-8f5e-cfc2ef046b24,c0a5793f-30fc-4e97-8337-197b05f2a50c;09a53960-a8a3-472a-bf8b-5bbcbeebeef7,68f20116-0ab1-408a-acf3-60b0c5a2f9ca,40a6ab76-9c49-4bc8-b762-1b34239ee4ce,e6865375-e967-41de-9f61-28c663fdf4f3,b6e42ea4-47c9-4d9f-9a17-2be0fe5677a6,6d181a7b-b3f3-4a7f-9179-bd95c3fc310c,a8713029-2202-4fff-b343-8ab1f7cfa3f4,131e4050-12f7-4aa9-98f4-cc0deec1eb25,fbba907c-36f4-49a4-85a8-8571ec03df45,55191a4e-f182-43d0-ade5-75bd9bd052d5,56223031-f884-4f74-a872-ce20f82db9ca,67dcecac-e31e-4704-b830-8d57f23b71cd;51d9043b-068a-4a31-a0fb-74719a5a6a11;fr;93;2000000;;;/film/Czarodziejka-2011-616782;tt1922645;0;0;0;0;0;0;0;0;0;0;0;0;0;0;0;0;0;0;0;0;0;0;0;0;0;0;0;0;0;0;0;0;0;0;0;0;0;0;0;0;0
363;8520cb9b-f8e6-4bd3-98c9-189d2fa2b412;2015-12-11;2015-07-06;Czarodziejska góra;4fc66943-7c2c-4e0c-a93f-8f7abb752c8c,f0506edd-d123-41d3-ad36-1d31a8bb23b8;;1a545f15-404d-472d-9dc3-47ebf762dfcb,f0c7e323-3a9f-4ab4-8e9a-006ba50e712c,c1884b63-7bf8-4c8c-9931-e33764aeb658;2858721e-0db1-4ab5-87d3-0a3abc607c2f;d5e669d1-f258-4ce4-b22a-1c5360abb0d4;2858721e-0db1-4ab5-87d3-0a3abc607c2f,185bca12-3b00-479b-a948-b1f19c80b869;c0f9ebba-f2e8-4a59-b3b6-bf77583b729d,4814ac8b-e113-413b-91e1-66c91daf3b28,2858721e-0db1-4ab5-87d3-0a3abc607c2f,5f86d41a-5a41-434c-bc1b-ed0d8d19039c,5b46fc05-f0ba-4ab2-933f-7995dfbbac38;45bde5fd-3dcc-4442-8c41-36477ad163eb,fffeaa3b-531d-49cd-b236-50cab66ed91f,3a5100a9-638f-464a-b8da-cc69e0fac16d,5f2c3d88-0cd2-4a58-a909-17d9110f614f,3d8dca1e-8e92-4034-90a0-f11553471d08,3a0d04e3-6372-467e-9896-87056e966925;c29315d3-7743-480d-ba69-783e11af73bf,51d9043b-068a-4a31-a0fb-74719a5a6a11;;95;1000000;;;/film/Czarodziejska+g%C3%B3ra-2015-743752;;0;0;0;0;0;504;119;118;0;0;0;0;0;0;0;0;0;0;0;0;0;0;0;0;0;444;59;59;0;0;0;0;0;0;0;0;0;0;0;0;741
364;5e9adf43-a9aa-4ca4-a42c-3e1d6be298b0;2014-05-30;2014-05-30;Czarownica;15c0b1ce-34ec-4d67-ba14-0138c61d5b54,45434b4d-8a1e-4d0b-8fce-cd849ae707e0;155,184,260;3e061a49-f3c5-40e3-9942-436d50d496f7,0c3e49a1-9c0f-4cd6-8c3f-c60808524902,b2362afd-17f1-4665-8705-eaf8f1a99503,e011ca66-7271-461c-9cac-6e890a3fa557,add4e8d3-e23f-4241-9402-25db93e4c10c,0d350ebb-0f88-425e-ac02-b2b24c33eb9b,ad6f8847-dd84-4508-a4b1-0b1a2f538995,30ea4455-4058-4be8-9b8e-c314b03ae38f,990e8cf5-44c5-411e-8692-13ffa6db3561,5f31d1c5-5d34-4d5f-b4d4-f234a260969b,9370e823-51d0-49fe-9cf2-f307d65d4be0,6bd231ff-2b74-4631-86a2-f4ef4939a042,d46e27b7-7c71-4ea2-bd5d-a3385e1b7b20,d19be640-b55c-418b-921e-df9d8310f760,f8bd450e-3a12-414e-a6ab-ac274b3fc82c,342404a6-1b34-4763-8501-00c50bc47d9f,2e7c834c-b0de-4216-9f16-d92e27bce190,99a40848-55b9-465f-979e-0d051518a4f4;6227444d-cb9a-47b7-9f14-6c43af7aca92;91706a73-a86c-42f4-814a-c5586e41903f;32d151d2-5dc7-46b0-a276-8992b3317750;3e061a49-f3c5-40e3-9942-436d50d496f7,01158b32-f497-4f3a-bd93-3dc817078160,147ba7c7-1af8-4152-a9ef-57796b8f4649,98230e9d-f03b-4bf7-8827-fc97dcb461c0,310f364b-ff16-4982-aa74-0c2f300ad6c8,259b076d-bea2-41bf-ae9e-895b74ddfe22,f035db52-2413-4965-98ac-a07911d38229,2d4727b7-5b05-49dd-b6c3-b29b6fc5d0f5,5bf9d338-4011-4fc5-a135-dcbc1566c590,6f88015c-eb87-45f4-903c-55caf2c39202,ca9f1047-e32a-4944-b9f1-3c604fa867ea,c3be55fd-8417-444d-907a-7fdcdaba6209;1d8631b8-5271-4347-afbb-788a8281c5da,3c3fee43-f828-4c35-81d6-5bf009be4ca1;dcbf781d-54a3-4734-9b69-a7e119d59fa5;en;97;180000000;;;/film/Czarownica-2014-557330;tt1587310;0;0;0;0;0;212635;95059;106270;86785;50611;17364;16582;9556;0;0;0;0;0;0;0;0;0;0;0;0;140072;51543;55819;39300;22423;6281;1759;492;0;0;0;0;0;0;0;594862
365;3bf7ccd6-dad6-4d69-b0a0-fa4957136a58;2019-10-18;2019-10-16;Czarownica 2;15c0b1ce-34ec-4d67-ba14-0138c61d5b54,45434b4d-8a1e-4d0b-8fce-cd849ae707e0;155,184,260;3e061a49-f3c5-40e3-9942-436d50d496f7,0c3e49a1-9c0f-4cd6-8c3f-c60808524902,1ceb3c25-d95e-41b4-ad5b-2b6026aa6633,ecfcba4c-e2c6-4515-802f-d8cdda4ac9e9,ad6f8847-dd84-4508-a4b1-0b1a2f538995,7361512d-dbc8-4b50-8810-7f7e6e264dca,87af1dda-8b6a-4236-955d-4a642ce54f55,07a4b478-4c2d-4594-8cc5-cd1492eba787,ea264524-647c-4dd7-b808-14c5e59b2b83,17e4be63-c212-451a-83cf-014342849bbf,0d350ebb-0f88-425e-ac02-b2b24c33eb9b,e011ca66-7271-461c-9cac-6e890a3fa557,add4e8d3-e23f-4241-9402-25db93e4c10c,4dbcf102-d912-4e8b-8d8e-2f2a679e6e01,3d4ae03a-8ce7-4bcd-9316-214bf74cbb7f,bb66a846-cf33-432d-b9ad-2faa4ae0260d,98982382-7459-4647-855e-cb2d5ecc78db,3769c677-2804-4d32-aa49-2c93586d1ed2;b54bf66c-5566-43db-8d52-4d96960cf7ea;91706a73-a86c-42f4-814a-c5586e41903f;a628a82f-0838-4d05-b445-405ea8faa264,e8d44012-5d00-4d69-af2e-89631103cc7e,32d151d2-5dc7-46b0-a276-8992b3317750;3e061a49-f3c5-40e3-9942-436d50d496f7,01158b32-f497-4f3a-bd93-3dc817078160,32d151d2-5dc7-46b0-a276-8992b3317750,1f8022b5-79e2-4677-a621-1ebc478442ec,3603dc81-71fd-43ea-8e39-6e2c321be360,47a0411d-d5e1-4623-aee9-f63f925a19bc,3cf3a766-b06c-484d-89ed-8624542d6555,1236c178-423f-4c63-81cc-659f54539d01,cd404f99-1dd8-4f03-bf4f-436698cb6047,5bf9d338-4011-4fc5-a135-dcbc1566c590,ca9f1047-e32a-4944-b9f1-3c604fa867ea,25f26920-970e-44f2-ab23-a51177481c74;1d8631b8-5271-4347-afbb-788a8281c5da,3c3fee43-f828-4c35-81d6-5bf009be4ca1;dcbf781d-54a3-4734-9b69-a7e119d59fa5;en;118;185000000;;;/film/Czarownica+2-2019-747140;tt4777008;0;0;0;0;0;272185;212673;157302;159662;83010;41685;0;0;0;0;0;0;0;0;0;0;0;0;0;0;186003;136621;111487;87037;60334;27744;0;0;0;0;0;0;0;0;0;926517
366;e691fcae-a0a6-4575-afcf-5df0a943f3b2;2013-03-22;2013-03-22;Czas na miłość;f0506edd-d123-41d3-ad36-1d31a8bb23b8,57366ac3-c349-4e55-ad5d-6f8061179e88,8ec4b60e-c873-4767-9684-2d4031d99871;;4c70bf37-396f-4c15-8266-b12ad2996e50,0fefc126-1259-4ef0-9650-b515c2c48599,eb03aaf0-d3b1-44fc-ab66-248683937a4c,002dca28-a9ea-4ca8-a830-b02cec3dd36a,15edb531-f233-4dbc-933d-68d3a1f93452,c0a83044-aedc-477c-8419-0196824300f8,03965d43-0698-4e9f-9c48-deabe79ed28f,2f2ca8da-c3d7-47d5-8da2-bfa156108b59,75400c07-85f8-42f8-989e-e0fc4edeee45,58b1d060-26a3-4b0e-8f09-dd12e6177274,80b37690-658f-4201-bd91-474ce2471ca3,52bbbbe4-d6dc-4953-80ae-9d09f2c8dc73,128eca9f-74df-43d9-87b5-521c132c3546,686777b9-6329-4474-a8bc-addd1cae0011,4d4dcd62-698d-4d88-a853-dd3c9d03a326,2716dfb7-96ad-4297-9802-af820582d8b6,5659333b-c4fc-4197-83dd-a2f4c8acbb45,40084b48-a48b-4b7a-816c-02a0e27c3647;0bfa6ff9-1456-41ab-8989-d116952a34db;6f1e0b01-00d1-4844-9c68-e9d65479cb3d;17955324-6994-441e-ab5d-17683869b872;0bfa6ff9-1456-41ab-8989-d116952a34db,71624d49-fe4e-49de-b81f-1a378c730948,59afae3d-72f1-4f23-8a16-d69030fc818c,82e2713b-107f-40cd-9936-98f922b73f13,eb9c9a77-497b-4c6d-9aea-4fd655c03923;873900e8-cf64-478e-a209-6b61839d4a74,eb3b6dd3-1877-4d62-a03a-2c8b556065c3;dcbf781d-54a3-4734-9b69-a7e119d59fa5;en;107;13000000;;;/film/Czas+na+mi%C5%82o%C5%9B%C4%87-2013-618107;tt1814621;0;0;0;0;5559;54031;46233;27637;16470;7546;3369;0;0;0;0;0;0;0;0;0;0;0;0;0;0;28129;25008;15757;9140;4733;2000;0;0;0;0;0;0;0;0;0;160845
367;f5d68021-d81a-41d9-a191-68f5450c2b2c;2018-01-26;2017-09-01;Czas mroku;36a330ff-bd5d-4a0e-b74c-8a0d4473b778,f0506edd-d123-41d3-ad36-1d31a8bb23b8;55,58;c1ef7f4f-5b4a-4737-b502-3ba18f2b23ee,ee3a454f-6bb5-482a-a655-3c18bea0e7ff,8d81371f-3aa5-4771-87f8-d0f0090d1147,4ed9ce99-ccf6-4fc6-b33c-53edbe99380b,f3259396-dcb7-4e74-8881-5cf52a66ff47,05ebf917-6ed6-41d3-afed-601655acfa67,40876531-bd23-4f81-89f0-c284578a9867,efeaa51b-2dee-459d-9c31-23626e2ffdd6,0adab57e-6ef0-48ac-9dec-da798b556e3e,e63a46c2-4f19-4051-a788-30336fe54c25,89c0ad22-952b-4528-9d88-26f70e7dd6c1,1b3d66cf-2e65-4e99-9f05-ad556c34ccf4,92ac27da-5a23-41b3-bd87-fb83ff09652d,ff95fae8-d34a-4003-98d1-9423b738683a,547e5814-ec27-4d0d-a3a8-f1b676d37b39,8d2b1aa7-fe6d-429d-ab16-ca58553003b7,c0b7803f-58d6-495e-b658-733100be1731,fece5e04-f100-4e3c-abe3-bfd8c9b98795;13cecabf-1c60-41aa-9c14-7aeb00164ae1;f44346b1-d6b2-41b4-876f-1b6682aad3ab;567bc930-7e9e-407e-a553-03918a5e92ba;d2990a1c-2804-42dc-a75e-34be0851bae9,15dcf0dc-df43-4c89-804d-faa02c70aa1c,8502a567-fcd9-40a6-931a-f0f1b8dc0105,eebed2b8-1891-43e9-9669-b82b147f6a5d,3258a1a7-7418-43a5-86a2-38f473394fe2,567bc930-7e9e-407e-a553-03918a5e92ba,843f3653-45db-4cb6-a7ef-67b7077d4329,e740a3e8-07eb-481e-a276-377e5391b0a3,5d0a5ab6-bd9c-4f43-8569-7ccde6fac70f,03d89ed3-63be-4d22-953f-4efa620a284d;8b0bad92-76de-47bf-bda0-396b09f9f401,b1b7abd8-97bb-42ac-b171-332d285eee5d;dcbf781d-54a3-4734-9b69-a7e119d59fa5;en,fr,de,it;125;30000000;;;/film/Czas+mroku-2017-782092;tt4555426;0;0;0;0;0;45067;27891;16244;8632;4028;4291;0;0;0;0;0;0;0;0;0;0;0;0;0;0;26924;15414;8826;4769;2453;1871;0;0;0;0;0;0;0;0;0;106153
368;f02a21fd-110b-4402-ae2a-022e32d31aa1;2015-11-27;2015-11-27;Czas niedokończony. Wiersze księdza Jana Twardowskiego;2c2fd51f-d2b8-4fb5-aec2-faf911088642;;910fb154-bf78-4aa3-8787-36d71035e922,6a87e543-4fa0-4a09-9b57-ec79d0fb46e8,d50a43cb-d550-468c-ae8d-199ef29711bc,0696d611-83ca-493c-8162-5683f4fb7bc7,a646f089-c22b-431a-81f5-2bb6efb83f01,58ae0fe0-bbda-4979-93ef-3c5ba4e40a5d,ee8c6213-e2d1-41b4-a613-fbf7684fe0c2,f2da70b8-de08-48f8-907a-9097adc1bf25;f1eed256-c32f-4390-b362-9c068141373c;e71270d1-d648-42e8-b1cd-58315299e461;f1eed256-c32f-4390-b362-9c068141373c;35f5806d-29bc-423b-a6d3-35514e20534a,b5938129-d8af-4106-8c14-1d023b3adb9a;90d825df-9be7-47e3-a39d-83a33ef35376,7234ab90-0969-4d0e-87ce-cd818a7f9185,5f2c3d88-0cd2-4a58-a909-17d9110f614f;c29315d3-7743-480d-ba69-783e11af73bf;;40;500000;;;/film/Czas+niedoko%C5%84czony.+Wiersze+ksi%C4%99dza+Jana+Twardowskiego-2015-752062;;0;0;0;0;0;196;69;24;36;36;49;0;0;0;0;0;0;0;0;0;0;0;0;0;0;134;23;15;18;18;25;0;0;0;0;0;0;0;0;0;410
369;8ca2a4bb-2035-4859-8811-b354d7f5c2de;2016-01-29;2016-01-21;Czas próby;1db1ac18-a83d-4645-9cb7-3c60a03012ba;54;ba5e587e-6453-4088-b1e5-72042f48a62b,a3477a5b-fb7b-4c50-aa0d-0bea94e18647,2cf297e0-cec6-45ff-b70d-995d7333e5c8,919a4fe5-346e-42da-9746-081e7a5e26ef,6a4fe24a-0796-4e1a-8b54-e9a303375633,d3aa6756-5443-4918-bcba-4fe64291f943,34429248-0ca0-4a01-ad1e-cc9d66ba196d,2e8dc054-e2af-48ac-97f7-fbc8c4b98381,968e7e18-832a-40d5-87a3-b9f7f55379c3,d93ef91a-b715-4656-93f6-3c2d4ad62145,69f892ba-4b66-4791-b9ee-0be5cdbcebbd,e2b0e228-54af-42da-a4b4-eaf6aabcc38f,e37391e8-0708-4c91-ad66-5435a5dee6b0,446db4ef-0d71-463d-85df-828050eb04a3,ae5679ee-24d9-43d7-aa21-ac4df7b5132a,0c9ae0cd-7d2d-4dc5-be82-4f484e7cec29,6c5a71e6-acf9-4fc8-abca-7223ff55205c,64298425-b0c9-4d18-a74c-ed3579ad9736;0a436cf5-728f-4a3f-bc77-e6caf35a41c3;91706a73-a86c-42f4-814a-c5586e41903f;baa13e8f-31a8-45e1-95b8-8e4b61514dc8,3568bc8a-15d8-4b66-bfdb-fe8143fe9693,648dd35b-7068-467f-a6e8-6b400944d689;5db03797-4164-486d-8e24-31f010ba88f8,9ec549a4-4a06-478f-8c49-14789ee60f83,615fcf83-54d8-4775-b2d6-7fc9fd424805;3c3fee43-f828-4c35-81d6-5bf009be4ca1,086be1f0-2dcf-43b5-86ca-347fe5ce3ee4;dcbf781d-54a3-4734-9b69-a7e119d59fa5;en,uk;117;80000000;;;/film/Czas+pr%C3%B3by-2016-637823;tt2025690;0;0;0;0;0;17032;7537;678;598;351;24;0;0;0;0;0;0;0;0;0;0;0;0;0;0;9867;3672;482;422;176;12;0;0;0;0;0;0;0;0;0;26220
370;706292a1-9588-4c0a-8350-4a903be9108d;2012-01-13;2011-12-04;Czas wojny;f0506edd-d123-41d3-ad36-1d31a8bb23b8,ddab39a0-2223-4d0a-90b9-63c057a4d810;;4e2f4459-d5a8-4b03-a932-f9593c863599,2be2f14b-4616-4be2-aa43-2da777d77c17,618e60fc-2af5-498a-a544-a74605b7c85e,41f5e5c5-db76-4c13-a653-cab0a97a12cc,f110d7ed-17c0-403e-923e-aabbffc46495,cfb361a3-db43-4c69-9837-2460df1370dd,0a507fa8-c65a-4141-a911-8c8735b094e6,8f3a2282-5a19-4dc1-964e-161f4f6f5889,9b059fdf-6ebb-4de0-890f-1ff7dc069641,720c5506-5ad5-4e81-9188-3cfc3e2d11fd,0fa5e38c-605b-403d-8d4e-4b335ee9b561,3efcaf50-a866-41b2-9d66-4138f76a5bbc,ed21ac97-f250-4bf9-9310-6c75f26e11d8,cc9756ad-2c9a-4798-b40b-4b7a08961630,e4a57c4d-23e1-415b-88af-fd44c589a523,49e30f08-4f0c-41c0-a863-057707c34f55,455c9cab-e90f-494f-8b8e-d4db98e27367,d019f4b5-3608-4367-b4cd-3f7444471bb9;10ad3205-d4ae-4a78-855c-217b66cdc505;34b67685-59b6-4f6e-b120-d5a4616fbe1c;ecf9842b-a459-4459-bb35-3333add550ee,2e830d98-ca91-4155-a0ef-8163cc8fb8a0;10ad3205-d4ae-4a78-855c-217b66cdc505,1242a5b8-bf40-4a79-916f-8796f45cdfd9,890ed6fe-5afc-4fdd-93cf-9e7a4bb29493,0725633f-2b3d-4894-8647-882ac8a89779,722a0b19-0c47-4bd8-8b6b-3be1055a04db,7a4bbee9-cacb-4252-bba4-bad42d147567,cd8f768a-72fa-4396-80fe-1600640c8607;08d2094c-302e-43ee-a868-5891c01e1455,59f86ebc-e639-4306-ab1b-1045fca19024,749e0433-7d9f-4022-9406-35cd2fc48fb2,2fbe1422-1078-4e47-b64f-e5198ee9b3b1;dcbf781d-54a3-4734-9b69-a7e119d59fa5;en,de;146;66000000;;;/film/Czas+wojny-2011-554556;tt1568911;0;0;0;0;0;12621;6750;3680;600;599;600;0;0;0;0;0;0;0;0;0;0;0;0;0;0;7338;3271;2088;300;300;300;0;0;0;0;0;0;0;0;0;24850
371;43f34f3c-f799-4d86-831e-5ced35af0574;2015-08-14;2015-08-12;Czego dusza zapragnie;57366ac3-c349-4e55-ad5d-6f8061179e88,6a5af1f4-128c-4ca8-960d-3f0f36d29764;54;5bbfaf3d-e19c-4608-a00a-fe5af73e7230,7f89a6fe-e09b-43a8-b955-9beb35302c34,853e56f5-10b0-4fe0-9ba1-897fd46aeffd,0c4947ce-e525-4044-b595-182138f1daa5,c6b0b2e6-f45a-4698-a1e0-931fbb6aacde,a5b96497-d1fa-429a-8a2f-b42adb18735e,efcd2dbc-15a4-42a9-afe0-91339a6bd1eb,34d2e232-3885-44ae-878c-cbeaad009d77,082291ba-f54d-4731-b45e-7385d8a938d8,162fb720-c19a-4009-ad7d-f58bb995c099,89d7e577-7812-459b-8d43-59525f1ef129,2988eaae-ef68-4aaa-9458-0ad2d2a8f75a,7ec198ee-8dff-4a74-817a-21855e1b8d97,d7b0a88e-34e2-4843-a16d-614aefefa494,2d8efdd0-8afe-4070-baeb-84a012de4bca,03cc6ffd-59f5-4049-b2b0-a950ac0e1f61,05497404-5613-4837-bd5a-673444e2c41b;377fdfd8-f5ae-442e-a7cd-1fa677859016,05497404-5613-4837-bd5a-673444e2c41b;6dc7f7ed-6e1c-485f-ace0-6547ecb1abd2;377fdfd8-f5ae-442e-a7cd-1fa677859016,2521b251-cca3-458d-a0eb-4a8681cdada1,05497404-5613-4837-bd5a-673444e2c41b;a9467458-31c2-482a-9500-1dcdc3553724,e0fa98b4-fdfe-4c45-a62d-b017d06443b5,279e10f9-3c07-4177-9109-0832140c53cf,0b88bf2c-1aee-4155-ad70-bff6e1be2723,62fe9497-a87a-4384-8946-590d61b25744,4f5be74c-3525-4d4f-97b6-f827df4edc4d,934454cc-f0f8-4848-ab66-54a9d76d9282,26bb9367-7836-41a9-991e-875db92bd76b,63078a7e-fe2c-40d1-a08b-9dfbdb480d60,8a14b3e9-99fa-4812-b1a9-ab028fc11ed2,1d72eb4e-be25-484f-a1cf-0bb1b2c2d334,f9b91782-3c28-428a-afa4-c0b46cc9d0fd,333604ef-2f6f-4b6a-a19a-556fb3385bd8;338f74a1-2095-4275-9d49-d2f41f5e1caa,f203e3c2-80bd-4f7a-b607-891cea60a1f0;dcbf781d-54a3-4734-9b69-a7e119d59fa5;en,fr;85;3000000;;;/film/Czego+dusza+zapragnie-2015-644574;tt1727770;0;0;0;0;0;22194;12603;2318;717;126;125;0;0;0;0;0;0;0;0;0;0;0;0;0;0;9880;5304;1260;414;63;62;0;0;0;0;0;0;0;0;0;38083
372;26537399-88ca-4b6d-8e61-08a6c97fd104;2018-03-02;2018-02-19;Czerwona jaskółka;1db1ac18-a83d-4645-9cb7-3c60a03012ba,ec704b14-2c9e-40fe-8ac8-27768e689490;17;6dceafd4-cd25-4098-ab32-31dd074166df,27aa5d73-fd85-46d5-8474-bffb82dce206,d2abb3b5-58f7-4b3b-8f09-631431a5c21e,7142ffd3-2895-48b8-aff4-f74e3b600385,afbf74fc-ac3e-4a0e-8d2e-7cfad1fc3cab,5bad009a-3b50-4aa6-b5be-c30e771a92f9,7efa85ff-3447-4e9e-a62b-8ed0ee96be00,0a0f5b5a-42ce-42ca-bdc8-7d2419492dc5,921097e7-80ee-4c52-bf46-b9ae2c49a020,c826adc0-76ac-48ab-bfb5-f00462f27a0b,c670a9ad-454b-418a-b129-bf4597557986,21e556a7-b0ac-469d-8797-36213337820f,1d763f79-bba1-4ae5-bd11-8d0c2df82f42,8dbdfd32-33de-4729-97f6-2eda5761c3ae,d21ad00e-6f33-42fb-aab1-3103f559e1ff,a43ec956-a0c8-447a-9276-1d462a1bf2eb;eec476b4-1383-4882-94fb-4073e900434c;f8c298fc-ffb3-4397-9e1b-d709aee89d2a;19654a2f-0fd6-46a9-a299-b4b0e395f748;b3f1c6d5-63cb-4bea-9780-acb3e613c8b4,af121cdf-d384-41af-8c90-7ee5e4c2142f,b28040ec-affa-4641-92e5-f3734d59e1e8,a867ae02-7c94-4e7d-9306-964e5723677e,fb1d421d-bdf8-4b09-a04c-3afa92227d38,5adf674b-e79f-435c-bae9-74eb9e7f5669,209b5880-4177-4e75-9a78-1602f6492408,f16de58f-e027-4755-981e-24096fa64d14,aee29658-76ef-4c83-80ba-72c1292fee13,0baff264-13ee-483a-a386-8af78d46140a,ea83a9b8-bdc5-4229-9f79-765e55a9fad6,1828c6d6-cff9-40e0-889b-82acf25cedd4,10149161-72dd-40e5-9c0c-692f3bb236ef,5c3c03ce-6f61-48d3-8171-b094e460e3fd;7deb7014-5287-4dc4-b8fc-d6a599cb9a99,d3f8f8e4-b28f-4248-a7a4-873aa6b656c0;dcbf781d-54a3-4734-9b69-a7e119d59fa5;en,ru,hu;139;69000000;;;/film/Czerwona+jask%C3%B3%C5%82ka-2018-773236;tt2873282;0;0;0;0;0;110941;72489;40876;32454;19784;11674;0;0;0;0;0;0;0;0;0;0;0;0;0;0;60289;44119;24001;17747;7975;7280;0;0;0;0;0;0;0;0;0;288218
373;1fac13fc-0447-4327-9bee-ec5cb1d6140a;2014-07-04;2012-09-21;Czerwony i niebieski;f0506edd-d123-41d3-ad36-1d31a8bb23b8;;ab1f6537-d4fe-412d-b23f-d04b601e36ca,6a150a10-8a5a-439c-9c6c-a9303d821e1d,08361040-2847-4ae1-9700-f0888f59d25b,a19c5457-814a-4515-889f-5a9e08a12ace,3de90b72-076c-4fd4-ab79-717713e8f0b6,e8a593ac-71ba-4770-8ce0-f13af5ac92b7,37a81ab5-c204-4ab5-b141-73076f685f18,a0224147-15f3-4370-b0bd-b8073eafdad6,0dd1d20e-23a2-4fe9-b7b9-b168dca8cc74,69d4b592-3208-42d8-b7f2-971a64cf7b1f,285ce569-4ca8-436f-8817-e384b872cff4,0dec8f9c-52d4-4c9e-bbc5-a8694c976742;4346aaa5-90c6-4b80-9705-f4ffcee53144;1886bb61-6185-44b0-849b-ed26b23b5074;4346aaa5-90c6-4b80-9705-f4ffcee53144,a8171e60-3995-4b03-a084-cb4279671595;f802ad90-eaa7-4c15-9841-740937d492c1,7144ff4e-89cb-4bee-881d-25a346784559,45d686da-2f73-4b0e-9cde-1a758521402d;d103091c-300d-4c75-8094-f0cb581af480,c137eb42-a62e-4c52-bf93-659f768a8388,555ceb99-6e8b-4be1-9f58-f69ad85a2aee,42af4de9-6eaf-4337-b574-b9d600fa74d6,27a27a10-7602-4267-9bbb-3257476135f0;;it,ro;98;1000000;;;/film/Czerwony+i+niebieski-2012-626986;tt1964795;0;0;0;0;0;2392;473;330;257;95;110;0;0;0;0;0;0;0;0;0;0;0;0;0;0;1877;239;118;81;40;55;0;0;0;0;0;0;0;0;0;3657
374;e3ea21ec-d574-423a-9883-aa30af184a95;2016-08-26;2016-03-10;Czerwony kapitan;c8692873-ebae-4261-a833-4378ab4e126b,69ae5733-b41f-4d3b-a184-285082860dc3;;d9656a4c-69b1-4288-bf54-a5d5c0be9b54,f1483e84-f375-4c78-9b1a-a46fda3b8d74,50c7fed2-201c-4303-8e93-f3ce3338cba3,b487bea0-e753-4b3f-a062-93a0a2d94405,6582b9f9-6378-4e63-8c37-071716d1c518,ddf0fc11-4635-4b06-9fe5-c00139f8201d,737537d0-e4ff-4492-a72b-b1fe3294cfd6,b58edbbf-daab-4d6e-9830-8e334e5d4230;7213d288-cf20-47d5-b7e9-4a6cae541697;e71270d1-d648-42e8-b1cd-58315299e461;bfb97ce1-e869-402d-b2a3-bbf0eec745d7,d93e7bdc-e2dc-4d77-90dc-ca74655f9e1d,7213d288-cf20-47d5-b7e9-4a6cae541697;81a3b2da-7f1d-49a0-87ac-73fbd1702ccc,5efbd0c0-60e7-49db-9ae8-d954cfb43fa6,193208e5-5015-4e6b-9a94-0a2b6032dd2f,7213d288-cf20-47d5-b7e9-4a6cae541697,4a347bd2-40bc-41b0-88e3-8de09b183651,35b8f7e1-bc40-4f12-a267-164acd1eded7,3ba01fa4-b5c3-4cd7-8a60-a8828ee1f92d;a4124f8d-7e2b-47ff-9b47-d07c016e159c,2c6a71de-7b2a-44cf-8a96-6a63044cca9e,29559f19-e6a5-4e36-92cb-005d7de34392,bee4e073-31a3-46c8-b894-461ef8016887;c29315d3-7743-480d-ba69-783e11af73bf;;115;12000000;;;/film/Czerwony+kapitan-2016-723131;;0;0;0;0;0;28745;15560;3105;771;770;770;0;0;0;0;0;0;0;0;0;0;0;0;0;0;12716;8318;1748;386;385;385;0;0;0;0;0;0;0;0;0;49721
375;1d195674-7ed1-4d51-88ce-4cb88b9b8969;2015-11-27;2015-07-06;Czerwony pająk;1db1ac18-a83d-4645-9cb7-3c60a03012ba;;5bb2b085-8957-42b6-9857-5e61e1cdb7aa,5f8960ed-bea2-42aa-8ad0-282ecf7b8dea,b94a8a85-a6a5-40da-8ba3-8baf8c38cb9e,0555838f-27ad-4dd5-9f84-555fe1d7c76e,22e89cd2-3809-4342-846a-59b55c0872e1,74c81d92-ac78-482b-aa86-47d8cabf57f4,7f710825-ab43-496a-adcc-92e1f7807598,6a9e6ccf-7593-4b90-936c-275ed5863fbe;9d4a7fca-b530-4c0c-a632-bd25ae4c99d0;e71270d1-d648-42e8-b1cd-58315299e461;9d4a7fca-b530-4c0c-a632-bd25ae4c99d0,70b46b8c-4e46-4da9-9d46-769330bcd878;81a3b2da-7f1d-49a0-87ac-73fbd1702ccc,5efbd0c0-60e7-49db-9ae8-d954cfb43fa6,649175b2-bb61-48ec-a65a-f34aad94c164,76a9e915-a05b-4bc9-9c5c-b78d41401a94,7213d288-cf20-47d5-b7e9-4a6cae541697,5d64d257-98c9-4b04-8a6e-939e89073b67,30f011f4-268f-4e23-8af9-7d551d1d56f0,9b888972-0506-4c38-ae73-a5d350650c2f;29559f19-e6a5-4e36-92cb-005d7de34392,f2d4e867-38fb-41dd-8df0-ff27a440d7c7,3a5100a9-638f-464a-b8da-cc69e0fac16d,78cd2060-d861-4986-a8b2-7df2184d9b37,5f2c3d88-0cd2-4a58-a909-17d9110f614f,bee4e073-31a3-46c8-b894-461ef8016887,501b3f8f-81d4-4bbe-b081-020a9e8bc3a8,3d6cd3b2-0a20-4f1e-aa31-3d8466cb919a;c29315d3-7743-480d-ba69-783e11af73bf;;90;5110000;;;/film/Czerwony+paj%C4%85k-2015-677578;;0;0;0;0;590;26902;13751;13391;1807;1295;756;0;0;0;0;0;0;0;0;0;0;0;0;0;0;14827;8837;10110;1234;648;378;0;0;0;0;0;0;0;0;0;58492
376;b69ce8e4-4946-4634-b8c9-266050da09c2;2010-09-03;2009-12-21;Czeski błąd;cf603e2c-4964-40f0-aaf4-d2e082a07d77;;73a0be59-ef62-4ca4-9adc-52caf55e4c2f,6c3b4aa1-6de5-4357-b60e-4b96e7e7d7bc,216feb79-39a5-42e1-9b6a-d57770e17f5f,7c2b8657-e7a9-4b8e-ab2c-dd6738f6bf21,737537d0-e4ff-4492-a72b-b1fe3294cfd6,bd120444-d370-456d-b892-ac6f6ba4f7d0,58bc04d6-706b-43f9-8bf7-8cc18632c944,dde97640-0a69-4acd-9ef7-88695f43a25d,c5f06e9a-84e9-4bf9-8d46-951e3deee8f8;cbce3ac6-e928-4ae5-a578-5517fab98e1e;6f1e0b01-00d1-4844-9c68-e9d65479cb3d;84d537da-c88a-44f2-ac32-f3f428789f80;7de99f59-05ed-485a-a6a1-1639f1aa31a4,a917b173-f18c-4721-aa13-2789c3198e10;a7b92e69-82d8-404c-8c58-5eb468bece00,53d5c494-6de6-4458-ba30-0b3513d04f5a;;cs;100;1000000;;;/film/Czeski+b%C5%82%C4%85d-2009-521879;tt1552197;0;0;0;0;0;8564;4995;2905;1642;894;894;0;0;0;0;0;0;0;0;0;0;0;0;0;0;4501;2985;1690;830;447;447;0;0;0;0;0;0;0;0;0;19894
377;eb710d49-8db3-4eb3-852e-ef1920d9fbbf;2017-06-23;2016-05-18;Czerwony żółw;4fc66943-7c2c-4e0c-a93f-8f7abb752c8c;18;740220e5-4d31-47b3-9eda-a32b695bef1a,51351cd5-6aa4-43c7-854f-c0e8dcd4899e,c32d1dfa-206c-4cd9-83c8-1ce5626d4829,a278e81a-4b0e-4caa-94e6-f6550252edf7,b701bdba-e61b-4780-b5a2-63655687d162;23b05438-0fae-4e63-b672-6ecb2385de97;a4abfcce-d2ce-4ab3-becd-258c33b13102;23b05438-0fae-4e63-b672-6ecb2385de97,a3119eb4-33e5-47df-94e6-c6acae1b33e7;51f5003c-23d9-4397-b139-e3741a29dcf7,90730bca-ee73-4722-93ba-2d9c8bb13d5a,09e09228-4fe6-4314-9a7c-b78713854d56,ad47c981-a7b3-48c1-abca-4d3e142fe438,15d69810-7828-4c75-a20a-98b7122bc708,cee6bf34-2b18-4248-b935-896cee6a8bf2,9a01992f-3bde-44f6-b66c-97de814e24af,da226d06-1a81-4230-865a-6288ebf63cf3,907f5bc2-3ab4-433f-b980-0f106c3c30d9,7fe4968f-9830-45b0-bef9-8053ed1075f3;2fcb5aef-9720-4939-8372-83a75ff68e14,d02acb34-39ba-4180-ad04-2f88f2ea8f14,54c57de7-459d-415e-884c-54310f910b3f,3a9bbbc9-04a6-4f0f-bae4-0a2fd1844870,85b0c869-66fc-4018-ae24-cc9f833e9a2c,d532302b-e7a3-4f99-a902-94e9452b8eb3,c8752487-df31-4cf5-b2d6-11744e5ced20,b2f1ec1a-01d0-4357-b4e6-4eae724a459a,c0226ee6-d6f6-4163-a4a1-7db15e16e185,23c825fc-add8-485f-8382-64a258dd4aad,854a5d00-1150-4237-8202-e1145a95aa29,8d155b73-c25a-4b5a-b602-9902a332cce9,55191a4e-f182-43d0-ade5-75bd9bd052d5,18feddfd-b0ed-4af8-8bd0-6048078d0e35,ed08c060-6331-47ae-b260-42a40404f5f2,99d2f40d-556b-4f49-9dd6-1c15774ed099,4d0eccef-06e2-434a-baab-ff5fbf7e50db,6da63a11-f619-4346-97e7-8f6d30bdab7e,ad39e0f4-0da0-4176-9550-86833f99d6b5,7154daa7-3845-4c50-ae98-5bfae532d9e3,9cd313f2-c5a1-4025-89ee-3dca68dc6c36,286b9508-8597-4e7f-b4e5-2ce1902bd4c9,6a7c4f65-3a30-4076-9b7f-77f65caec057;51d9043b-068a-4a31-a0fb-74719a5a6a11;zxx;80;7000000;;;/film/Czerwony+%C5%BC%C3%B3%C5%82w-2016-726550;tt3666024;0;0;0;0;3491;7898;5094;3366;2112;1220;1265;0;0;0;0;0;0;0;0;0;0;0;0;0;0;3563;2420;1297;914;500;476;0;0;0;0;0;0;0;0;0;24446
378;c0223ba7-5c69-47c6-8f72-1660fb523dc5;2016-08-12;2015-09-12;Człowiek;2c2fd51f-d2b8-4fb5-aec2-faf911088642;;ea3b1c49-0a9e-4b1b-b9db-8efdcb2e21b8,362e056d-81a7-4308-80d8-dfd49b74a71a,79a438cc-125a-418d-aa21-87dfc8446bc3,5bd6fa16-b3ab-4c48-af32-482b826774ab,00b78cea-fc6c-4954-bdc3-c77f327db0c9,f19f4b11-7437-48e4-8f53-cf9c8d356b0f,2bff6a8e-74b8-4cfe-a8e0-56abd1e0be0c,3d1397b2-1529-488f-89a9-440c3b0a805a;dba60b3d-100a-40b6-bf05-fee6f304098d;f13023fd-efc3-43af-98c6-50964c66c585;;c0ace865-1b7c-440f-988e-72009d86f206;;51d9043b-068a-4a31-a0fb-74719a5a6a11;;139;3000000;;;/film/Cz%C5%82owiek-2015-761773;;0;0;0;0;0;0;0;0;0;0;0;0;0;0;0;0;0;0;0;0;0;0;0;0;0;0;0;0;0;0;0;0;0;0;0;0;0;0;0;0;0
379;46cd8fb0-6a71-49f2-a0dc-2ad0e4b2cecd;2018-07-13;2017-09-07;Człowiek bez pamięci;1db1ac18-a83d-4645-9cb7-3c60a03012ba;53;80a20a19-30d4-44ec-837e-ef10f5f8d351,60091ab9-a733-4b05-b122-d59dfa7dcd71,fa68a52b-58c2-413d-8501-bd0b0f9e7b9d,90e4b4ae-82f0-4c3f-93e0-9bdc197745b4,144998a0-c3f5-42b4-8f6c-73d53b589ea5,f4ef8754-0c4b-4b80-a17d-45b306f7efa8,afb6b1e2-da92-41bc-b3a7-4b4170bb069f,395b77a5-fe89-4aec-9a18-57148e62e2ae;d3c1ea01-df53-4829-8b1e-0c2623f95448;817a06af-b597-426f-8e5d-f006c1b2704c;a5b33e81-95a2-4649-8ac9-d67e070af3b4;;5960bf86-012e-480b-a2e7-7effa67eb421;;;118;5000000;;;/film/Cz%C5%82owiek+bez+pami%C4%99ci-2017-753730;;0;0;0;0;0;458;107;76;0;0;0;0;0;0;0;0;0;0;0;0;0;0;0;0;0;139;56;43;0;0;0;0;0;0;0;0;0;0;0;0;641
380;72767d05-68d3-4199-9aca-2cb30d7d8bd0;2018-08-17;2017-10-08;Człowiek delfin;2c2fd51f-d2b8-4fb5-aec2-faf911088642;64;f0c7e323-3a9f-4ab4-8e9a-006ba50e712c,f4abe640-9794-4332-9604-935ca033f6ac,fe14209e-c534-4ac9-b216-56c656a9be06,7523aa16-c5aa-47d4-a3d3-36f412fc0a87,855d544f-dfb5-4fe6-8885-5bc2fd357875;7f2ee0c3-574f-43e0-9964-c2804932d84c;f13023fd-efc3-43af-98c6-50964c66c585;dced9160-b502-49fe-a940-72fa5658c0ce,7f2ee0c3-574f-43e0-9964-c2804932d84c;dced9160-b502-49fe-a940-72fa5658c0ce,772e8081-7621-4b7e-8242-6c8b98aece53,885cd021-7d1f-4525-a3ef-2aa39574df77;15d144ba-e645-4171-b736-1b45e4b343ef,c332d943-cb38-46b1-a707-a77f3f68234f,ccabb920-3203-4777-b553-743441ac13e2,23a31fec-dc56-4433-9e80-51ef454ea4f9,7574dc15-783d-497f-ae30-8c7211a2847a,2ec0006c-a06f-4779-8603-0e58388d75c2,2a32595e-c87d-4ad0-856f-9670333139f6;1438a174-032b-4e1e-8c6d-fa82543b3120,51d9043b-068a-4a31-a0fb-74719a5a6a11;;79;1000000;;;/film/Cz%C5%82owiek+delfin-2017-808027;;0;0;0;0;2167;2923;1911;929;202;0;0;0;0;0;0;0;0;0;0;0;0;0;0;0;0;1078;865;535;202;0;0;0;0;0;0;0;0;0;0;0;8132
381;cfd593fd-e73a-4182-ac07-fca509ec00bf;2012-01-27;2012-01-26;Człowiek na krawędzi;1db1ac18-a83d-4645-9cb7-3c60a03012ba,d34b4e2c-74ce-42ab-b438-86fbbdcaee15;;13fc0ce8-a0bb-4a1c-af97-5a2cc2dee612,6fa9ac63-1c1a-49ec-902e-6fde4cedac50,c003289b-7789-4400-9ca0-89cba1e1fc1d,bd0fb7eb-efa9-43be-a1c2-c21659c7f7e2,53a23161-4215-4a0f-ab59-df6e4a9451bf,89e0717e-ee3f-49d6-badb-103e5b271f47,5ba9f34e-685f-4d01-9ccf-68e94f6bb895,2e5aa1cf-b488-4f0f-9b8d-238648bb318d,ef7ee97d-2177-43d2-bc1a-79e095db1ca6,af8a71c8-e788-4d87-a59d-fe6c99abe836,f38ec25b-4fd3-42dd-9819-57490ade8f08,c911bd3a-b09f-4dbe-9d5c-3778bf2a848f,fd141f99-b931-4b0d-ad55-e4e003482ae7,62480a25-80c9-41ce-880f-3d4a7de3f8f4,62ebc33c-ca70-4781-9dec-c826f1c78b63,74f6e8a5-93cb-4093-829c-50626df3cb3a,f02dd345-b892-4b84-85c4-33f5cff20165,6a740fcf-2515-48cf-93ef-a5abbbe62c2f;be4fe472-4969-43a0-bbcf-0eb3cf2622ea;6dc7f7ed-6e1c-485f-ace0-6547ecb1abd2;f657923c-2430-409a-92b3-8d078338111a;1f3a4e56-4ca5-4aa8-a1a1-8693a8670d9e,92c48e9d-544c-4d86-b0c4-9fa1748c1c8b,fbb898f6-fc19-41c1-b1f0-0e9b959c8d85,aee29658-76ef-4c83-80ba-72c1292fee13,6ef185e4-2a4a-4d57-8754-0f30b01a79f9;e6f38aea-25b1-46a5-88a8-a9b576423d9a,333d8526-8acc-4071-88bf-353dad178efb;dcbf781d-54a3-4734-9b69-a7e119d59fa5;en,es;102;42000000;;;/film/Cz%C5%82owiek+na+kraw%C4%99dzi-2012-280353;tt1568338;0;0;0;0;0;41829;27697;7537;3030;1713;191;0;0;0;0;0;0;0;0;0;0;0;0;0;0;23240;14897;4068;1820;857;96;0;0;0;0;0;0;0;0;0;81997
382;2f076a18-0002-443e-9af4-beeac47db9dc;2012-01-06;2011-05-17;Człowiek z Hawru;f0506edd-d123-41d3-ad36-1d31a8bb23b8,57366ac3-c349-4e55-ad5d-6f8061179e88;53;b3b1c74b-c1a3-43e8-a332-89cc0bd02b81,23365f6c-ef7c-43a5-8a94-fabb27917b9c,2f06dc25-584a-493d-83f9-888b7821833e,9e92e26f-2876-47a8-80e9-5af9947c7fc2,14e0de80-56b6-4210-8549-6d3826e02e6b,9c5d7b46-4870-41dc-97b9-874549368627,718b16bc-29ea-4e30-8da7-0f89fd2cea68,99dedbf4-a2c5-4f91-9384-6a841b7a08f0,adba1ca5-c517-44a8-b73b-2c288c89dfcc,6d5daf41-2b18-4135-ad4e-39d7101e0610,d5fa4028-65cd-4751-a0a6-225116931f4a,040cdf52-9b48-4376-a1f3-f74738277efd,17a82b07-564d-48b0-8958-19394af9db44,9925178c-b497-4e5b-b5ad-aca091c7311a,ab523150-5d96-4632-92ef-521dfadb2cf1;049bc1e3-ec61-4db7-ad65-54c8886c16d7;a4abfcce-d2ce-4ab3-becd-258c33b13102;049bc1e3-ec61-4db7-ad65-54c8886c16d7;049bc1e3-ec61-4db7-ad65-54c8886c16d7,23ae1087-53c5-4145-bb5d-b3e4399c8aaf,61fec9c6-98ff-4873-86f3-c880cbd2a93e,220a28f5-7496-4006-983a-2695e03e9387,81359679-adeb-441d-a53d-21e0a2cdeceb,b8740973-f6d1-4c3b-af87-65db731d0b35,ca8c2066-d01b-4d9e-80ae-ff73d981d164,659b2575-8487-4d78-9664-a0d6a76928aa;2fcb5aef-9720-4939-8372-83a75ff68e14,d02acb34-39ba-4180-ad04-2f88f2ea8f14,40a6ab76-9c49-4bc8-b762-1b34239ee4ce,7a9890ad-6ce9-4cc3-aaaf-7bad93bdab42,e6865375-e967-41de-9f61-28c663fdf4f3,bfd3d082-2de0-43f1-9bca-bef15b7a20fd,eed717fb-1f82-48b5-96d2-3b1b6e357ee9,0765e8fe-7ec4-4386-8f4c-bc4303de59f0,3b8216f0-0a5e-45ee-b989-ce3507e632b9,67dcecac-e31e-4704-b830-8d57f23b71cd,b47421fb-8a06-4fc0-ad2a-bb661ca5ed35,b890e7de-345f-4596-984d-6dba25c60a3c,e6a1faf0-2a4f-4f0a-8ecd-b150e25b0182;3ec394f9-c247-4179-a1fe-185c3e57bb50,51d9043b-068a-4a31-a0fb-74719a5a6a11,6614b794-9b07-4de2-837e-3aba6098ec7a;fr;93;3800000;;;/film/Cz%C5%82owiek+z+Hawru-2011-572027;tt1508675;0;0;0;0;1836;4120;2433;1468;830;825;593;0;0;0;0;0;0;0;0;0;0;0;0;0;0;2613;1359;683;342;401;292;0;0;0;0;0;0;0;0;0;12105
383;5fd9dc19-a5ea-45ca-95f4-ccb590e603a9;2017-10-20;2017-09-19;Człowiek z magicznym pudełkiem;8ec4b60e-c873-4767-9684-2d4031d99871,6a5af1f4-128c-4ca8-960d-3f0f36d29764;;4cfe10d9-aa2d-4972-a982-87b635647493,79d22197-6cb6-4b2f-8d0f-2540ccef8abb,0bce98c2-90fd-4ecf-9a9b-a802df9607bc,a52df8a8-0958-42a6-90a3-6b2be442af09,e595a886-d369-4fd5-ac9a-0571a795fa87,1e102109-0e92-446d-8d14-f6e008ebf3a8,20cd695c-b97d-4c84-bcb8-adee2b459953,1b165355-6f84-4ddd-a089-8ebe5f2a46f9,52e3c8cf-99d9-4c9d-b30d-590521f89144,022de248-ed51-4a36-a91d-aed765b8f545,21ccc8c6-02f7-40a3-89dc-3f460de9e849;a4dda084-9fc8-4533-8cca-48ec19202fc6;e71270d1-d648-42e8-b1cd-58315299e461;a4dda084-9fc8-4533-8cca-48ec19202fc6;dabf3980-38b7-402c-828f-fbe7e14275d4,7d0d385f-0b6a-4c01-bb15-458503454214,c9d61300-6834-4cc4-bf84-58a5aa10f24f,98ccc6a7-968f-4a07-b43a-82eced3dc35c,f0fe4bdc-e000-4a4d-b10a-a50430b7226f,7af7e1f6-bfab-4cf6-87ce-a3b4a4a199e6,91131fcc-be33-4561-bd81-aabb53fcf89d,2802a5ae-3317-4bd7-9e33-a0a342e40119,057b3ffa-78d2-43bd-8682-d4d29152df02,001f89b5-c837-4432-b6d9-1a10e16054c4;13001167-adca-462e-9175-8afb8fed8443,5f2c3d88-0cd2-4a58-a909-17d9110f614f,324a299e-1afb-4dee-a79f-3146cbfdf385,b0a8f3b4-ce92-4a0d-b482-8fe195db88ff;c29315d3-7743-480d-ba69-783e11af73bf;pl;103;5344929;;;/film/Cz%C5%82owiek+z+magicznym+pude%C5%82kiem-2017-755466;tt5782146;0;0;0;0;0;15395;6478;2768;1229;1072;1071;0;0;0;0;0;0;0;0;0;0;0;0;0;0;8557;3803;1738;639;536;536;0;0;0;0;0;0;0;0;0;28013
384;36630776-1601-4459-a803-3dd64e76ef67;2013-06-21;2013-06-10;Człowiek ze stali;d34b4e2c-74ce-42ab-b438-86fbbdcaee15,6a5af1f4-128c-4ca8-960d-3f0f36d29764;4,5,91;a36b7925-98fd-430c-bb01-39a353f120d5,808b226e-ff5b-4772-85d0-b595ff17d9b5,1ace34e9-0195-4e2f-9c7e-04c595e89283,0d69649a-a105-408b-bea8-d26f0ba349d8,76845eda-5064-4520-b73b-c3f19ea36eed,fc602cec-f5d0-4e6e-8a9f-061b064e802e,5c9ff0ed-b437-4d34-afbc-a2a801800e5a,e0bb4157-094a-4177-8810-53db028561c0,afc2470c-2a17-4ef6-83db-fd249b123b85,decaa121-64c3-4d2a-857d-25d8d93dd0de,ae791876-5d9e-477f-8e19-2fd945970dde,e3dd689c-e92a-493b-966c-6efe19d4f250,f12d2b6e-9c7b-4f7d-8534-6e7bdf68238a,38281019-8f02-4e69-a096-ed4e9b54d3dc,b1f3fd09-a409-43a3-a8cd-47ead788852c,f3aa27b5-65d9-46b9-af44-5d5784833bfa,509deedf-6cd3-41a0-82dd-f7bb44683f41,9e21723c-f078-4d19-8c32-53c1b9e802bf;83796538-2ff8-4a4d-a455-f7f645e868a6;3a6ff2c0-9128-4bd5-a9db-42c78324f0d0;4bace99e-50f8-4e75-ae62-621cf1df043b;bf4e9bd5-07b7-4a92-bf41-15e78d7280b6,b83b98ea-4510-49ab-9f2e-055428c2bfbf,2fc45482-0ca9-4912-a474-de0e7c8de6fe,ee4963f4-7a1d-49fe-a2cd-9dc5429d1b2d,a956b85f-4d53-43bf-ac11-0f18e5b4e93b,9667430f-1482-4bde-b7b2-c99831478f58,aa382790-f5f6-4ccc-b227-a943bceb7ae0,61aff277-54aa-4d70-bc0a-3398e5fb23ed,750f9603-a461-4223-a29b-41adb0b782c1,6f88015c-eb87-45f4-903c-55caf2c39202;2881301f-2275-452c-93c2-cc2548423ceb,4f326f79-0d39-4152-912f-7a8dcc0b5780,db022fe7-a29d-423b-b3c9-ebd4949b0ba0,efc3ea77-40e6-409a-917b-6600fd4533e9,f8cf0dda-8075-406c-a8f6-4a3f49d7cba7;dcbf781d-54a3-4734-9b69-a7e119d59fa5;en;143;225000000;;;/film/Cz%C5%82owiek+ze+stali-2013-305388;tt0770828;0;0;0;0;1425;117180;60400;15925;5318;1076;760;0;0;0;0;0;0;0;0;0;0;0;0;0;0;55586;31757;6342;3039;694;380;0;0;0;0;0;0;0;0;0;202084
385;6a327b93-67bd-4862-924d-9903a90ef0f8;2010-05-07;2009-09-08;Człowiek, który gapił się na kozy;57366ac3-c349-4e55-ad5d-6f8061179e88,ec704b14-2c9e-40fe-8ac8-27768e689490;;aa199581-b346-4e9a-9222-868ee88ae089,1b7c1a0e-e9e7-44a9-b0b4-fc57729f715c,2fae8a40-8522-4a04-9dc9-6fa93e9a65be,42ab5d1a-29eb-4b1f-9ec2-c3d6fd3d3ab3,36fa8a03-e86a-4a93-a8f2-cda4852896ed,adab72cb-55a9-4b4d-be6f-04e2aeb4a2de,e73820a5-9fb3-43c5-9c68-038123798171,49032950-5e6a-4961-8e24-a784d54a972d,93970433-551c-41f4-9aed-24a2455a3a31,42724165-9949-448c-97d7-7af815fc9851,ac4fddc5-41a6-4177-9328-cb6a7cb704d0,b2905bdb-1788-474d-861c-e6bced7e2608,d662045a-e081-4845-8e7e-19e1df354208,834a476a-bc26-4869-9f88-54fa2c6f9bf9,3c87b89e-88e7-4715-ae4f-f9a482bde90a,50cd97ea-a433-4543-8129-3bc5dff93de7,f684d130-8694-49e7-bc1c-e5aeba0c9e49,45f7532f-ed2e-4691-b0a4-382a7fefec28;50508d69-a695-49be-846f-6822feb65373;34b67685-59b6-4f6e-b120-d5a4616fbe1c;bdd24737-8da3-4763-9238-2b35327a1ff1;35fdc787-95ac-4adb-9c31-d5700c51c2d8,b07e541b-a5b3-4644-aac1-fccbc661bd58,e920f725-b28b-47b6-bc69-581df0dd0643,4e8096eb-ad26-4e13-91c3-b436ca2eba05,b86882a3-8f1d-45a2-ac31-fb6ab7daf7dc,aa199581-b346-4e9a-9222-868ee88ae089,50508d69-a695-49be-846f-6822feb65373,e4e50548-cd09-4620-b9b4-4a6e32858779;03925e40-f29b-49db-a42c-998ac5aa4b7d,bc36edf6-7895-462e-b309-4ea1519010b5,d01cb8f1-1abe-4097-a935-a701b17d6615,7bf2c0d1-fe60-48cc-9e72-f84582417905;dcbf781d-54a3-4734-9b69-a7e119d59fa5;en,ar;93;25000000;;;/film/Cz%C5%82owiek%2C+kt%C3%B3ry+gapi%C5%82+si%C4%99+na+kozy-2009-490321;tt1234548;0;0;0;0;0;22863;14007;6326;5767;1353;1352;0;0;0;0;0;0;0;0;0;0;0;0;0;0;14147;8867;3442;2884;677;676;0;0;0;0;0;0;0;0;0;51668
386;14955d94-e33a-4dd0-86fb-c91790a329c2;2018-08-10;2018-05-19;Człowiek, który zabił Don Kichota;57366ac3-c349-4e55-ad5d-6f8061179e88,9a150cd3-6c32-4b58-b1a4-aea6992c564c;59;696a2158-e16a-40fa-842c-1b76002edc0b,bf0c0fc9-dfdc-4673-a12e-3b680f2237f8,ca4d7e44-1248-4b07-919d-0442a3f1cfae,e2ab9e18-dad1-4875-b642-e5680749cbcf,fbaeaa49-4150-42d0-94c1-0e0f5f4cd6e7,d1634677-4501-447d-8d3c-9ea333b36949,467e8736-18af-416e-b2f7-311bbc7efae6,132228d5-4fec-44a6-8624-c846a7d65646,925a82ba-3d10-4f39-be53-631e0cf9b665,1862cba2-17f0-4487-b1ea-6bc6e1edf93b,1d561b05-5f99-4407-825a-e0f226edf324,69ff40ed-a2a8-4ff5-ae95-858dc79e6da9,8b1b05d8-16da-48da-a0ce-d5d03fd42a6b,871a2bf8-bbaa-4ded-a660-2c51344515fe,cabcbeee-aadf-4a42-8516-fc7567b1222e,b241a0a7-234a-4cd3-a9ad-7f7b99ad39ed,5c218900-add0-4400-8342-6e6837c615c5,d6d2d73d-848a-4dad-bb3d-bcaddf09c3fa;7ec198ee-8dff-4a74-817a-21855e1b8d97;a4abfcce-d2ce-4ab3-becd-258c33b13102;7ec198ee-8dff-4a74-817a-21855e1b8d97,59905e79-a8c4-4195-a0db-8b4e3ce6e46f;4f1692ec-907a-4ee1-90b9-613a08ac35ee,483bf317-c864-4efa-9e38-2b6361452fed,0e2f3912-8c28-4854-bac2-fef10f8975f4,e6a58bfb-4e86-465f-80ed-4c368d7b74b3,b7559f61-6747-41af-8aa4-034d45e16819,cc5e1e7b-0336-4c29-83c8-0140d46f8248,047a51d3-f016-4fda-a5fa-0869aacc11a7,aae29401-73b2-42a8-acbb-f5e5d624ed2c,5412e882-2831-4205-b149-c7a1b4b13656,67841e1d-7877-4d18-b6d5-f1334fd2fa67,20aa9c80-ed00-42d5-b696-1cedcbf8c099,d4bdde0b-0d7d-4552-992e-531866f974ab,7438a633-30e1-498a-a8d0-d023992cc9ae,f4aea9d3-9359-4a80-b01b-6a4993091647,daa0fef7-4291-4fd0-965e-43f4ffa3efbd,860bca86-9372-4ab0-91e8-14184347c39c,987413c0-d01b-434c-92e9-5229aa4a9a7f,29066ddf-7b51-45a2-8235-a927c173120d,f7aaf839-22be-44b0-99fb-37da78691571,a5decde1-9998-4d7f-9abf-dea13b659a23;323863c5-16ba-45f3-9935-ba68d172389e,4d84ac5f-7b8c-4988-8b06-bfadc74648ac,c0226ee6-d6f6-4163-a4a1-7db15e16e185,6eb8300a-c111-431c-a8ec-72a2bab3df39,198879f7-44b0-4498-89ff-e42e104e2413,336f935a-cab1-483a-853f-a729ffb7e7a6,528dedf5-1b2c-4075-a2c2-3ed1ae3ac9d8,101278d0-b267-43ac-8d6a-41fb35878b1d;f8f0c64f-e1b8-4790-8c39-219b7c915b41,51d9043b-068a-4a31-a0fb-74719a5a6a11;en,es;132;16000000;;;/film/Cz%C5%82owiek%2C+kt%C3%B3ry+zabi%C5%82+Don+Kichota-2018-726013;tt1318517;0;0;0;0;0;17624;8338;4480;1905;1989;1371;0;0;0;0;0;0;0;0;0;0;0;0;0;0;9189;3734;2327;801;634;483;0;0;0;0;0;0;0;0;0;35707
387;046cc504-c432-45a8-850e-b0d348ca169f;2012-03-08;2012-01-21;Cztery słońca;f0506edd-d123-41d3-ad36-1d31a8bb23b8,57366ac3-c349-4e55-ad5d-6f8061179e88;53;8ac8696e-099d-40e5-b655-8757ad6b91b5,9b64cbd4-5274-4f05-9b4e-6578e19ffb0d,69c8c4d5-8c22-4c1d-8abc-5cef4d24c7c1,ecdab173-daca-4623-a49b-4d58c057e8d0,cd80c5cb-c107-49e7-8bf1-f0f296ac3c06,0708036e-ad2c-4240-b363-3e5abc7e75f6,65e7d83a-ede0-46cd-98d2-2886c50f63d4,f565b3ba-31a5-409e-a4cd-c6cde34b78c4,54ef0c1a-4a50-4b59-bcae-38460521a3c8,5669b33c-9141-4256-a2ee-7c163ba1e7db,ee34aa3d-f594-4196-9e00-be10acc59b2c;7d43e8ab-0289-46b1-b4f5-640d36cc10cb;a4abfcce-d2ce-4ab3-becd-258c33b13102;7d43e8ab-0289-46b1-b4f5-640d36cc10cb;2146e5cc-fb6b-4ad4-85a5-6f89198b41ef,062dc53e-5a2c-4e4b-93cd-434b75d8b376;2c6a71de-7b2a-44cf-8a96-6a63044cca9e,729b8d7e-ac8e-4804-b552-2a2a6264b258,33d0cef2-4083-475b-8e0d-5550823febde,b9e66298-c181-4c10-a07b-3e0b384ccc8e;6614b794-9b07-4de2-837e-3aba6098ec7a;cs;105;700000;;;/film/Cztery+s%C5%82o%C5%84ca-2012-629666;tt2106292;0;0;0;0;258;1465;1098;504;321;328;74;0;0;0;0;0;0;0;0;0;0;0;0;0;0;890;661;259;177;196;43;0;0;0;0;0;0;0;0;0;4048
388;c8e7ce0f-eba0-4750-bb81-82fab7ffe42c;2012-08-17;2010-01-23;Cztery lwy;f0506edd-d123-41d3-ad36-1d31a8bb23b8,57366ac3-c349-4e55-ad5d-6f8061179e88,c8692873-ebae-4261-a833-4378ab4e126b;;e7d1791f-ad0d-4cdd-840f-faf4ca24219d,5feccfeb-1d93-4d73-a0c9-807693bd44fc,7c251a88-4ce9-4b51-aad9-e36907daad4c,baff2c42-35ff-4fc5-96be-7bd59d4e67f5,4479118d-67fc-422a-80ba-8fd7c55b7a58,20c095aa-4598-4203-bc00-365c030ad725,c8ea1551-f337-4463-aed1-565442a955df,e5201d7a-5032-44b9-b93e-0f37ff0dc2d0,5e8db0b4-4ce7-4355-91d8-300a699e5f16,e75f15ea-fa5f-4e7d-b2d9-8da2e870c3cc,2ad78d8c-5740-4d79-ab4a-3886fdb43bbb,8ff26191-a96c-4d33-8408-a67aeb2bf7ec,770dced5-0bc7-4b40-8a03-8fc18ab890c4,639171ef-8cd2-40a9-bd6e-5d1c7caf5822,ebf1b4a5-c43c-4b61-af91-9ef56010750a,8f357ef4-5f45-4fca-8095-12194e8c63f9,35eadcf3-7535-48d8-9f8f-cf1d197a9044;18df1f2b-10b9-4730-a30f-0d19c2684e23;7f07221b-f889-47af-920d-268ebc30f082;18df1f2b-10b9-4730-a30f-0d19c2684e23,14cc65e5-f79b-46c4-afe4-4ae64112eb1b,82b5a75c-f70e-4354-96e3-ca12567d68c2,ec514379-f65c-4585-bab7-4d3c0b126721;3e47c85e-2548-4a4b-a74f-40d9c4748bc5,de82a162-cb0b-48a7-8f36-8ba2a13577fb,3beefe4d-71b5-412a-b504-cf463c2ac72b,b22cf295-2b75-4481-9f60-3635c42c3c41,4a4b2160-387d-4422-847b-71c38183d9fb,20973aa2-dc07-4bef-acf7-d315370e7020,9be2dd77-fc0b-418f-bcef-dbc0812d7395,b3d2ba60-1d64-4904-b9c5-c82b36120ef0,3f89b877-d5a2-440a-a467-bd63a41e18fe,09e352ea-e6d3-4baa-9ea7-9495fb07e21a,09d02863-30f5-4cc0-9f9a-d7a2401855bf,608f36b3-66ce-41e0-8b03-912ab4e1cb2e,1f0039ea-2e1b-4465-bb79-9b8c8931d2d3,4b23db6c-4a24-4f7f-96e4-471f82f97e8d,74c7a2a2-854b-4cc8-94eb-b2e24991d33e,1afcf903-48fa-46bf-8930-09f02f95e66c;c04bfcf4-323b-454e-ba67-33e75c8ca0df,6b42998d-99b5-4624-90d6-1664160936ac,6a7c4f65-3a30-4076-9b7f-77f65caec057,2a2e8ac2-61bc-435a-9fc1-ff3457ce1681;51d9043b-068a-4a31-a0fb-74719a5a6a11;en,ur,pa,ar;101;3000000;;;/film/Cztery+lwy-2010-502713;tt1341167;0;0;0;0;0;1344;627;626;218;217;218;0;0;0;0;0;0;0;0;0;0;0;0;0;0;1030;313;313;109;109;109;0;0;0;0;0;0;0;0;0;3250
389;f57678a7-aac2-4318-abc3-26717cc11ed9;2018-06-08;2017-09-21;Czuwaj;1db1ac18-a83d-4645-9cb7-3c60a03012ba;;7e752ec6-4a51-45c7-b203-ce2e0237f023,d1ce1489-f1d0-4f78-93a8-f3c5134b4f97,43db8890-34ba-4170-bf6d-531cd82f38c7,609db967-787e-4d9b-bbf1-684ebd1ef8f5,7cf5e1d9-2e6d-45da-b077-26837e9bc0d8,cd127057-d16c-4133-bb42-b84fb2536cc7;8baee90a-fa87-42e8-b651-36e705f18b3a;6dc7f7ed-6e1c-485f-ace0-6547ecb1abd2;8baee90a-fa87-42e8-b651-36e705f18b3a,4a4b932f-e34b-4d64-83ae-3c17c659843b;35f5806d-29bc-423b-a6d3-35514e20534a,ae832a11-ead2-48dc-8c6b-0328390ad3d5,0a53ef2c-3f74-4e13-a745-a591b75fda69;659b5fd2-119f-4498-8587-21c47ead07c3,5f2c3d88-0cd2-4a58-a909-17d9110f614f,90d825df-9be7-47e3-a39d-83a33ef35376;c29315d3-7743-480d-ba69-783e11af73bf;pl;90;4340000;;;/film/Czuwaj-2017-790361;tt7416102;0;0;0;0;484;3013;1367;246;139;72;71;0;0;0;0;0;0;0;0;0;0;0;0;0;0;1438;677;139;70;36;36;0;0;0;0;0;0;0;0;0;5392
390;2a0afb08-e693-4ca2-8c78-da71cb20829f;2010-07-02;2009-10-24;Czwarty stopień;1db1ac18-a83d-4645-9cb7-3c60a03012ba,6a5af1f4-128c-4ca8-960d-3f0f36d29764;;6a23ea33-5022-4e9b-b84b-e891ace70921,b62e5176-7b16-46b8-8b19-47ddc23c0285,15207958-c3f8-42e2-9b1b-b0f5daef1dc1,0bfe1627-6bd5-4b40-91b6-c8ed7c69eb3e,176449be-6ab1-41d5-8ba7-8136b39fd0f3,e11cc828-3c9f-4e98-aae0-276d660ac260,27a8ed58-5514-46a3-bb3e-d124a226c278,b426722e-439f-411a-b7e8-42c3c895705c,2a00c57d-7873-43cc-a100-d2895ba79f12,c9ee70bd-0dbf-4b59-93a0-1c6ce92cdacd,10627be1-aabe-4953-92c8-3715ea7c2f7a,688205e1-062e-4994-b865-2d181630354a,b5754267-56a4-43e4-a31b-6dc74816689d,53b908c1-5425-4ee9-8967-d4a2e0eb52fe,7d58c2b5-a5f4-46b9-b695-da73f9079290,77109cbc-0c41-4ae7-8bb7-834aec868893,c6ca0a33-8dfc-4881-aabc-5396daa42f6f,1a0b6b83-3ad2-4895-b7de-15e65f0f4515;31de323e-9025-4547-afda-f9b0a7736302;2469ba5d-8a2c-4349-b38d-227be4d8eb2b;31de323e-9025-4547-afda-f9b0a7736302;2bbe7d7a-3c94-4e91-b8a2-df081a47634c,cfc03b61-9674-4a9a-9d31-86ea1e71968f,eb445485-c61b-4214-be61-5f17b50cac31,cc98cbc2-1620-4f9c-9ea4-66fcbac3666a,3f851079-0eb0-4556-b5a5-43b71c183fbe,03d5c1ea-124c-4bcd-ab75-c69c13b62f5f,f5f82b4e-2212-43bf-99c6-1d00d7139dc5,8860b9d0-c2f2-4eee-aeca-f14f01feceee,3aa5e56d-3741-4240-95f2-70f002df0a89,2df9e6c6-3bca-4279-8d82-2da292b8adc5,b6dab34b-cf24-44d8-863c-99a3f95b41c8,5f2f315b-f965-4773-ba0d-390b91752aba,cf1deb37-2c48-4220-9a32-8f1a502817d5,c48f6465-c628-40fd-b9aa-219fb0360aa4;cf5abd62-9091-407f-81b2-4bfa6d64c94f,e5886614-70b7-4297-b71e-0ed0cd8b40a7,6d157bc2-b548-4c2f-8903-004059ba4c5e,6f1b7099-8cb1-4647-90b2-fe11559a056f,aa0092b7-49e4-46a7-934c-ace7d525dc5d;dcbf781d-54a3-4734-9b69-a7e119d59fa5;en,qac;98;10000000;;;/film/Czwarty+stopie%C5%84-2009-482468;tt1220198;0;0;0;0;0;14149;9156;6126;5582;1668;461;0;0;0;0;0;0;0;0;0;0;0;0;0;0;6577;3374;2813;2606;773;335;0;0;0;0;0;0;0;0;0;37142
391;fe597b79-2dd9-4797-bbe2-71915a835bb0;2018-02-16;2017-12-14;Czwarta władza;69ae5733-b41f-4d3b-a184-285082860dc3,f0506edd-d123-41d3-ad36-1d31a8bb23b8;24,66;f9477690-e0e6-4b95-b452-f93d807314cb,53e8b41b-108c-437e-804b-b22096a37ec6,3cdcb910-7326-43c0-811a-caefec4e84a2,f99c1898-5efb-41c2-834a-4acf2ffae93b,3f698627-7842-4e87-b08f-f1074f2d3475,31dfcc02-af79-49bf-ad7d-677d1f74a308,b67c10ce-b87d-4b25-bf3e-4804fe371f3f,031ba04d-5fd1-4895-bda5-18aa130ed1a8,048014b1-068f-4153-ac01-73ceef8d12ab,b31661ad-b05d-49b4-a85c-7ab3f9eb331e,a7761bc6-73bf-44b6-9b2c-4eccd0c6d37f,ac0f6e2c-ed25-4345-bd19-cd592f0dd465,ac4d1f57-e604-4091-bbd6-4ada68e63956,d240289e-afb0-47aa-b3e0-eaede8c46921,48c15d8f-760d-466b-99e7-e09fba289027,4609d2c4-4097-4021-92a1-fe4fb2bd83a4,e5ea9915-7763-4370-9c04-50a6cd331f16,c732c08e-19f6-4b96-92ba-0e53270e59c2;10ad3205-d4ae-4a78-855c-217b66cdc505;6dc7f7ed-6e1c-485f-ace0-6547ecb1abd2;9fc1e781-be9d-44dd-9d84-6ce8e6f368de,1bc90c38-55cf-4a39-ad7b-0a376ab74197;10ad3205-d4ae-4a78-855c-217b66cdc505,3a68fa6d-91e6-4981-82c5-9df8fef0c9f6,31cfc24d-ec9a-4bae-8020-2f3c52e639da,03d607d3-6def-4667-ad74-84ac58b9a002,7a4bbee9-cacb-4252-bba4-bad42d147567,1bc90c38-55cf-4a39-ad7b-0a376ab74197,98b8c32d-3af7-40c5-a862-c613a9b4ec0a,fac8e990-fe7d-460a-ac8b-a4f512191375,cd8f768a-72fa-4396-80fe-1600640c8607,9fc1e781-be9d-44dd-9d84-6ce8e6f368de,0320cc8c-59f9-4f25-bfc5-3171c09295dd;749e0433-7d9f-4022-9406-35cd2fc48fb2,0abb939f-dd4a-4181-ad86-070851185c04,73ba9165-d3da-4acc-a44b-23f7677a2ee8;dcbf781d-54a3-4734-9b69-a7e119d59fa5;en;115;50000000;;;/film/Czwarta+w%C5%82adza-2017-794705;tt6294822;0;0;0;0;3477;87568;54401;31164;16633;10241;5861;0;0;0;0;0;0;0;0;0;0;0;0;0;0;50069;31886;18997;9796;5426;3434;0;0;0;0;0;0;0;0;0;209345
392;3532e0bc-4c1a-4966-9fab-f7d664390cc7;2014-10-03;2014-01-21;Czworo do pary;f0506edd-d123-41d3-ad36-1d31a8bb23b8,8cd25594-1c53-4fcb-9d63-9bc49e46b082;;447b083e-1753-4fef-b5ee-a3d8a9f73216,18eb35e3-9396-4471-b416-312ecd8106cc,a07f0b13-1a31-487e-bb68-5ac58bbeb0aa,887a1927-9759-49ed-90ad-123ac03fc460,b0bdb302-06b1-4b58-a2cf-335dd8fdce40,ecdbb7c4-4fbb-4423-a6ea-25e65f9c3746,6304487c-d296-4227-b885-a1321e5250f0,d77553b9-9ab7-4a09-b9d1-b171cb229656,836ebc49-501a-4193-8645-9e47f1d349e4,368645a6-9ea7-4117-ae51-2cb5016e5172,14ea0310-3fcb-4e26-b33a-ea07de0d194f,1cfce837-fd0b-4c36-a9eb-036195d3e14f,79f2b051-0b01-4807-9ca9-3fb4c10ce9e1,097fbbbb-0f1a-4208-b84f-debbd33d0768,254e6164-5689-46c5-8b0e-bd7b2fc86fc7,199f8557-9889-4856-bde0-a9c8fc1af01c;1cfce837-fd0b-4c36-a9eb-036195d3e14f;34b67685-59b6-4f6e-b120-d5a4616fbe1c;deb098ff-aa85-4701-8549-4ce4545ba7d4;447b083e-1753-4fef-b5ee-a3d8a9f73216,f99d70ec-812c-49fb-bdd8-5da5dbdb6a63,1cfce837-fd0b-4c36-a9eb-036195d3e14f,deb098ff-aa85-4701-8549-4ce4545ba7d4,79f2b051-0b01-4807-9ca9-3fb4c10ce9e1;ee2e2e89-a287-4846-bead-90ce5a487513;dcbf781d-54a3-4734-9b69-a7e119d59fa5;en;91;2000000;;;/film/Czworo+do+pary-2014-684940;tt2756032;0;0;0;0;0;9825;3074;102;128;127;132;0;0;0;0;0;0;0;0;0;0;0;0;0;0;5902;1681;38;64;64;66;0;0;0;0;0;0;0;0;0;13388
393;2e4880e5-02d6-4f6f-81b9-e73539dfdecb;2020-07-03;2020-04-03;Czworo dzieci i Coś;15c0b1ce-34ec-4d67-ba14-0138c61d5b54,45434b4d-8a1e-4d0b-8fce-cd849ae707e0;12;5ab4f9b1-d120-433f-8d9c-3deef8748d0a,cf0d3251-2c4f-425c-885d-cf2124b61ac9,99f43bb6-7253-440d-b82d-90ed76d4af7f,5b4039af-8157-43a2-89a7-3eab2354a040,11f651c6-2e8a-4c57-9ea1-b7cf2a18b7f6,91e43514-9e34-4b01-8fe0-6c988207d733,382ce0ec-aab2-4db7-9c6a-1ccfbdecb71c,816e4565-b3e0-41f4-9bb2-59cdac4b05b5,db32fb11-dfcf-46ca-b136-4d537a928e6b,d2028586-cdfd-4d1f-870b-ae8d7f1b5940,3fd80077-73fe-44f0-b4f4-c67c5b59bd8f,b14a5ced-ae52-4a96-a876-a2248d1fe7fd,fe77f6ba-8128-44ba-9132-efdbac59834d,4f3b0e80-be35-4c3c-b921-804c42f14f9c,e8a88881-08f6-44a9-a57e-6310cf14ffbd,ca357a76-bd3e-4871-901e-af5c2fd5920f,dc9717e8-02a4-4ce2-91ba-6355fd9cebdf,ab8d94db-1789-4b4a-b5c7-f87f883d3312;e1fa1b5e-83f0-4565-a4b2-a2d7c141093f;2469ba5d-8a2c-4349-b38d-227be4d8eb2b;7f6f0830-ded8-49cf-a155-91e137ae576e;6003563b-cc40-4b41-b42e-4c266ebb20fc,3ef91ba8-e4ca-4074-b85d-fde4dea90b7c,29fa595a-4b3f-42aa-b13d-6e89e93eeb79,d942fcf8-f460-4d86-b06d-564c374a171a,a0e80744-151d-45cc-8d7f-3f5601d919ed,57221776-c4a7-4b4f-8aec-c4f55b388340,ae1e2285-93db-4093-b426-e9f5cf273a0e,4cc35f3f-7609-4f38-b6a3-afdaf036d13c,092e9b60-ab76-4cf5-93be-d90854690dd7,857d7f04-d835-4a08-a082-866faefce3f6,bc88a71e-a4a3-4fb6-bf99-0da482f690c0,59820ac3-23be-4c1a-9644-96ba454ea146,9a27e2a5-1638-4aec-9cbd-2f26eef795e4;d7961e40-aea3-46bd-b43b-34551bb46ea4,c592e1d6-3e92-4598-8455-5b0087310deb;;en;110;2000000;;;/film/Czworo+dzieci+i+Co%C5%9B-2020-789840;tt5556054;0;0;0;0;0;13933;13645;7489;3931;2587;1365;0;0;0;0;0;0;0;0;0;0;0;0;0;0;4674;5774;3019;1599;835;611;0;0;0;0;0;0;0;0;0;42950
394;e05ca9f3-61bb-4c8a-b613-5fb1f1384f83;2015-09-18;2015-03-20;Czy naprawdę wierzysz?;f0506edd-d123-41d3-ad36-1d31a8bb23b8;;f30fc3c5-2d8d-4f1b-8f7a-b5c93ef62009,ea8d88f4-6a52-4e1f-bc14-91ca8087f11b,f3f142cc-7dc8-443e-a314-eb5ff836367b,61563251-0aee-42ec-a2ab-c07c56f1f4b0,eb2452a0-eea4-42a9-adc8-a427e02022c7,facfae35-0e6c-4afe-90e4-7ff76a704671,cd2b65c5-9240-41d5-8b7a-993a02016570,28fae3cb-503e-47d9-ae05-df9f251d5734,dada518b-ae40-4ef6-9c42-b762ce4b0de9,90954cbe-84d0-4bbd-a929-23358eabca05,e0bfed8c-08cc-49f5-bf1a-86663e1ee83d,6ecbb528-f3b8-40d0-ab0c-eab188d76703,8370b274-bfeb-4692-bab2-cba2323686a7,5d106be0-5b2d-4d2c-a9e7-f9517bf44dd6,817ec915-c0ba-4f7b-b735-45d0f2cde9b7,4a434e3c-781c-4ab1-944e-4e7e8a414bbd;513070c4-8c45-499f-86a6-1891ceaa5e3b;e71270d1-d648-42e8-b1cd-58315299e461;60cd38ab-c007-482f-8955-ea0dd14c630a,69619a4e-3de0-44e2-ba7e-2ab9ade99b6f;f30fc3c5-2d8d-4f1b-8f7a-b5c93ef62009,61563251-0aee-42ec-a2ab-c07c56f1f4b0,f3f142cc-7dc8-443e-a314-eb5ff836367b,ea8d88f4-6a52-4e1f-bc14-91ca8087f11b,facfae35-0e6c-4afe-90e4-7ff76a704671,69619a4e-3de0-44e2-ba7e-2ab9ade99b6f,eb2452a0-eea4-42a9-adc8-a427e02022c7,60cd38ab-c007-482f-8955-ea0dd14c630a,002f60d5-19cf-4e37-9c7f-1c29b049b795,b8b4c30c-703e-43a2-99ac-ae2f1e468b87,252c275a-dd05-439d-8c67-18f6160c984e,b55bf348-db4f-4f47-b7a4-87f03a238352,0711e6f1-cde2-41f2-8e3c-edb04b576957,c6f7558e-458c-4868-8d1c-bac55d102d8b,169cfd89-ae0b-41ef-895e-57c001b8ec97,33b71e2e-4637-4622-807b-6fb23fd3af8e,ef20cbbc-8f1c-45e5-b4b1-28217134b21f,d89c5e6f-f3ce-4740-b853-4b2e22346b6c,3456081b-12a5-4698-8fd3-d135ee7c0a70,06662187-d5d6-4256-8b50-ece275570fc3,84c065ec-2dcd-4c73-bb38-6bee7129bf65,402b0b52-3dc0-436b-948c-65fd4fe7a4e9;e631f01a-8628-4cfe-bbee-2eda896898f4,9c5ffb9b-c58c-48d9-b06a-71dd0286ceba,434297e9-8489-4a29-a88f-cd844d968472,5b1a6ac4-9669-43f0-96df-4c4abbb9f12b;dcbf781d-54a3-4734-9b69-a7e119d59fa5;en;115;1000000;;;/film/Czy+naprawd%C4%99+wierzysz-2015-732428;tt4056738;0;0;0;0;0;11925;16055;9197;8590;7489;4176;0;0;0;0;0;0;0;0;0;0;0;0;0;0;5569;6925;3369;4014;2749;1910;0;0;0;0;0;0;0;0;0;57432
395;c664576a-e7b7-4b97-bd6f-e3b2126728b2;2017-07-14;2017-04-05;Czym chata bogata!;57366ac3-c349-4e55-ad5d-6f8061179e88;28;9a85aee2-ec62-485d-a956-04c7cbfce04c,b59b0924-c2f2-4b01-a6d7-998cbce88d21,0bb4eb4c-28dd-4d00-b211-9faa7c0fbb51,48d19a60-db7b-4444-a4ef-fb9e438f93ee,c1cec4cc-d221-4b92-ad9d-ae7480872308,139bc2a7-507b-4747-afb0-b9faa3e929d1,76e2cd14-77ed-471d-9215-94b4ba6e2096,8c7176b8-31d0-4f7a-aada-55812fa01f74,74fbce28-27f2-49ac-adc4-a34bb3c7c8fd,85691347-05cb-4e0c-9169-081fd3c856e8,51c87756-0965-4ff0-87d0-8f955a62de0a,740648b5-bb72-46c3-83d9-6d80a59adfff,73ea8be1-3853-4d72-8293-1d23840afbb6,ceb52caf-4e54-4665-a49d-40ccabfc5073,04ed6ef2-2514-4501-998c-e93688ba6cf5,e45de894-c001-4bfc-bb0d-44317ac6781b;978131ae-6a46-4051-93d3-b09cc46a8cb2;2469ba5d-8a2c-4349-b38d-227be4d8eb2b;58f02dab-e9ba-428b-aa19-4da8707c4224,2438cf0b-c2e5-49f0-86b8-24d6a61fc409;9a85aee2-ec62-485d-a956-04c7cbfce04c,477045a2-3ddc-4685-b749-c766b82b2fd7,4e7053d3-00a7-4a60-9444-98a266e92a83,a10db31e-46f8-4572-b1b2-112070e75ec7,c75ef767-f2c3-4112-bba7-80611a26d08a,e52a504a-82a5-4171-bbca-a37191c52309,03a61985-ef1d-4fe6-910f-6749a200c5c1,62272003-d787-476b-8222-88fb75306d0a,0e45d2c4-06e3-47f6-a597-b5697d00644c,5aa140c3-78a5-4024-bea8-f643e7659d1c,f9083657-095a-40c2-8abe-c6f4470c8080;effb88be-6fef-4db9-a4c2-dbcb3a6c7928,3a9bbbc9-04a6-4f0f-bae4-0a2fd1844870,85b0c869-66fc-4018-ae24-cc9f833e9a2c,d1d7aa18-6a2c-4f5a-aeee-6d9973cc4c03,55191a4e-f182-43d0-ade5-75bd9bd052d5,a5d26169-387c-41c5-abb7-45eef813e396,7f2edfda-c810-47d9-b5ab-ebec78798916,4e631f6b-0df2-45dc-be86-b2966f4504aa,ac64c441-c5e1-4732-b1a8-579d28d31840,1b07d831-59c3-4fef-a7c4-4d380e9a1b24,b3f5b877-87b1-456e-9009-f843926d232b,bc5ec647-aa87-45ed-84e8-aa4e7ad24113,a287b21c-b6e2-41a7-b81d-b2a3134dc302;51d9043b-068a-4a31-a0fb-74719a5a6a11;fr,en;92;2000000;;;/film/Czym+chata+bogata-2017-783187;tt5804948;0;0;0;0;674;34275;16301;7123;2510;1797;621;0;0;0;0;0;0;0;0;0;0;0;0;0;0;15584;6669;3634;1185;862;259;0;0;0;0;0;0;0;0;0;63301
396;f579f45c-3053-41bb-8f85-fe423f0a87ae;2018-09-28;2018-01-19;Czyściciele internetu;2c2fd51f-d2b8-4fb5-aec2-faf911088642;63;;982d150e-e0c6-4c3f-9c49-238c38174a1d,ea2bc3f2-39d3-4bdb-8d76-9ddf133e6b8b;f13023fd-efc3-43af-98c6-50964c66c585;982d150e-e0c6-4c3f-9c49-238c38174a1d,ea2bc3f2-39d3-4bdb-8d76-9ddf133e6b8b,628b3e81-a095-4ecb-9081-98ab37122b48;299c0fb3-051e-486b-8a4b-2c55646181ff,47568d46-0775-4e3f-9960-660504c887bf,deb12a19-306d-4c45-985d-dc1689cda668,316cbd46-2700-4dd3-b313-680a4694cd91,05d0bf3f-1d4a-4512-8d55-e715ac02dc13,628b3e81-a095-4ecb-9081-98ab37122b48,01209a93-3ee9-448b-96a6-9b46e34683c4,4e8c0f25-89c4-4732-add8-cda35a4bbace,6a9e6003-0852-4acc-9e89-42b258dd8969,869d86f2-a7d0-4010-8f49-7b4568538397,78ac56bc-afff-406b-8640-a07c5fb48f24,5b2fdb0b-2c7e-4389-80ff-5da70953a00b,e77b06ac-5abe-49e2-9d8c-e8b2aed09f2c;6f7c964e-96d6-4b38-be62-2d3c91461954,3e245a7d-a122-4cdb-af58-209d75cbcef8,88af2659-bf28-4124-a313-354044800698,960bf8d6-489f-48b4-a8ae-a8b4e1300eb2,bcf4b5b8-7d85-47e8-ab75-4db8a2451efe,95193f2a-ed85-45b9-8359-3ffb9c13f79c;244d82ee-fac6-439f-b523-145e08dfcfec,6614b794-9b07-4de2-837e-3aba6098ec7a,dcbf781d-54a3-4734-9b69-a7e119d59fa5;en;88;1000000;;;/film/Czy%C5%9Bciciele+internetu-2018-798016;tt7689936;0;0;0;0;2487;2007;1411;379;0;0;0;0;0;0;0;0;0;0;0;0;0;0;0;0;0;698;675;379;0;0;0;0;0;0;0;0;0;0;0;0;6284
397;923fee83-eada-4fe5-8f37-2c11614f6aca;2020-10-23;2020-10-22;Czyściec;f0506edd-d123-41d3-ad36-1d31a8bb23b8,76a06ec1-424d-48d4-973d-437146cec4ea,9e2c79c6-3240-4c6a-b615-0e9b3786fbe3;53;b46f5ae6-fcd0-4ea6-a50c-54386ed3ad34,eb5f6c28-a920-4dd5-9d27-f60a8901ec46,e4965b8e-858a-4004-938d-cf1662b621ad,12bf56c9-64f5-4e66-ad2f-b18b03c21dff,5e0be258-96e3-43ae-9b37-a76b4bd7d455;255a7f2a-7f68-4a27-a84e-5bc92229153e;e71270d1-d648-42e8-b1cd-58315299e461;255a7f2a-7f68-4a27-a84e-5bc92229153e;09fd4a79-2969-4543-85b9-3d9c3ef9c068,255a7f2a-7f68-4a27-a84e-5bc92229153e,b375ca8b-db25-409e-9ee4-d482ad0a70b1;;c29315d3-7743-480d-ba69-783e11af73bf;pl;94;3000000;;;/film/Czy%C5%9Bciec-2020-861643;tt13186122;0;0;0;0;0;12424;11046;2932;0;0;0;0;0;0;0;0;0;0;0;0;0;0;0;0;0;6921;4458;2932;0;0;0;0;0;0;0;0;0;0;0;0;26402
398;6b2c0705-f05d-4e9f-8ba6-f392ff2fc431;2011-10-07;2011-06-07;DAAS;f0506edd-d123-41d3-ad36-1d31a8bb23b8,d33826ab-c38d-47eb-aeb2-db999473a128;16;deeb867e-85de-4d8a-b388-f0c49ebd4447,aa5181a8-d70e-44eb-a486-b0061764eb2b,4d525e9c-7e86-41a0-8eb6-025f2db4eb81,375ed62e-46b9-4463-aa09-0e8028420def,ab0217fa-126a-4603-a902-f374120608d3,3ac3cb37-bdce-45ba-b0d6-b7b2be1986f5,113498b1-ec08-4b61-bd94-4444446e87e5,243ea4d4-07b1-4f33-844e-fbf19ebb3116;61499980-2ba1-4373-8330-c5f3bab33c28;2469ba5d-8a2c-4349-b38d-227be4d8eb2b;61499980-2ba1-4373-8330-c5f3bab33c28;6c80fdfa-6fc5-4bff-8068-e424d9240e5f,ab66fcad-136f-4028-8c01-fd887bd7db1a,57f6aeb9-2c3f-43a9-9970-7eacb5ef44d4,01f1bd99-1716-47f0-b936-7f35235c18df,b3d6b31f-8326-4651-af98-06c224808a05,a48a8e4b-966a-4ba0-b16c-5ab34915e3dd,063c0b06-b802-416a-9dba-6de781efde87,8dc6a5e9-e103-4034-a06c-d6dbde28dc06,79d0588a-6982-4226-a5fb-45b5279b83e3,f148bd92-05b8-4ef6-9a8d-223647f18dc5;f0c51272-7dd5-45d2-a87a-1cb6d6f491d4,d11b6568-187f-4eef-82d7-350ee378bff1,2a68c455-6e78-4884-8401-cbbc36619109,5f2c3d88-0cd2-4a58-a909-17d9110f614f,f1bdfd68-06de-4aaf-9af2-f93e0b7b9d55;c29315d3-7743-480d-ba69-783e11af73bf;;102;2000000;;;/film/Daas-2011-599655;;0;0;0;0;0;2444;1888;396;589;273;343;0;0;0;0;0;0;0;0;0;0;0;0;0;0;1457;1175;229;224;101;99;0;0;0;0;0;0;0;0;0;5933
399;e3615d63-913f-41ed-a867-0f06d636913e;2018-03-23;2017-11-01;Daddy Cool;57366ac3-c349-4e55-ad5d-6f8061179e88;12;668143f6-18ff-423c-ba9b-097e87d99128,bf95560f-5489-4fb7-afcc-ab5a8e2c30a6,b140a16d-b5ee-4e49-928a-a596c679fc0a,adfda1ec-e72e-4b0a-9136-eebaf029301c,61769c9e-44ad-4194-8943-5597882f188b,9ec46ac6-3399-4b70-af76-daac72e494d9,96dbc7de-c0e4-4f56-9f4b-fe5aeea277ca,5822b94d-8bc3-43fd-934c-8b71230d59d6;4cb07148-42d9-4e58-b97a-5290587bec4c;2469ba5d-8a2c-4349-b38d-227be4d8eb2b;4cb07148-42d9-4e58-b97a-5290587bec4c,1101e5ec-4546-4031-8128-f47a30219efa;d5908f1c-3547-48b0-aaec-f7aaea54df35,7046a91f-4a24-4d5d-b63a-12ba3e522514;40a6ab76-9c49-4bc8-b762-1b34239ee4ce,2d2cf735-b6cf-4aa3-94a4-9cd14b2e6f9e,7571ebcd-9de6-4985-89cd-80d50eaf8438;51d9043b-068a-4a31-a0fb-74719a5a6a11;;97;1000000;;;/film/Daddy+Cool-2017-801651;;0;0;0;0;0;8883;3639;920;2327;242;71;0;0;0;0;0;0;0;0;0;0;0;0;0;0;5066;1218;544;110;93;40;0;0;0;0;0;0;0;0;0;16082
400;812aea14-5868-489d-9fa6-3e5b6f7597bf;2018-11-02;2018-11-02;Dagadana. Świat bez granic;2c2fd51f-d2b8-4fb5-aec2-faf911088642;53;63937203-2c28-4ba3-8e3d-784a6b5dc2d4;fce609bb-c409-42ca-8251-3c64f62b8fe6;;63937203-2c28-4ba3-8e3d-784a6b5dc2d4;fce609bb-c409-42ca-8251-3c64f62b8fe6;;c29315d3-7743-480d-ba69-783e11af73bf;;88;1000000;;;/film/Dagadana.+%C5%9Awiat+bez+granic-2018-813949;;0;0;0;0;27;78;21;2;7;2;2;0;0;0;0;0;0;0;0;0;0;0;0;0;0;29;15;2;0;1;1;0;0;0;0;0;0;0;0;0;139
401;8dcec06b-6b30-47de-b9d2-6379cddb5209;2013-03-01;2013-02-08;Daję nam rok;8cd25594-1c53-4fcb-9d63-9bc49e46b082;;36c969cf-8bc6-4201-96b7-93bd88d5feed,d748dd0f-a1e4-4bb1-ae32-237744a8d3b5,3e4c07c0-703d-4011-8608-c6e84406ca84,9b48e7bb-cf87-4292-a62e-3477fd890040,153083ff-a7fb-4f8d-8328-807bbb2a43ae,75bfa120-9b03-4257-b321-bdf8418878c6,23958374-6af2-4a02-8de4-c259233b9080,e5f0ee4e-913a-4f72-a1f9-d70ecf711598;80b11ce4-81fa-41e8-a36c-7026c984cbb4;6f1e0b01-00d1-4844-9c68-e9d65479cb3d;80b11ce4-81fa-41e8-a36c-7026c984cbb4;d2990a1c-2804-42dc-a75e-34be0851bae9,15dcf0dc-df43-4c89-804d-faa02c70aa1c,8502a567-fcd9-40a6-931a-f0f1b8dc0105,85c25bc3-b43b-4051-94a7-5edcc84eb4df,37e01875-bee5-483d-99f5-74213b406bcd,49166b2f-dbd9-4060-a420-c5275e570648,97165738-2209-4484-ac7d-8e90b1ce1674,690283d8-6e04-46d1-a65c-4fe5139b0cb9,104c4866-c056-4200-8b24-78fa1d8c54a3;3ccd35c9-40fd-4838-b31b-93dabb655353,dd1ee7b8-6ff0-4f9c-92c0-bd73e9179d14,40a6ab76-9c49-4bc8-b762-1b34239ee4ce,85b0c869-66fc-4018-ae24-cc9f833e9a2c,84e99a61-52a8-478b-8c50-23aaffbdd22e,a8808064-6850-4a5d-bb10-8f00f3a64613,dab22dc4-1353-4c06-9736-350f01205142,88324739-24e9-490c-af1a-df92c6226042,4d8873dd-e520-4755-a653-be7d59e38a1c,01e8bee4-ea35-4bea-9c25-0635c0c4efc4,b1b7abd8-97bb-42ac-b171-332d285eee5d;;;97;1000000;;;/film/Daj%C4%99+nam+rok-2013-649905;;0;0;0;0;670;54862;49024;21815;26561;11944;7842;0;0;0;0;0;0;0;0;0;0;0;0;0;0;30654;34890;12761;13935;5004;5306;0;0;0;0;0;0;0;0;0;172718
402;a2a0d37a-8a00-43c6-a4c8-5ca524ce4946;2016-07-15;2016-07-15;Daleko na północy;4fc66943-7c2c-4e0c-a93f-8f7abb752c8c,9a150cd3-6c32-4b58-b1a4-aea6992c564c;56;faed72fc-c628-4ed5-bbc8-26eb76e4a8c7,44397ceb-664c-4f31-8d2f-b43d3922c73e,cfd4c028-dda3-4292-b520-17a1a9101ccb,ab762a39-497d-4a0f-a440-42f0963ca9f1,5c1a4878-9517-4114-8f2a-b7df96c904b4,99b75757-18ea-48f1-a74d-ec5877fd4475,6dfcb087-1bab-4733-a689-b134b54674ef,8eb4240e-ce73-4e11-be3f-0f67f0abdd4b;56d33f47-6554-474f-9d21-e5bca7c62b2d;f4b55c4c-9fd2-4c03-94c8-94c595093805;2ccde1a2-7c8d-4863-a3b0-f61c8f4e84b2,4c76ea57-bc6d-4233-83f6-ef114af3d6a3;3709cbd4-8cc0-43e6-ad6e-8c34d6280baf,c7551cbe-8457-4f55-a99e-2927510fbc07,4402791b-1337-4a62-aeee-212297751d18,c48812ef-0189-4c8d-bf3e-3c3254688744,d3fc2823-7a2b-40c7-b7ab-52d83464065b,ae1f49b9-4d22-45d0-a4f9-43973fbca552;d83706f9-fb04-4c8e-bf0a-9340a49047fd,53f9966f-b2a5-4a5a-a522-cd5604ddb226,1e744f9f-4837-4602-845a-300856e20fb5,3a9bbbc9-04a6-4f0f-bae4-0a2fd1844870,7a9890ad-6ce9-4cc3-aaaf-7bad93bdab42,85b0c869-66fc-4018-ae24-cc9f833e9a2c,3283a028-b189-4dd7-b934-be01564ba6a8,b2f1ec1a-01d0-4357-b4e6-4eae724a459a,70206518-663c-4d62-beec-d3f5276d790f,131e4050-12f7-4aa9-98f4-cc0deec1eb25,fe31c645-c290-49b2-b043-387c34667f34,2e4d1c74-ea8a-4ff7-b41d-e050aeeba605,c77a2eb3-9137-4ed8-8ea9-d19bab402fe0,fc46e471-cec9-401f-a838-f323602b6138,65f329d3-0183-46b8-a06b-a6e8bfb74728,9c4f72e7-bf2d-4382-8a8d-aac0cb740d19,76c6cb85-ec4a-40a8-bf0b-53e063452ed5,4d0eccef-06e2-434a-baab-ff5fbf7e50db,27d5ba6f-a591-492f-8aa7-f4c4f7a3c28f,89f86319-dc60-47aa-a79c-cb96ee62cc81;51d9043b-068a-4a31-a0fb-74719a5a6a11;en;81;3000000;;;/film/Daleko+na+p%C3%B3%C5%82nocy-2015-656573;tt0095135;0;0;0;0;54;1823;172;396;384;137;137;0;0;0;0;0;0;0;0;0;0;0;0;0;0;1361;45;83;332;69;69;0;0;0;0;0;0;0;0;0;3103
403;d84e32db-ebe8-463e-988e-146f67b5f50e;2020-09-04;2019-08-14;Daleko od Reykjavíku;f0506edd-d123-41d3-ad36-1d31a8bb23b8,57366ac3-c349-4e55-ad5d-6f8061179e88;53;541cd542-482c-498c-b7f5-4cd68e3f3d37,a1c8869d-7e65-4f11-a065-29b10a15d11f,c3c009be-5cf9-4e8d-a0de-8dc50dea4d7e,91509a4f-4517-43f4-b576-3ac526b790ac,8cbc20a6-c494-418e-8738-1c3f0ff5943f,3bcc12c3-c7e5-4de9-b666-bd7222d349a4,d4530e97-84bb-4041-958d-594c71df7a10,977ee697-9146-4257-9b94-eadcf1249dea,ad17f416-d237-421b-a57f-a927f60c2ebc,3872b809-1fe0-4433-a2c3-cc018b4055bb,5b883f89-698c-4802-beec-ed3a59c735bc,962e8c48-2b8a-4109-abf9-dc711b0e5669,ecfb1b1d-1a62-4e2d-a2f5-02b47731b171;1dc7b753-4756-4427-99f6-144b33d5a637;a4abfcce-d2ce-4ab3-becd-258c33b13102;1dc7b753-4756-4427-99f6-144b33d5a637;7c33f190-303d-4816-a722-3a8b1b117095,25b9a989-328f-4790-b6e9-4f5c8395d507,26e3d14b-3f69-408d-aef3-b3606f76983c,79a127b6-c086-4674-a08d-a5af266e7319,a8700726-23e5-42ec-be5f-0f9794b72796;53297b1d-1583-4b31-b6b4-b1d279c4d48a,d5087482-cc32-49c5-9f64-f4e730b7bd86,c0226ee6-d6f6-4163-a4a1-7db15e16e185,43fefd23-8b9e-4035-9b39-eab42bf407b9,1f1f6c3d-1d0f-4930-aa36-b96ac304a456,1e8266e4-1483-4789-8473-a6a408092928,ef1f1779-f8de-40ce-8e4d-52558610f094,b632f1c6-a7a0-4b0f-bd83-f40c70b605a4,e09430c2-dece-4dcc-be28-976294404a1f;654011b0-4c4d-4eea-9eb3-749a4a438219,1b7463ea-f722-4147-a4b2-261b08bede20,6614b794-9b07-4de2-837e-3aba6098ec7a,51d9043b-068a-4a31-a0fb-74719a5a6a11;is;92;2000000;;;/film/Daleko+od+Reykjav%C3%ADku-2019-842202;tt8390612;0;0;0;0;1344;2784;1696;1213;1091;562;337;0;0;0;0;0;0;0;0;0;0;0;0;0;0;1374;621;548;462;155;200;0;0;0;0;0;0;0;0;0;9027
404;06652167-0ec3-4976-acea-fd9ef914cc98;2016-03-18;2015-09-12;Dama w vanie;36a330ff-bd5d-4a0e-b74c-8a0d4473b778,f0506edd-d123-41d3-ad36-1d31a8bb23b8;;ed06acb7-2ad7-4b66-ab89-06acc5025401,a0dd6b29-a1d9-42d5-8fb1-f011b62fe834,9a2dd245-3c3e-481c-ac4c-e6735f7b7605,fec7cd54-3825-49c1-8d6b-15626d5895f6,8124786a-b46f-4f93-8ea9-96bc7fad37d8,b62ceed4-4e3b-465f-9f7f-bffb8a915f4a,02617750-8e1c-426b-af1b-9f06c298607c,13482fba-22d4-444b-826d-946869aea233,863fb7f9-d1b6-4080-a345-41cde6265fbc,ad8b5c26-8ffb-4773-8a29-20282ddca70e,f9047b18-5dcc-4e15-91df-939fec9dd96c,2a384129-75b4-47fe-aa49-43b2e67d3cb8,34261bbd-45f5-4325-b65a-964fccb52a13,4d695d48-7d9b-4997-86f3-05e9fbb5ac5c,2cde1c1c-6aab-4252-beb1-07ab9691ce4e,09b348b7-37eb-485e-a23f-6cd9e28ee033,ac474cd7-e614-48f0-ad5d-6b28426b50d6,6e31c745-51a5-4faa-a60d-19126a4bd23a;e2510d62-4f88-42c6-b2aa-7d58b82882cf;f44346b1-d6b2-41b4-876f-1b6682aad3ab;be992dc1-d28d-44b8-ab6d-b6d5d0095b99;e2510d62-4f88-42c6-b2aa-7d58b82882cf,ba7a2a47-c070-4047-9646-f6eb696335e6,e2f79f4a-a68a-4ac6-98b5-ad8eddbb7608,521c260f-5e93-408f-a6e3-24de502bfe76,99740cf6-eb50-47b6-87cd-c89ce4948157;03925e40-f29b-49db-a42c-998ac5aa4b7d;;en,fr;104;6000000;;;/film/Dama+w+vanie-2015-733084;tt3722070;0;0;0;0;0;7648;4046;1681;930;636;635;0;0;0;0;0;0;0;0;0;0;0;0;0;0;4167;647;830;596;318;317;0;0;0;0;0;0;0;0;0;15576
405;7019bd19-30d3-4b65-8bfd-73105066f787;2017-03-31;2016-11-30;Dalida. Skazana na miłość;f0506edd-d123-41d3-ad36-1d31a8bb23b8,36a330ff-bd5d-4a0e-b74c-8a0d4473b778,c411b135-0438-40c3-aa2b-88f7c4192e16;55;2c200f24-1a5f-40ef-ad05-5b9a13b04969,6a150a10-8a5a-439c-9c6c-a9303d821e1d,9e31c6a3-01dd-40b6-8f24-e4f6601d4c87,a8f2e363-1bb9-4923-9d89-ebf28f6072d0,67b31d16-c305-4224-b4c1-5c5e1f9f6d05,723b1e0c-a246-4898-bfb5-2816c177c4a2,1b4a76b2-00ae-4d4c-b6ec-5f0694972765,8f564f05-5520-4eef-a648-d1b35bcb5698,be039373-8ec3-4b88-a4c6-4f382f7fab9c,8878bb9e-2adf-4a0d-ba00-b1b8f39ee799,c601527f-41fa-4f78-a3d8-be37d0f515b7,fde5ed12-1503-43a6-9ce9-4c4870e3edf0,48d15188-fedb-47c4-9240-7945252da743,0e81c5ee-cdbd-4701-b5a8-cb82cc85bc2e,b63c5164-8302-4386-9c16-4542f13997f2,254f91db-4ddc-4c50-8ba5-594d03a0e260,f0eef8fa-b510-4c70-be12-b5ec69957af8;9575a8e8-bc0a-4cbd-b753-f98d2224a5b6;2469ba5d-8a2c-4349-b38d-227be4d8eb2b;9575a8e8-bc0a-4cbd-b753-f98d2224a5b6;7076b440-fddd-44f9-805a-f57f97eb5e56,9575a8e8-bc0a-4cbd-b753-f98d2224a5b6,b2bb570a-c166-4b6a-a2e2-36afd0ef9901,a9983487-f95e-41cb-9d5d-49d34f1612f7,c75ef767-f2c3-4112-bba7-80611a26d08a,e52a504a-82a5-4171-bbca-a37191c52309,03a61985-ef1d-4fe6-910f-6749a200c5c1,5b7a21a5-84e6-4d3b-8b15-625a121efb7c,fe2d5fb1-278b-4c67-913a-8f84d1f80338,7749475f-f519-49ac-bcfd-de91077b41a2;064d8d27-fa19-4a5c-b2e1-d45579f4d76f,fab084b9-bc13-48f9-9fe3-1cdedbb2635c,3a9bbbc9-04a6-4f0f-bae4-0a2fd1844870,45ae87c3-f5f6-44e2-8875-d719b6f8bb9d,3644f5d3-cf09-4cbf-8f69-52812d61ba82,0dcd9ad2-2996-44d9-a69f-ea06a7831bf0,42af4de9-6eaf-4337-b574-b9d600fa74d6,4847adb2-ec5d-4c7b-a8a7-e3fb8a62b5d0,88324739-24e9-490c-af1a-df92c6226042,4d8873dd-e520-4755-a653-be7d59e38a1c,b3f5b877-87b1-456e-9009-f843926d232b,bc5ec647-aa87-45ed-84e8-aa4e7ad24113;51d9043b-068a-4a31-a0fb-74719a5a6a11,09d4a448-e2b9-4400-9f5e-730f5eb483c2;fr,it,en,ar;124;2000000;;;/film/Dalida.+Skazana+na+mi%C5%82o%C5%9B%C4%87-2016-622162;tt5039860;0;0;0;0;2408;21934;11413;6939;5745;6903;3896;0;0;0;0;0;0;0;0;0;0;0;0;0;0;10755;7068;1081;3117;2790;1595;0;0;0;0;0;0;0;0;0;59238
406;4c317bff-59b5-4ddc-a3a1-536596597c4c;2015-08-07;2015-07-30;Dar;1db1ac18-a83d-4645-9cb7-3c60a03012ba;;ad6e5003-7044-49c2-b968-89da19ebabc8,c2d3fc31-4685-4ea4-8260-7bf0bd78392c,27aa5d73-fd85-46d5-8474-bffb82dce206,3620e9d6-9e9f-4667-8436-d23e19e0a5bf,ac4fddc5-41a6-4177-9328-cb6a7cb704d0,dce3ed86-c260-4bd3-8f45-00374747d0c1,d0ab6fd3-7ebf-40a3-b3ad-61136c0d8d1a,69f892ba-4b66-4791-b9ee-0be5cdbcebbd;27aa5d73-fd85-46d5-8474-bffb82dce206;6dc7f7ed-6e1c-485f-ace0-6547ecb1abd2;27aa5d73-fd85-46d5-8474-bffb82dce206;27aa5d73-fd85-46d5-8474-bffb82dce206,09b5760f-e6ce-441e-9763-cac75b3579fc,99f8201b-96bf-478f-9932-b39dbee8695d,6d950aba-25cd-40c5-aaa0-a1a5b507a8f5,640c6c60-d45e-47fd-9013-518acbd6003b,39b2f5ae-7e41-47f3-b4b5-55c3a89fab6f,8aa1a18d-0352-4d85-aa08-a04a26d5ce64,a7615d32-fabd-4ade-a37e-a2add75a3d38,32165c7f-5358-4756-a2df-468c99cb31f4,d59644ca-74fe-44eb-8a43-508642235c00,8a26193d-fced-4ece-8348-f2444bae134c;43ff13f9-129e-4af2-b664-5817dc21d588,4d9974f9-dd4d-4bf6-9046-c1ab0c0295e2;dcbf781d-54a3-4734-9b69-a7e119d59fa5,7bc66e23-af7a-4d1d-a72b-b745f9c430d4,270542da-ad6a-4404-8f03-01fd73a4c545;;108;5000000;;;/film/Dar-2015-736033;;0;0;0;0;0;0;0;0;0;0;0;0;0;0;0;0;0;0;0;0;0;0;0;0;0;0;0;0;0;0;0;0;0;0;0;0;0;0;0;0;0
407;4cb924c7-8fda-4591-8ad8-43884c7e3c34;2015-10-30;2014-10-16;Dark Was the Night;d31939d6-e42e-40f4-8e25-f18e47a1e035;;2514d1c9-1683-49b0-a6c5-7b2a76f97d0d,63136826-909f-45ad-a529-49eea58b36e3,947df1cb-9598-4dab-85c3-7d5fb104f10d,56abca63-ccca-495d-8c99-091490d2bc64,1dd523f1-f885-40de-bae0-84c54c463ceb,152e5bfa-1908-408f-96b8-7777d95888c8,6b7faa36-7ddc-4852-8cb8-298f344423b4,08960f4d-e466-4355-b187-6029e2b69d5f,a1c59906-5314-48d3-ae3c-a7b7b5751c8c,83133c59-4c50-4334-bc18-3a38738fa308,9de73c67-468f-4f74-863f-29e1348b3f0d,09384676-6592-4c1b-b427-5dbc117b588e,da447855-7876-47ba-9805-ee3f372d01d2,b2d8453e-d9ef-4ef6-9e0e-eae3cf5cc67e,f653ea5d-c12b-4061-a993-84ea1bf1d917,8b61b1f3-812a-4db4-aaf4-75973e50cd16,cdc3ea17-ea7f-4fac-aaf8-88c208fb3bb1;a298d28c-6e21-42da-bd48-a23f8e157050;df9dfbab-c133-4f86-bcf9-65c30130af8b;560d011d-5d41-4bf6-8f76-cb619618d870;f1876e99-f840-4685-b593-25075a18a0e0,9d592294-1f9d-43eb-953e-604372f98aa1,a298d28c-6e21-42da-bd48-a23f8e157050,0734a298-3802-4970-850a-b2efd21079bd,5323f6fe-35fd-43c7-9660-25250aa78022,b9da1345-e667-4f28-8f0f-76dd46b73d2b,0eb2825c-9a5e-406d-8416-7f58436413bb,72da0194-32d9-4b96-a149-288b13b188b1,749551b7-60a2-411f-ae9f-774e06441e12,560d011d-5d41-4bf6-8f76-cb619618d870,31ccd2d2-4e29-424f-9857-1d8fc28f21e5,ee7baa09-936c-4210-8dd8-c9b5dbee6f7b,8332fff2-579f-4393-bee9-c01421d5d8a5,918378a1-ce5c-4d20-98b2-3b116e161080;2cd1954d-2f93-4cfb-89e9-e5f892437b4e,db34dfa1-ff24-4d5d-9b3a-b4d492434928,f0c204fd-06e1-4168-837f-2cd527372b08,b2bf6fb1-3275-4ae2-82a7-a8e7f3530cea,56e4e4b3-2f05-4e73-b4f1-00c8215a6fa1;dcbf781d-54a3-4734-9b69-a7e119d59fa5;en;99;1000000;;;/film/Dark+Was+the+Night-2014-647326;tt2251281;0;0;0;0;0;26251;2152;0;0;0;0;0;0;0;0;0;0;0;0;0;0;0;0;0;0;25581;1015;0;0;0;0;0;0;0;0;0;0;0;0;0;28403
408;cbeef531-6486-4458-a33f-007ede3ca5c2;2017-07-07;2017-01-01;Darkland;1db1ac18-a83d-4645-9cb7-3c60a03012ba,d34b4e2c-74ce-42ab-b438-86fbbdcaee15;54;ba9fae92-4206-411f-a61a-eed5b9c7897f,ad51934f-4b60-4f4e-810e-c8365415a5f3,0559e2f4-9bb9-456e-91e8-7ba2c81a7b10,c7592484-21aa-4af9-8841-49749c9e3077,e554c88a-26e6-4a89-b71a-09ee3caa001d,3f4a6ea2-9a9a-4bfa-95c4-48247317a721,ab0c8c5b-7fc4-4b07-a91b-6d8cc2c1a524,c31e4d96-a2d7-40d1-9537-fd35aae964ad,f59a4c9b-3e42-46dc-bf3e-66358f04a62b,edcc84f1-0ad2-4c33-b544-bc3509e2dea8,98a47434-09f0-4f1d-9d34-5533bdbc1013,94c8e93b-fb29-4c7f-8f6f-a275e2af0df0,7f42e58b-bc42-41f1-9e13-bd4285b7c942,082d3e1a-9c5a-44da-908e-01983bdeda4b,7171c5c1-cdfb-4cec-b739-29bf66f73deb,a8d2e5ad-1203-4e40-b47b-4856aafb0e67,1a349a55-f60f-4b3b-9a27-af13e2655efe,638c8679-7eb2-47c2-8659-a06512512af2;ca7a2e0a-08a2-4423-9aec-a6f2033a36c8;817a06af-b597-426f-8e5d-f006c1b2704c;ca7a2e0a-08a2-4423-9aec-a6f2033a36c8,84cf9003-ae4c-4817-80f4-f4ae64402491;a075e14d-b6fb-4c81-aefd-fa2f8228bcb0,a72c0d66-7333-4238-89e2-3f8cbbf98684,26e3d14b-3f69-408d-aef3-b3606f76983c,79a127b6-c086-4674-a08d-a5af266e7319,c64cb0f0-7bcf-41d6-933e-6ee31582f77f;ef1f1779-f8de-40ce-8e4d-52558610f094;1b7463ea-f722-4147-a4b2-261b08bede20;da,ar;112;1000000;;;/film/Darkland-2017-774613;tt5431082;0;0;0;0;0;186;67;0;28;0;0;0;0;0;0;0;0;0;0;0;0;0;0;0;0;103;22;0;0;0;0;0;0;0;0;0;0;0;0;0;281
409;3490ba2a-9fc7-4d49-8238-8cbe048237fa;2013-08-21;2013-08-12;Dary Anioła: Miasto kości;f0506edd-d123-41d3-ad36-1d31a8bb23b8,45434b4d-8a1e-4d0b-8fce-cd849ae707e0,9a150cd3-6c32-4b58-b1a4-aea6992c564c;;6f2c5ebd-d750-4fc2-a3f8-e82886c85be2,afd2eee7-202d-4d8c-93d5-ec93e5d89047,9d13c6e6-7560-4014-b70f-d53978104bc4,38d0c887-11d7-4008-b58d-d118ca6109ea,dd82fba5-fe1f-446b-9937-d57e8d0c07a2,0f7cea51-d175-44fe-b770-b1d85af120ff,27e12c7f-f023-4e69-acce-a6d5eff81acb,bb02289f-95f9-4dd4-8790-20938962f53f,90c89e89-e75f-4865-9b42-5f4eb1729fa6,55d4d594-e672-4c26-a092-11a260cbd840,64ce6e37-3ddb-4cd9-bf6b-eb74e7ce574d,2514d1c9-1683-49b0-a6c5-7b2a76f97d0d,0ee0cde4-e879-41a4-a3a1-ad6eec77078b,9d47a334-f635-4381-b4f9-4a10288fae2d,983b6c96-4ea2-4dff-a11c-68d1fc439f50,6b4af459-0926-4354-8d1e-35a6f9310875,3fa29f50-9151-48a8-966f-87ece1f438c6;fd8143c5-544a-43f1-b6da-5e7283c750c0;6dc7f7ed-6e1c-485f-ace0-6547ecb1abd2;17c79105-8192-4c09-a44b-5d7436c35bf4;564aeec9-d3b0-4280-baf8-f0c3a8098607,43c56819-db56-4b01-92cf-f03beed98dd6,18f0f0f4-94ae-4dd0-94a1-d50c4c6397e7,c604ef63-f3cb-4504-bcb5-9c29e8d0b46e,779bd4e6-e473-45e7-8612-01819c8f8667,57b3c312-b354-4376-8087-4d0566b63707,b8073e1b-4dbf-4e21-993f-b30e5cd16133,574f3200-f84c-4009-b54b-044a14d5244b,6f88015c-eb87-45f4-903c-55caf2c39202;23732b73-f72d-4542-8fc0-11a89191e6fb,956866b2-769f-45ee-94f0-13b15786cdef,37931b87-d408-47b7-9f3a-71d47cddb4b8,6ab45889-807b-4265-804a-4e5b9778cb05;dcbf781d-54a3-4734-9b69-a7e119d59fa5,6614b794-9b07-4de2-837e-3aba6098ec7a;en;130;60000000;;;/film/Dary+Anio%C5%82a%3A+Miasto+ko%C5%9Bci-2013-559065;tt1538403;0;0;0;0;20219;66125;38441;15416;9157;3484;1820;0;0;0;0;0;0;0;0;0;0;0;0;0;0;28408;23363;8810;5826;2019;865;0;0;0;0;0;0;0;0;0;154662
410;4ee8216e-fb29-45a1-87c0-e8b92bb0c371;2014-08-22;2014-08-11;Dawca pamięci;f0506edd-d123-41d3-ad36-1d31a8bb23b8,6a5af1f4-128c-4ca8-960d-3f0f36d29764;;2fae8a40-8522-4a04-9dc9-6fa93e9a65be,f9477690-e0e6-4b95-b452-f93d807314cb,30ea4455-4058-4be8-9b8e-c314b03ae38f,bd4a4d25-bd6f-4eb0-910b-737d1e9825d0,295dc79f-3898-4af7-ab9a-62c7eb320dca,379ea796-538b-454c-a095-f4bb9e58cf3a,ac965849-f30e-4e04-a11c-ff56d1740801,688c1523-b469-4878-9ede-41b2a4e4a5c1,77d38164-1aaf-422d-935b-c062a52adf6f,408c9fdb-d2d5-474e-b79f-13ae07d17535,0bfe9035-4324-481a-bf57-49c812df9ed4,1e311eb1-8b84-42af-95ab-1ba39eb02a90,b59bd673-a5bc-4ff7-b2ce-3ba5c571a4a0,0827906a-8a90-4d5d-bb42-05c7fce850b4,d138c9d7-c926-4a6c-910f-435f007e8df2,0b8bc6c3-8fae-4ec3-aeb2-9af5519c89d6,bc544e1d-1d71-4328-bfa4-5afc618d186c,49f4883e-6434-4516-9284-971b7d8ec995;8895794a-d3bc-4698-9488-6d5ee0a24787;e71270d1-d648-42e8-b1cd-58315299e461;bc3466f8-1edd-44ff-96e1-c503f56306f7,7a073244-bbb2-4209-b2df-ca0fc4b31180;43c56819-db56-4b01-92cf-f03beed98dd6,1baaa5a7-2b9c-47d3-8002-a65637b91d3d,ddd7dcf6-b87e-4a2f-8125-d1cd3de3638b,88c22ed2-444d-43e4-b60d-dc2c41701b37,dbb93386-6405-4375-a477-04b2731501bb,579f010b-7e81-432b-82ee-a0ec93d432e1,ecc05e64-70fd-4d83-8109-1520a05534b3,933a9432-f5ca-4fad-bae6-9846ae956b8a,1ca1b2cf-1ffe-4507-8703-363dd30da2ce,2fae8a40-8522-4a04-9dc9-6fa93e9a65be;a9ebbe21-6570-4bf0-9571-d21a4fe00cf1,44deeb09-ec81-49d2-b9a3-7d6716a74820,bc4ffba1-8301-470a-b224-19f210d5438f,91258090-9786-4c2f-a219-c8cf6d620883;dcbf781d-54a3-4734-9b69-a7e119d59fa5,ff8fb8e4-4f80-44e9-a945-559e886a9a80;en;94;25000000;;;/film/Dawca+pami%C4%99ci-2014-188890;tt0435651;0;0;0;0;0;82269;52526;30400;19281;7782;5208;0;0;0;0;0;0;0;0;0;0;0;0;0;0;35674;29656;15088;10932;4150;2879;0;0;0;0;0;0;0;0;0;197466
411;ec4b4653-2711-4fa2-b0cc-a80622902e7a;2011-01-07;2010-02-12;David chce odlecieć;2c2fd51f-d2b8-4fb5-aec2-faf911088642;;80121a9d-63e6-4d01-b012-b4c3549fb636,afdbb8bc-66f0-4017-a574-6bc2943c58a9,de47caec-2f55-441b-82f7-0b07740ae8a4,d2542f5c-c25d-4571-a2d7-1e9c33deb114,7a9dae96-eb2c-48f0-b307-4b36200f21f6,861bf1cd-067d-4ea8-aa1f-61515d2c2209,7b91186f-aba8-47be-b6bd-57176d25664e,f6c499e6-3b7d-46c0-9a6f-3136ff4e2af9,59daf652-9896-429d-be11-452585b514b5,965756b6-35d3-4fd7-8fae-06f4524d3655,342d9dec-8d30-44e3-ba07-e7faf19f3ba1,bc178032-2d46-49fd-ba39-941cd29564d2,672ee50f-4d8d-4ca2-ae2e-44526274335d,1e9806b6-30ae-4f6b-b1f6-557220c96bbe,d9c8f64c-0083-4b6c-8f3c-285fe96f5c72;bc178032-2d46-49fd-ba39-941cd29564d2;f13023fd-efc3-43af-98c6-50964c66c585;bc178032-2d46-49fd-ba39-941cd29564d2;949f7c4a-d618-49dc-89e6-249273745010,1b6adbe8-da56-43a8-b00a-9a29a2dda678,a168ccc7-544d-4a85-952c-ec84530e9485,6098a900-183d-487d-8d60-3e9c710cb0e4,cae956c2-fcfe-477d-83a4-f7ebafa3b768,8628353e-6b0c-465c-92f0-3990ecc49fe2,c676bfd4-7732-48f6-a03f-62760ec833a7,4146f77a-7eb1-4716-ae6f-76e6f3d8e5e0,02522d91-d832-40da-af74-6a4c5a0d56b3,ad089515-1bc5-4c81-9539-c3f30ec7fbac;f6a33026-3845-44b8-b9be-b34a7e3f7b2e,6cd4a4ff-2a42-41db-be05-07d528b01548,39419591-9b31-424a-bc26-7e0f8da4ef3d,b803df2d-a02d-4077-b918-cc2acbbf5e1d,dc1aa9c3-fa70-40ea-bf3e-b930e8a3c35f,2548a2ce-aa80-4bdd-8b5e-e7d6b6178098;6614b794-9b07-4de2-837e-3aba6098ec7a,e9d4935d-ff76-4487-b6fe-c098e0681f47;de,en,hi;96;1000000;;;/film/David+chce+odlecie%C4%87-2010-560406;tt1598782;0;0;0;0;0;487;486;486;486;33;33;0;0;0;0;0;0;0;0;0;0;0;0;0;0;244;243;243;243;17;17;0;0;0;0;0;0;0;0;0;2011
412;5019863e-34b4-4a25-acce-c5321a1fadf7;2016-02-12;2016-01-21;Deadpool;57366ac3-c349-4e55-ad5d-6f8061179e88,d34b4e2c-74ce-42ab-b438-86fbbdcaee15,6a5af1f4-128c-4ca8-960d-3f0f36d29764;3,71;7b0bd762-3609-4485-9e39-f625b0c64c89,85ddef4f-131a-4216-b5d2-cea6da4a6a9f,87af1dda-8b6a-4236-955d-4a642ce54f55,2d32b78d-91fb-47b5-b424-0295471dc45f,d3627567-70b3-4da9-a683-18e606bb6022,0259eb84-aca0-42c7-bc05-393a3fdccc78,83039264-f7d9-40da-a5be-349588e95867,b08476f6-ac99-4edf-90a3-2349c8b1f9f8,e01d8f18-a5ed-402a-9a0f-129e32b1d726,fb497718-552a-473c-a8f5-c76476c037b8,618539ff-6016-4c98-bf62-85ea5e21e575,e955e5c8-83bf-4b6b-99dc-cce978e34349,b288c81b-db14-4ba6-92fd-13aabdd20627,bb36564e-53b7-46a0-a13c-a1d1280c9438,d50f01ad-ac92-4cad-b83c-e29e40d8d954,114414cf-7b50-474e-81d6-3ad8e1bee23c,610c4a1e-a92f-4c46-80c3-7a4272f9ddca;89041d89-0377-4986-af01-58a7b6c2ecf6;f8c298fc-ffb3-4397-9e1b-d709aee89d2a;a6942d6c-af11-45d6-9cd4-f0ff70518e42,eab52bcc-5762-4c8b-a8e3-ff38c02e7cf5;7b0bd762-3609-4485-9e39-f625b0c64c89,26d21fcf-4633-4a2e-9ccf-2e93d5095f1e,b770af0e-59fe-49f8-ba18-7a818bfac1ce,4a881ff0-01f9-44b7-a1d2-9b7b7c4ef4a7,2cca77b0-7fb9-4631-bc8b-a450f2eb363e,a6942d6c-af11-45d6-9cd4-f0ff70518e42,690c8d35-df49-4344-94c6-208983b30a59,7380fcfd-6a3c-48ec-b774-6d1f51dafbcc,eab52bcc-5762-4c8b-a8e3-ff38c02e7cf5,12ce56d0-767c-463c-9dec-f54e5159d2f3;a559fb59-a6ca-44a2-b246-c9daad2cab7a,5e57b547-b045-4494-be8f-d5d075654065,d05ed235-8f5d-472c-a840-ae3df380baf6,88b40b40-290c-4eba-bdce-86c9e6125d90;dcbf781d-54a3-4734-9b69-a7e119d59fa5;en;108;58000000;;;/film/Deadpool-2016-514675;tt1431045;0;0;0;0;0;333423;185875;101095;58971;34367;23713;0;0;0;0;0;0;0;0;0;0;0;0;0;0;206092;106077;61827;33797;21241;12504;0;0;0;0;0;0;0;0;0;737444
413;fdbcd1ba-97f3-4f4a-b710-c5be75b079ff;2010-01-08;2009-09-11;Świt;d31939d6-e42e-40f4-8e25-f18e47a1e035,d34b4e2c-74ce-42ab-b438-86fbbdcaee15;;571c33b8-9ec0-4a5b-93c3-c62d8812fde9,ec0abd9c-98ca-4a07-b5b7-2c229bc9bcbc,0f32e0a1-7115-4291-827e-4ce363df35fb,af17a46e-bd3a-4060-84a3-ca241e04866c,7fcad055-e990-4310-8896-7f65c19342e7,aac2219c-3094-4832-9b00-9eda6553abe8,194f585f-ea09-451e-935f-68f8f40edd76,e0aaba26-efce-44e2-a4c9-60f42eff3700,187d552d-6bed-4615-866a-895621ca0ce7,36953493-28b6-4844-8acb-f416bdac33ae,a3e98dae-62a8-4ec3-8ffe-8312c6ee7942,d551aa5e-2766-45e0-9f04-558dae5e9e54,4656abbf-a8e2-4017-bab2-443fb4f3aeb2,75a1114c-0649-4816-807e-e8707932ea7f,7da53f15-7455-47f2-9f80-3958ccca2533,a1aa7700-7012-414a-8002-fd13ad1130ee,57b84ad8-9e5b-46a4-a8d4-e0ea5ccbb1ad;33ff91fe-3809-437d-b6a1-cbfb8bbbf9ac,774d4bc0-2c13-4711-a914-bf513fe14387;e71270d1-d648-42e8-b1cd-58315299e461;33ff91fe-3809-437d-b6a1-cbfb8bbbf9ac,774d4bc0-2c13-4711-a914-bf513fe14387;1ec74f47-a1b4-4bb0-826b-bc14816b38c8,eec649a9-b598-4732-bbab-be0d4b4b20e9,35e31486-2406-4100-9085-45f116ca1a37,b82805d6-37c1-475e-bd34-cd8856ef484b,cd9cb1df-f8f8-490b-b45d-910cff2c4fcb,68ecc28e-1a2a-4b2d-afb8-e882588f2824,3420309c-9eea-4fa0-89cc-ed2cdd28a2ad;32630ded-1335-441a-973c-f2f8666bc4f3,1dbe8b5d-cf4c-4fda-8b37-a0649f561093,c69a34cf-8ec4-4c40-94c0-e77d66b4ed16,59151f73-14fb-4585-a9ac-a7bdc5ca11e7,3536022a-4b32-4e4d-a4dd-d82f8b73b697;dcbf781d-54a3-4734-9b69-a7e119d59fa5,7bc66e23-af7a-4d1d-a72b-b745f9c430d4;en;98;20000000;;;/film/Daybreakers+%C5%9Awit-2009-209723;tt0433362;0;0;0;0;0;29326;17093;5873;3903;1253;692;0;0;0;0;0;0;0;0;0;0;0;0;0;0;18321;11034;3410;2399;614;385;0;0;0;0;0;0;0;0;0;58140
414;d0a65f5f-fc39-4793-b40e-127f04a428bb;2018-05-18;2018-05-18;Deadpool 2;57366ac3-c349-4e55-ad5d-6f8061179e88,d34b4e2c-74ce-42ab-b438-86fbbdcaee15,6a5af1f4-128c-4ca8-960d-3f0f36d29764;3,4,71,91;a6d410fc-d547-4112-9841-dc4a5161558d,85ddef4f-131a-4216-b5d2-cea6da4a6a9f,fa69b30f-a3f3-4208-b31f-9e14bac21ce8,24eafa51-9151-4fd4-93ec-637411978f1f,2d32b78d-91fb-47b5-b424-0295471dc45f,8724a749-5407-4380-b3e4-6656061bed7a,0259eb84-aca0-42c7-bc05-393a3fdccc78,d3627567-70b3-4da9-a683-18e606bb6022,72330f11-7569-4c79-9467-519d32c9424c,e4a57c4d-23e1-415b-88af-fd44c589a523,29df45d6-047d-4173-9d0c-03317069fc35,5cbb18bc-3800-4190-babe-e2d5cf99aa91,1b9626e4-918d-4f29-a4aa-3e18d025f1e7,7b0bd762-3609-4485-9e39-f625b0c64c89,b08476f6-ac99-4edf-90a3-2349c8b1f9f8,5849e431-0636-4734-baf8-dc63e9bb5459,f48202cd-708a-43ff-9e35-438f6ccc1140;33ac9642-b583-4e98-93c0-a55cc8cb6115;f8c298fc-ffb3-4397-9e1b-d709aee89d2a;a6942d6c-af11-45d6-9cd4-f0ff70518e42,eab52bcc-5762-4c8b-a8e3-ff38c02e7cf5,7b0bd762-3609-4485-9e39-f625b0c64c89;7b0bd762-3609-4485-9e39-f625b0c64c89,26d21fcf-4633-4a2e-9ccf-2e93d5095f1e,4a881ff0-01f9-44b7-a1d2-9b7b7c4ef4a7,2cca77b0-7fb9-4631-bc8b-a450f2eb363e,a6942d6c-af11-45d6-9cd4-f0ff70518e42,690c8d35-df49-4344-94c6-208983b30a59,2fff3279-e5fe-42d8-ba5f-718a9cf6bf09,7380fcfd-6a3c-48ec-b774-6d1f51dafbcc,eab52bcc-5762-4c8b-a8e3-ff38c02e7cf5,f3a7625b-47fe-43f0-8b64-4d1a421e1abe,8360447e-cc3b-43ae-b431-eee9e4f95961,366a3db3-2c22-4d89-a07f-d9810fd78e5a,c59e1b72-eb4b-4bf4-89ed-1e5c5703b218,5c3c03ce-6f61-48d3-8171-b094e460e3fd;5e57b547-b045-4494-be8f-d5d075654065,91bc4ccf-13c5-4fd7-9f15-45c359da1ca1,464eb146-3955-4830-a3e4-af8c004346af,65ff951f-e694-4124-92e6-3884c693727d,88b40b40-290c-4eba-bdce-86c9e6125d90,067ae662-e5c0-4f46-8c43-13a862fc66df;dcbf781d-54a3-4734-9b69-a7e119d59fa5;en,yue,es,ru;119;110000000;;;/film/Deadpool+2-2018-760429;tt5463162;0;0;0;0;64993;342915;166052;108487;58551;33441;21850;0;0;0;0;0;0;0;0;0;0;0;0;0;0;209194;80935;65385;30950;17804;9594;0;0;0;0;0;0;0;0;0;796289
415;1d028855-0478-4a08-ad2f-2c3f2265038d;2020-01-03;2019-05-15;Deerskin;31d18fc1-07ae-4864-ba58-d61a70c8480d;54;9e8c1ec8-7799-48dc-81bf-b10f511d0d6a,ea64bdab-6961-41cb-b5ab-43f01a494036,1afbf083-3f9a-490c-80fb-9ca2c8714737,22b9ebe6-b13f-4de4-baae-2f8e470e8658,2bb95769-297e-49af-907b-8a4b2f496a0b,2989a614-1bcc-4a5e-a64b-d85d21efbd15,e0cbf11c-ca95-4f49-bf05-73effb285e3a,f4805ea2-c551-49d7-8404-f3059b17d290,75a5c913-b36c-44ed-a72c-b06df61d11c4,5c4c2322-e60b-48e2-a0b2-3ffab73d3ede,139975d5-f22b-439c-ad0d-8d3f18a192d1,60b8524a-7414-423d-b2d0-d3947e602f36,a972e1e3-f00e-4df1-b758-03eacd615d7a,efddeef4-562a-48ca-a559-efe821ca9f88,8be39ac8-47b9-4d4e-badb-cf0a9ce0b7f0,296578c2-2247-4d77-8da2-8a15305ef533,cbc86b85-fc39-46fd-9431-5e537a4d46b6,de347041-3e1d-4f5e-960c-43a03ae3d713;42b87388-fc0f-4d05-80c5-c6ac80b3d565;01d1875f-b7b0-4de5-8528-e813904d923a;42b87388-fc0f-4d05-80c5-c6ac80b3d565;477045a2-3ddc-4685-b749-c766b82b2fd7,c75ef767-f2c3-4112-bba7-80611a26d08a,4f1d26aa-5daf-45e4-8b52-53c16eae1226,e52a504a-82a5-4171-bbca-a37191c52309,4f1e4ffa-0108-43da-a090-0dd1719ef8f5,62272003-d787-476b-8222-88fb75306d0a,1cb492d0-77f7-4f1b-b1f2-e8ebe2f78fd5,edb320f9-873e-4b9c-a495-6bf6831d27f8,66396844-598b-4e83-99c6-1fb1f8d48261,907f5bc2-3ab4-433f-b980-0f106c3c30d9,6013513b-ecaf-417d-9d6d-d7b023976334,e318fb79-6069-47a8-9c73-98c396a9b97b,b4686f11-28e9-414d-a44e-29f3c8af2001;9cdcb9c1-5eff-407b-b498-39cdcb7ce4d5,2fcb5aef-9720-4939-8372-83a75ff68e14,d02acb34-39ba-4180-ad04-2f88f2ea8f14,40a6ab76-9c49-4bc8-b762-1b34239ee4ce,7a9890ad-6ce9-4cc3-aaaf-7bad93bdab42,46d4469a-d021-4873-bc8b-e9f4e31f5f1c,7f2edfda-c810-47d9-b5ab-ebec78798916,b3f5b877-87b1-456e-9009-f843926d232b,bc5ec647-aa87-45ed-84e8-aa4e7ad24113;51d9043b-068a-4a31-a0fb-74719a5a6a11;fr;77;4000000;;;/film/Deerskin-2019-832969;tt8193790;0;0;0;0;2554;4996;1967;963;530;0;245;0;0;0;0;0;0;0;0;0;0;0;0;0;0;3503;1126;491;208;0;123;0;0;0;0;0;0;0;0;0;11255
416;51f286a7-3099-4107-ae14-7cafab344034;2011-07-15;2010-09-11;Debiutanci;f0506edd-d123-41d3-ad36-1d31a8bb23b8,57366ac3-c349-4e55-ad5d-6f8061179e88;59;1b7c1a0e-e9e7-44a9-b0b4-fc57729f715c,6714408a-8e7f-4536-adb7-af6af155973a,58853079-6fd8-4b64-b817-f36c264be453,3cfa08a1-b11e-4d12-8c36-9b1e991d90a4,bf674628-ec79-414a-9bf7-4b3945a20401,5b4e5fc1-4cbe-4ab0-ada8-9c1992b3f0da,c9eda648-5152-491b-b3f5-cb313e923aae,b3ef9677-0fbd-4286-925a-dbce41395f40,5c4e27e5-5e67-4a5a-b375-e8ec53a01384,6c1a9255-bc43-4d8b-b9b8-85084c4a6de6,26332038-ede4-4f11-ab1c-cc8fc9207986,783415da-f509-448c-b759-cf2bc2b440a1,11670b7e-5843-4c4d-b328-65f5868ccfc6,51867114-b36d-405c-a363-f989fbd5cf1b,a972fb7e-42a2-4cdf-a10f-82b0548fc59b,53d9e245-9577-4031-a247-afb1f85d7780,7a8c34b9-1f51-43ed-9650-30360d4ee6ce;7e34cfcd-fc68-4391-896a-580c40433df6;a4abfcce-d2ce-4ab3-becd-258c33b13102;7e34cfcd-fc68-4391-896a-580c40433df6;20ff3aea-2705-495d-866e-4dc367ae3d9e,56b9f2c0-02eb-46ee-9149-5c8662a338e9,1eaa88fc-157a-4b2f-b7f0-753e4f85555f,abcec4cc-ad8b-41b3-9eca-2742a631043b,6726ef9c-43e0-482b-9848-4aab3ec84506,fe0a425e-6023-414a-86b2-36056cb04d89,fabf3935-cb4d-4c67-ae6a-1cc3cb611130,db6d6eaf-c9fb-4568-b871-267b073f8c4f,b9c10fc8-1d33-48a0-9280-4a09dab9b5f9;81b06b0a-5099-4493-a2fb-238cf70dee85,03f1f516-e825-4fd0-9626-1d98fe1e50ac,20ff9b41-38b2-4433-85d6-e5ba462b4172;dcbf781d-54a3-4734-9b69-a7e119d59fa5;en,fr;104;3200000;;;/film/Debiutanci-2010-545488;tt1532503;0;0;0;0;429;13707;11855;8454;5405;4156;3254;0;0;0;0;0;0;0;0;0;0;0;0;0;0;6536;6138;4461;2435;1863;1565;0;0;0;0;0;0;0;0;0;47260
417;61fd6c26-d700-435c-80cf-31f9b7fc2088;2011-05-20;2009-10-06;Delfin Plum;4fc66943-7c2c-4e0c-a93f-8f7abb752c8c,15c0b1ce-34ec-4d67-ba14-0138c61d5b54,9a150cd3-6c32-4b58-b1a4-aea6992c564c;56;9f602dfb-d6fb-4a81-a796-50d7032a22db,b1d0772d-a1c1-4ab9-9708-a6792b7983c8,8696b754-29c7-4ecf-9481-78f68fe5125f,2ab0487b-1d4b-4e6e-94a5-c3d19422773c,2170ffc3-36e7-4bb3-9cd4-f1a8b326a1b3,069caea5-4eb8-4b0d-bc1a-772082476423,d273a8a6-79d5-428f-9d55-50baf49d68a7,78ec8221-feea-401b-91ca-670ca8ff2af7,50cea885-e705-4dfe-99ec-ee663c75064f,b5358fe8-1b97-42bf-869e-50047bc74a57,27ce4cba-cb8d-468f-8952-f33921bd1626,e9505fa4-2043-40e6-b4ec-8a1a0be32e5b,f92ba956-b802-48ba-b7b4-16baa5c5b137,b666d7e1-f875-4ee3-8bdb-4cc4c3daa898,bf5540a5-d6e1-493b-bd84-f718692ad811,31406cd2-da86-4bad-8b97-06c348e34fcb,a3c6f926-1132-4ef7-858a-5155db7fc4f6;83e44ebd-dc36-46d0-be8b-5509a34b47c4;e71270d1-d648-42e8-b1cd-58315299e461;ccd88b2b-24f9-4d18-98e4-276808eacb25,9eb1cdfb-2ada-48f9-aa19-be8a73b53834,83e44ebd-dc36-46d0-be8b-5509a34b47c4;44238503-cadb-4c11-af16-f02aeeb52b65,d54a9e90-d9ff-4ad2-a56b-78cf5cc554a1,884774a0-a6c4-4a97-829b-76d9e3a38e78,239690df-b6e2-40ea-af5a-bf6f76a552b7;24bbfd57-b9a5-475f-b8ca-3a9d1a15493c,c3fb7e0b-667c-4900-83b1-735c5ed465f9,cffb89b5-8393-4b63-9aa7-887f15ccaa45;6614b794-9b07-4de2-837e-3aba6098ec7a,d9351110-ed5b-4140-8d62-f88b2860c913;es;86;1000000;;;/film/Delfin+Plum-2009-547117;tt1206541;0;0;0;0;0;18017;41291;10982;7987;7685;7205;0;0;0;0;0;0;0;0;0;0;0;0;0;0;11561;11854;6765;4127;4140;4336;0;0;0;0;0;0;0;0;0;93167
418;b1784c40-a026-4154-9b51-c1c853788895;2012-10-19;2011-12-21;Delikatność;8cd25594-1c53-4fcb-9d63-9bc49e46b082;;a4d3f599-a3f0-4739-b7e0-ac2dd26e9c56,bd42eb4b-3359-4c6d-96e6-0d6d257ac8ac,ad10f37d-fea1-4873-b700-c4f341872b5e,66246c43-54b4-40f6-b98d-d7110a15d0b4,e77a4699-0bdc-4778-be41-68f1521e99da,5236cd75-f05d-4581-81fd-1ba806766ccd,3f6ea75c-13f4-426c-b89a-b5681d1257ae,96278216-112d-4a18-8568-3a31035bb845,76ea076a-266e-4817-a156-44b2fad4974f,5d5a6650-26ac-4298-8b9d-e2ecca26be42,885ee668-01f5-4137-b913-8a909ea6b080,6cc4108e-0410-4555-9ea6-2ac0943fc766,2afac280-65f2-4dae-8a32-e48b8e3af026,c478723e-040f-41e7-979a-d145901cb1c8,66d17d41-fb55-45c8-be03-7961e0ed28a7,69524e2d-c671-40f1-802c-cfad74daab99;bcc53f8c-f70c-4e55-b29c-b2bd8308ba32,711b6d6e-c175-409c-9789-bdff53c75e5e;45f8e2a9-10fe-4239-8911-b8a984181ce0;bcc53f8c-f70c-4e55-b29c-b2bd8308ba32;fffbdee7-f590-49d4-9222-40d3b9bb13f5,4389ebdb-08aa-4fa4-a5c0-f95f180439dd,6d7f1d38-d4c1-495a-b668-b8a1b243d42f;11770da9-9f86-45e8-bcc8-a98368207207,144957e3-b2a5-426b-a00c-7211de995544,40a6ab76-9c49-4bc8-b762-1b34239ee4ce,85b0c869-66fc-4018-ae24-cc9f833e9a2c,7904122d-4c9d-4ea8-bc54-be8c2ab068a9,6a0708eb-e834-48bb-85a5-82a36490c4b6,66d1ae48-e103-42f2-8c95-65c959a00499,46615708-4f01-4d36-bdd5-343f4b867824,3ccd35c9-40fd-4838-b31b-93dabb655353;51d9043b-068a-4a31-a0fb-74719a5a6a11;fr,sv;108;8000000;;;/film/Delikatno%C5%9B%C4%87-2011-616092;tt1828995;0;0;0;0;0;884;735;375;45;340;352;0;0;0;0;0;0;0;0;0;0;0;0;0;0;324;329;214;28;180;208;0;0;0;0;0;0;0;0;0;2731
419;8c442b60-b2a2-4256-9f1f-18dff0f3e078;2018-05-10;2018-05-10;Delirium;1db1ac18-a83d-4645-9cb7-3c60a03012ba;15;5ba9f34e-685f-4d01-9ccf-68e94f6bb895,8c4d0836-84f3-4d3b-b517-a285349fd0b4,ae5afa08-9320-4228-8d03-40f0d0ce6c70,c33ece89-c438-4031-8610-34233fddc7ea,92761bc4-9534-4f95-948b-05b3116a4782,5acd6df3-d7cd-40a1-b576-3d2b76156316,6431ff8f-de3a-457b-b5e5-c296c2fcf1c7,b951284e-3049-4730-ac2d-ab9c26dc5281;138d87a8-b417-4bdb-a1c4-1ab4787c0d0a;;a16ef00c-7184-4ce2-9524-f040a0424c5d;13642a8a-97c3-41fd-8f35-02228d84fd54,5a8a37ab-3b25-4abb-b568-b4716584dba3,f03b2a9e-b800-4a75-b279-5f0d84d79522,3e53a750-da75-4620-ad73-d1cd61426636,c6eb8ba8-d436-4b50-ad49-ed3bed4409c9,6d950aba-25cd-40c5-aaa0-a1a5b507a8f5,374ca048-50ba-4f7d-a194-6d87d83efe53,3eaf7bf7-3828-4e1d-8392-cafbf3264f25,0624125b-ba75-4b34-b23d-e3de344deeb5,39b2f5ae-7e41-47f3-b4b5-55c3a89fab6f,8aa1a18d-0352-4d85-aa08-a04a26d5ce64,8a26193d-fced-4ece-8348-f2444bae134c,1f6fdeec-ff84-4ae1-845c-308fad8eefbe,a70b05f6-e4fa-4c80-b232-69db4cb0fb57;ae840a8a-7978-46c8-b7ab-db292d1f2fe7,4d9974f9-dd4d-4bf6-9046-c1ab0c0295e2,e91eef3f-6f62-4954-9447-1a96b65df7fb;dcbf781d-54a3-4734-9b69-a7e119d59fa5;;96;3000000;;;/film/Delirium-2018-713220;;0;0;0;0;0;3633;3632;0;0;0;0;0;0;0;0;0;0;0;0;0;0;0;0;0;0;1817;1816;0;0;0;0;0;0;0;0;0;0;0;0;0;7265
420;ae431bcb-533f-4f3f-81f1-def508fc1b58;2015-10-16;2015-09-17;Demon;1db1ac18-a83d-4645-9cb7-3c60a03012ba;;1cade1ff-6131-47cf-ae3d-aef0acebcc04,2fb42995-0f4a-4b0f-824a-162e1bfa9038,c33de575-8ee5-4280-9166-6940f4cb0b09,0bfcc984-4439-4697-b159-929e2d575ea2,5f8960ed-bea2-42aa-8ad0-282ecf7b8dea,516a9f37-0499-43a5-8b45-4a97e393c067,a34759f6-c52d-4ee3-9768-bb66dd9d98b2,9635b9db-519d-4973-accf-24b479ff827a;81fe6c3b-bcf5-41d7-84ce-8e5e0b594c69;e71270d1-d648-42e8-b1cd-58315299e461;81fe6c3b-bcf5-41d7-84ce-8e5e0b594c69,4588cada-55fd-400d-aae2-b17562431f9e;81fe6c3b-bcf5-41d7-84ce-8e5e0b594c69,6854f29f-5ad1-4936-a752-4753bc8cc194,3b300591-5188-4eb1-8577-20e2646b81f9;0b63491e-defa-4fe5-a6a3-4da698c15a7d,f2d4e867-38fb-41dd-8df0-ff27a440d7c7,b798625c-54a7-433f-8693-ce499d7f71e2,f39776dd-c0ab-44ea-b46a-844d3c1723be,43af9a9c-4d05-4f83-9972-65a6a7444a4d,2fe74ac1-8bf4-4fae-a704-31ab445c1ed3;c29315d3-7743-480d-ba69-783e11af73bf,84ba792c-d86a-49a2-96a2-05d3d744cddf;;93;5740185;;;/film/Demon-2015-724565;;0;0;0;0;0;43972;21171;30896;4508;1518;1518;0;0;0;0;0;0;0;0;0;0;0;0;0;0;26328;11770;25869;2536;759;759;0;0;0;0;0;0;0;0;0;103583
421;a301a06c-f728-4b2e-87bd-f7200cd7dc5b;2012-03-16;2012-01-05;Demony;d31939d6-e42e-40f4-8e25-f18e47a1e035;;37e59f04-a91b-4ddc-9068-a51a1cd3e50e,69400ad7-50a4-4aed-8363-52653ea159c2,4f7c068b-214b-4f76-9e55-0fe398e84033,a9113f98-2afb-4fae-aa2a-456d8a73e346,a0c5b78a-ee12-4ad5-8234-1be0a1a641f0,a212fabf-868c-48a6-b33b-c3632b20cf1c,23f9c81d-9d6b-4448-9ad1-cc4785fa3c4f,c74c19d6-1297-4b59-8677-fc7142dfc588,e0e642f1-9bef-48a3-aa3e-294c154c1621,2cf3b607-f4ba-465f-b0d7-7794f0d5f3f1,f031c60b-f677-4ccc-8aac-ccd7d33340b5,68c26417-1f4e-4cb0-aa13-bf38db1dc07a,f89798c5-b277-46b9-8c2c-9c1a99ec64d1,908d5a66-9f9c-4539-84d3-710cc7d53625,d3eb9c75-91e1-4a1c-943e-e6a723036126,308b7e03-775f-4a52-8939-957f66546497;d740eff0-9460-46d8-a7ee-07dc8decb095;f44346b1-d6b2-41b4-876f-1b6682aad3ab;d740eff0-9460-46d8-a7ee-07dc8decb095,2c4e3369-f55e-4f7e-8f6b-83e48d5003f1;6ade6ce2-a884-4231-8f4d-3f36d5b41d1f,1f3a4e56-4ca5-4aa8-a1a1-8693a8670d9e,2c4e3369-f55e-4f7e-8f6b-83e48d5003f1,3edc6462-9314-4d2d-bbcf-9ccb67f56387,fbb898f6-fc19-41c1-b1f0-0e9b959c8d85,0624125b-ba75-4b34-b23d-e3de344deeb5,420fd863-2590-46b6-8f75-cbc96ccd3fb7,6dffa88e-d919-4580-8bdd-94df59db6e01;95a4cdc3-dcc2-4475-a97e-bdf1d54d0ea4,8199aa88-9de4-4337-b8f3-c0aa7577fd58;dcbf781d-54a3-4734-9b69-a7e119d59fa5;en,de,it;83;1000000;;;/film/Demony-2012-622009;tt1560985;0;0;0;0;0;0;0;0;0;0;0;0;0;0;0;0;0;0;0;0;0;0;0;0;0;0;0;0;0;0;0;0;0;0;0;0;0;0;0;0;0
422;37e99306-8f3b-447f-a0a3-8eb5b058614a;2020-01-17;2018-09-10;Demony prerii;d31939d6-e42e-40f4-8e25-f18e47a1e035;15;6f6f92c4-d58f-4fd6-9588-0a60b16620b1,d185b8de-d9cb-44e1-a799-0848dfb12205,0882f36b-7e26-42b9-8a6c-620adbd8a46e,5a594337-dbfc-46cf-a870-657023b476c4,13e84f70-886b-47c6-8e4c-d372e03c9f1c,852eaa5f-5035-496b-a03a-057bb465eb2d;cde9bfb7-4833-4952-a24a-2aaba35c14ee;40c78f5e-8415-4b23-acdd-a81209b266e8;f92eb49d-b6b4-409c-b48d-272d5b2f7b40;094538a4-8823-4240-b408-8c5572408254,2b07679f-221b-4664-8a96-43944718eed2,d4eb682f-9f30-4e61-b276-0b0d36f06296,f92eb49d-b6b4-409c-b48d-272d5b2f7b40,bc607ebc-5869-42ba-ab1c-4076b1f08ba9,6ab2948f-77b6-4a30-a52b-677ef574ea04,c38e6631-5d66-4cdd-94fc-4669b42c5924,1a23b501-1a50-4a05-bc80-68ecc95fb91e,8b6dfe02-a0be-47b4-9633-b7c6a9377354,cf68fbf9-4a0f-4385-b1e8-f4664d7da5a7,596c25ea-cf09-4d01-b51e-65d6ce9f76aa;0545e5d1-059b-4a52-9ca0-444540c1a805;dcbf781d-54a3-4734-9b69-a7e119d59fa5;;86;2000000;;;/film/Demony+prerii-2018-811294;;0;0;0;0;127;1008;171;32;24;0;0;0;0;0;0;0;0;0;0;0;0;0;0;0;0;844;140;18;24;0;0;0;0;0;0;0;0;0;0;0;1362
423;c4db150b-36b4-4e8e-b308-9de999f29660;2016-09-02;2015-09-10;Destrukcja;f0506edd-d123-41d3-ad36-1d31a8bb23b8,57366ac3-c349-4e55-ad5d-6f8061179e88;;1c43295d-6b2a-4f25-b1fe-966e91f22051,668fc77a-b572-427f-b0dd-951d54caf56e,e28243d9-8533-4b48-94e1-b317a7ab3ed7,64d0fe00-b204-4cb4-8d3f-75f94e289a60,5751c3d9-aa7c-4ba7-b49c-b02fa909a9ec,1e92c684-8373-48e0-aa2f-f20ed11e1205,3b5e066e-bc42-4a7e-a3fd-df3de778048e,03bd9a65-533f-46f8-b71e-16de936602b9,b660f305-1290-48dc-afb9-40ccf05b9a37,3a089cd3-c5fe-4e5c-8dd5-3bbfbb31597c,ca52d7c9-6f1e-4944-b666-53966006107f,72523a7a-fa9d-49d5-b9db-49ad7435ee1f,704c1438-51a1-4caf-a980-fdeee4530e28,7ef9cee3-9096-4e23-acef-fd3936d07e98,e07b8bc5-9013-4e96-b2ad-f30482cb3a4f,5a1b7d26-50b8-4721-87ca-bf62645060eb,bca285b6-1ce9-4b2f-b636-fab4299538cb,19461430-ec66-452a-936a-0ffbc4f1090d;40675d37-902b-494f-b970-5d9547ebf2b7;f44346b1-d6b2-41b4-876f-1b6682aad3ab;a25062b7-533b-4557-8c2c-187a8c713f7d;8c0742aa-2eb6-4fb4-a1e6-12695f3f2237,b54f388b-c5e5-4f4c-9439-dfca85c2767c,b85be40b-4e00-4ddd-ac10-0995b53f8175,fd8e1942-d369-41c5-964d-e2a8c5df59e0,db8025eb-0492-4810-a862-41e60920004d,40675d37-902b-494f-b970-5d9547ebf2b7,cad3b5ac-b7d6-4602-a302-5a9a89e3fbe1,10f1c61d-b03e-4e3c-aa69-261d8440ce1c,ea48e0fd-3313-4036-9e7c-9ca07a2b2426,fabf7bc1-4da6-4ceb-a4cb-8171116fa3dc,60f76984-f73b-483f-94c4-a96d60d312f1,a25062b7-533b-4557-8c2c-187a8c713f7d,a33e8de7-2147-4c33-9bc6-12f4d7d0099c,5025e059-2432-4e2e-9055-64b346e20a83,714bb202-f122-4142-96cb-e2a6e0c7fccc,fd66dd72-2589-402f-acba-3fab0b8a7ec7,bc940088-1bce-4ba3-ac51-f975952c190c;2d2f0f84-ea5e-44c7-a8ea-8d9f4efb1009,56ce354d-b901-42f4-8ab9-8c04e166e504,af9f0640-977d-414e-bae7-04d5110e6b22,0f8216d1-4d1c-4f98-99de-c0527a484d96;dcbf781d-54a3-4734-9b69-a7e119d59fa5;en;101;10000000;;;/film/Destrukcja-2015-688536;tt1172049;0;0;0;0;0;0;0;0;0;0;0;0;0;0;0;0;0;0;0;0;0;0;0;0;0;0;0;0;0;0;0;0;0;0;0;0;0;0;0;0;0
424;1e936cdf-1d65-4626-a8c2-db9deae687c0;2018-05-25;2017-04-24;Brama piekieł;1db1ac18-a83d-4645-9cb7-3c60a03012ba,6a5af1f4-128c-4ca8-960d-3f0f36d29764;15;77fe2230-00eb-4aa6-b58e-9db9fe309100,3f92efdf-2656-408c-b47f-16224fdecbe9,3a21bb82-9d51-46f3-a18b-b5c991a8f849,3d40f6f0-1618-43b8-9c2a-a5466a58a5dd,37cb94ad-ec51-4de5-9e6b-b359918d7bb2,efbd16f7-6124-4d28-8048-98dccf4e73ca,ff7ff595-4b27-4819-9d28-f8e7110e72cb,72b6d5f3-19cf-4a89-ae1b-6c37757505fb,cede4e74-879e-42c6-9965-115bbfa35057,f8ce332c-7a78-4aa4-b13d-63a704fe70b3,5345188e-eb7a-4459-90c3-78d784682c33,4582a962-c78d-448a-a036-51af90ea0881;30563985-d8e2-4aeb-abfb-12f0869b4745;df9dfbab-c133-4f86-bcf9-65c30130af8b;30563985-d8e2-4aeb-abfb-12f0869b4745,d75e06d8-c505-4a31-b678-24544b307615;0a5ffff4-23ca-45c0-90eb-638a3a6b1f02,028f9d4a-069a-441f-9822-8b2f8c8621d3,df1f1a1f-e5a6-4456-a113-056633400740,b6b27f8e-0e7e-437e-a807-7db1d4fa3292,2324134c-8e73-45e3-985a-2f94cf729b36,3e486d43-660a-41f6-9804-35e316424617,7eec1626-7b1e-4ce2-bb45-7e9f8a376c83,52031941-9177-407f-8d81-06de7b1651e0;3b38a651-249f-4039-a00a-69314a7e79ec,f90d64e7-ac67-490e-91f6-ab4eb3aa3b57;;en;94;2000000;;;/film/Brama+piekie%C5%82-2017-742702;tt4610748;0;0;0;0;0;508;990;991;990;991;990;0;0;0;0;0;0;0;0;0;0;0;0;0;0;12;495;496;495;496;495;0;0;0;0;0;0;0;0;0;5460
425;1c4de665-72ab-4b40-b942-9692167201bd;2016-12-02;2016-04-18;Diabelski młyn;d31939d6-e42e-40f4-8e25-f18e47a1e035;;61a3cf89-ca2d-4c3a-8ba8-62a1d2e90260,106739b5-d2a7-4b74-8162-2bd3c6004282,5899fb5d-191d-4e46-9abd-c5c57c3d66da,955e03c4-edcb-4463-b8f7-70225777acd0,ad0cc901-257d-4b90-ad67-25d554c9491f,e1ce5789-d853-46c3-b704-44f481b66304,a33fca47-5c87-47a2-8b92-09cbef523308,e9c16479-adda-4f45-bd4f-aea97c558976,ed37ec81-a596-444e-af89-f9b64c792032,fe323042-868b-4f9f-9177-4f781389fa84,ce7eb374-4561-4db7-bb52-33a6774fcc20,dee852de-9882-45e6-87be-11646648e355,ab1e97d1-c1e4-49d0-8046-8f6ad6560da6,f7a89c5e-a378-4bc1-bbae-93d009014cae,efcdbc2c-e240-42ec-a713-7f43eb0988d4,1f119c0f-233a-4f41-bd36-9a4fc991590e,1ddffaf2-0592-4aa2-9048-61b76df4df64,ba06af98-7cdb-4aa2-aeb1-812d19607fb3;c3b193a8-801f-49c4-b440-6fbd60441724;40be43ec-9db7-4ec8-b8a2-03903355aee4;6bb8d361-22e4-4b66-bd43-b3dcc07a5d92,1fcde917-d601-4b3d-a64d-615570084660;f7db4a63-28b7-44e4-a0fe-4790882c64d1,0f4fa514-8203-44b2-9eaa-7dc7d29415a2,c3b193a8-801f-49c4-b440-6fbd60441724,d95b962b-65ce-4ce1-b515-d40014449c03,c9072dcc-ea5c-4582-8f3c-397c2534ecee,c120aebc-873e-4714-8913-fec7c3af5f8a,b7723762-2e56-4ffa-81b8-11f886ec78d8,f738143d-b03d-4b7e-ae22-b2e59132a994,89de0cbd-fe3c-4032-a3b7-8599ffe5d1b0,a9c36da1-294a-499e-b93c-d27126450980;55eae314-2305-4b93-870d-25c5c8225e0f;;en;85;1000000;;;/film/Diabelski+m%C5%82yn-2016-774917;tt2923088;0;0;0;0;21309;6493;2465;198;33;0;0;0;0;0;0;0;0;0;0;0;0;0;0;0;0;4121;1979;170;9;0;0;0;0;0;0;0;0;0;0;0;30498
426;96f57f9d-0cae-49c0-8e95-06cd2159a300;2014-10-24;2014-10-23;Diabelska plansza Ouija;d31939d6-e42e-40f4-8e25-f18e47a1e035;15;66d5abd5-b1be-43eb-922f-f6f4a5f6ef64,f35d4251-7ff0-45a0-a658-e42f44fadb8f,c44fd1bd-3848-4b0e-b78e-f2e34e672191,bdc3baaa-c955-4555-953a-6309967cdcc7,c883c238-b0af-491f-94ed-8da666cc7a84,24ad7b19-bcab-404d-bdab-1aefb0497d10,21ad19d2-8cb1-48e5-8afb-e756f27f5ee9,2085f37e-8485-453d-9270-84a5bac0adce;a073928b-5625-4b81-bf5e-e37e7c696da0;f44346b1-d6b2-41b4-876f-1b6682aad3ab;d8596f54-1384-45bf-9b14-9855ab04e849,a073928b-5625-4b81-bf5e-e37e7c696da0;cd0d2c3e-b2bb-42e4-af81-a5cc45bc2214,d8596f54-1384-45bf-9b14-9855ab04e849,dc6226af-146a-4886-b965-d419097be857,642d0d81-c568-4e0b-b3bb-9510a6cc5e40,6d950aba-25cd-40c5-aaa0-a1a5b507a8f5,ef68bdc0-b3e8-497a-a8cb-e44e7975825d,33aaf175-66e7-4e5a-8102-6056b4dcb01c,7503a74c-a5a7-4cd8-b206-4a8ec1832ab7,8aa1a18d-0352-4d85-aa08-a04a26d5ce64,952065f3-1f07-4000-a069-5a528c9b7b05,8a26193d-fced-4ece-8348-f2444bae134c;e5886614-70b7-4297-b71e-0ed0cd8b40a7,4d9974f9-dd4d-4bf6-9046-c1ab0c0295e2,c8752487-df31-4cf5-b2d6-11744e5ced20,cb7f3956-be1c-4b0b-9fe5-c06fba076b8b,4bc77b2c-e701-4013-b228-902016154418,c0f84541-3c0c-49bf-9203-e3bc17d468bf,517128a3-7b6a-4be4-bfc9-496e16269140;dcbf781d-54a3-4734-9b69-a7e119d59fa5;;89;5000000;;;/film/Diabelska+plansza+Ouija-2014-482800;;0;0;0;0;0;34658;28739;15834;3210;229;228;0;0;0;0;0;0;0;0;0;0;0;0;0;0;22828;19492;8313;2247;115;114;0;0;0;0;0;0;0;0;0;82898
427;6aedb9b4-d14e-4982-b15f-7fb885f910e3;2014-05-02;2014-01-09;Diabelskie nasienie;d31939d6-e42e-40f4-8e25-f18e47a1e035;15;dd91bee3-2af0-46d9-acdd-8d83007957f3,94b80bd3-9feb-43fb-8fc9-a5f6f82b82cf,136aa663-0457-418e-9543-9bf59e0dd9b0,d35241cf-2c36-4cbc-b052-8a3e6d5c312c,a9ee8643-367c-4d96-aa1b-9c91d2211790,6ba7d067-c320-428b-b96e-11dace93a3d4,0cfd2243-222d-4047-8df6-7d63d534cd56,d2528030-7ca6-4c45-8313-dbf2b665a47d,cd66d2c1-ff34-4be5-a331-cdaaac198445,bb0da02f-0784-4a84-ba27-b112fbdcbc6d,baec8cdc-38eb-46c6-a65c-2c49cd933beb,0950630a-adfb-4256-ae60-29e7da88158e,78629592-1e90-4c93-ac8a-5123620e0465,e778606f-8d75-4f63-bc90-abb3b0622aaf,6b901db7-26bd-469c-95d2-399b32f27812,43a2e9e7-7345-4a4a-9ced-b7340151b192,78808f08-9f9e-48a2-8798-35eb2cdc3e1a,8667ae9a-2bdd-417c-a968-f443ed785528;a19590d0-4be1-4b51-9e7e-d99945ba820d,6740491b-53b5-4ff3-bb14-e6740ed91dcb;f8c298fc-ffb3-4397-9e1b-d709aee89d2a;975ff129-320d-4213-b068-fd0de9196d65;a90066f1-7daa-4a9f-b0e4-a306c57a9de3,20373e53-5325-41f7-9767-247946fd9114,740249f7-4fe6-4820-9a02-f860b300d875,af36331e-d34f-409c-9c8b-024cb932af41,41a85c92-c30f-4af7-b7a7-4053c645f730,8e822031-3cdc-4b0e-b844-78afbd7e6df3;a559fb59-a6ca-44a2-b246-c9daad2cab7a,a0281806-a2e6-4105-ab2d-4fd35fdee515,88b40b40-290c-4eba-bdce-86c9e6125d90;dcbf781d-54a3-4734-9b69-a7e119d59fa5;en,es,la;89;7000000;;;/film/Diabelskie+nasienie-2014-688891;tt2752758;0;0;0;0;1142;13597;6296;983;271;271;110;0;0;0;0;0;0;0;0;0;0;0;0;0;0;8191;3794;847;136;136;55;0;0;0;0;0;0;0;0;0;22670
428;31a8ade5-d17c-4d53-afea-3c6f6b08dcc4;2018-12-07;2018-11-28;Diabeł: Inkarnacja;d31939d6-e42e-40f4-8e25-f18e47a1e035;;6778a7c4-090e-4f4e-9a6b-2f53b946c7d3,37c01f94-5a4c-4075-9436-fb3c3219e853,9fd5918b-a30e-40c2-a063-f2408326f1a3,0a46002e-3d96-4404-b2f0-a828f6729851,3af1f1ee-8379-4c86-9273-b4cf184d4505,918aca04-8381-4e1f-8a13-885e1348ed33,216a5cca-f665-47b3-892f-851d30a47819,b5359dff-5de6-4739-9dc6-80025a79a33e,2852bec8-db80-4c4d-881b-b2ac518d0dff,9ad0b760-7808-4188-a6de-5195c56bbb75,4056fac9-a623-4a05-be81-2228c3d1d7fd,be84e6ca-aaf4-4f78-a40c-441983ddef4e,ec11519d-c39e-4809-aabe-53e7e66cb7bf,f2135d99-a51e-4bc2-8adb-99f7df62db90,a58cd4d3-3f57-4848-b147-48b3a8e3905c,e70eea6b-7ca0-41d1-b8ff-1254c755481a,f0847df5-593e-470d-afa2-a9127dfd59ce,255e9d24-01d5-49b2-ad21-e23e845481ab;6d44b4b6-bc2e-4eba-b997-868371f81021;f44346b1-d6b2-41b4-876f-1b6682aad3ab;4cfb75b8-db77-47d4-8f88-932e09b7967e;fac5788f-11b2-4e76-a77a-7500cd7f7e1d,a72a98ce-0316-4619-914e-c691500c2e30,71d1c823-8151-4f77-9bf2-fc04e000df99,2ca4b6cd-46ff-4772-abb9-e4eb6ee5bf64;533c30a5-405b-4df5-badb-ba32b6b48340,77f2ebbb-654c-4320-8f80-ae9bcd9147ad;dcbf781d-54a3-4734-9b69-a7e119d59fa5;en;85;7700000;;;/film/Diabe%C5%82%3A+Inkarnacja-2018-785863;tt5734576;0;0;0;0;0;53693;38837;16881;8401;3705;1599;0;0;0;0;0;0;0;0;0;0;0;0;0;0;37048;29784;8198;6095;2572;868;0;0;0;0;0;0;0;0;0;123116
429;def82949-165e-46a3-beb3-f4f3c3bac6c2;2019-01-18;2019-01-14;Diablo. Wyścig o wszystko;d34b4e2c-74ce-42ab-b438-86fbbdcaee15;7;92789c8f-9ad4-4bf3-9acb-26b457104c6a,5f2d3378-5d78-4c94-b97f-e5bff2da91ec,5015d6ec-509c-45f4-bd21-5088a6dfc506,a6e299f6-11ba-48b1-8adc-1623ba434ac8,e8197675-73fb-463a-ab67-58ca82c198d9,11cbe67c-9c81-465d-a476-b2776597a097,feaeb33f-c839-4e7f-967d-4f3cebed1a01,cdab8b7d-361d-45f0-bac6-cd7ece99fd07,72bf3865-dc48-49dd-9e39-064fdb3352d4,494a0a5f-52e3-4ac2-af1f-056faf31d583;a5b04eaa-1916-4bdc-ac44-e1787000806a,0d0a3da5-5d17-4e8e-a9fa-f30bb6473609;e71270d1-d648-42e8-b1cd-58315299e461;a5b04eaa-1916-4bdc-ac44-e1787000806a,0d0a3da5-5d17-4e8e-a9fa-f30bb6473609;0d0a3da5-5d17-4e8e-a9fa-f30bb6473609,a08c98b5-3dc1-4eb6-8b99-40c4202951e0,df8c3c2d-1652-490e-af4c-806765e6c6a3;6a1d186d-1ee4-4f50-a3a0-9df927079f15;c29315d3-7743-480d-ba69-783e11af73bf;pl;94;5000000;;;/film/Diablo.+Wy%C5%9Bcig+o+wszystko-2019-810271;tt8857666;0;0;0;0;0;97025;41004;21002;3990;553;553;0;0;0;0;0;0;0;0;0;0;0;0;0;0;63650;26264;12735;2350;277;277;0;0;0;0;0;0;0;0;0;164127
430;988d1138-d067-4a11-b0e9-0beb3180bda0;2013-09-20;2013-09-20;Diana;36a330ff-bd5d-4a0e-b74c-8a0d4473b778,f0506edd-d123-41d3-ad36-1d31a8bb23b8;55;668fc77a-b572-427f-b0dd-951d54caf56e,731f1ca7-4e3f-418d-8c4f-850988fd1a50,c670a9ad-454b-418a-b129-bf4597557986,51309804-de99-41db-9ab9-e908e0d0f0f8,3a9ce461-d25d-48fc-98db-31aeaab5e6a5,75bf44c4-f591-4552-a222-ff8eb7f74803,db3711e7-ad55-4d8b-a79d-d419402c1ec9,128f05ce-07fa-4c25-a8f6-02b7116d74eb,ec0e5606-0bcb-430a-ab82-53c6883841b8,3dc6ac95-4460-4238-87d3-ca3df92c8949,87ad6c6a-7b0b-4dbd-bbc2-6296c2c77026,f3ede981-9c5c-41a6-8547-2983cf12eca2,f4e6dfd7-ce3b-48e4-8e11-d2f7deb6e94b,a8c96cba-e587-49fe-a1b7-254113cb2b2d,9fe0be05-2d1a-455b-aea1-bd68a9d74eab,bc76bbe1-9776-42c1-9e6d-d18fd80c0704,15841b45-16f5-4c67-9a7e-87777bedaaed;6d11633b-d140-4bbd-b7c7-7d0eda9825ea;00e8e5ae-32b8-4c9c-b460-62dc6dc58854;27ca50da-543b-485d-ad47-0726eb08858f;d27be9ac-7b21-4e05-898c-1d213bb1fab1,df03ad3a-c261-41d8-90bc-18e3d742f0c3,f9a3f2e6-193b-4691-8104-85797ee43093,cd4707d6-a6c8-4a21-a7eb-4f7bd2ab9945,d3051faf-5fb1-4b2e-92ad-ad855b213af3,0be8c5d0-6f3b-46eb-a66b-c69e5f95c480,53459e92-81b5-461e-b4c3-4bf32ccd5c5d,c79e30af-3715-4ca1-a3b6-cf343bd12dbd,77cda66e-2253-473d-9430-1d3f14f183e3,45dfb3aa-8938-4b9e-ad2c-9aa11dab3219,7d905ada-1fef-4070-b3ba-f3170ba04657,8ad8f653-9caa-4bc3-bd67-e3bb25f5864b,a8311201-142a-4e7b-a1d5-a048f8467e25,b6b31518-585a-4aa5-80c1-edbbcd3ec4d1;6dd5b0c5-b07c-4922-b60a-1595eae9adab,972ce11d-3c42-4c2a-9db0-978776c5b3b2,9e3e6a86-8e30-4f3f-ae59-e53c48b0a68d,47362d48-5667-47b9-926e-a4fee2ebfa39,cb057b3b-1d00-445f-81f5-64747d85614c;29ad26a7-da1a-4155-90c0-8a17fab6bcf4,5cdb0ae8-0a45-461b-9817-ca92c22cb528,9a8cfad4-962b-40cb-834b-11271b325868,51d9043b-068a-4a31-a0fb-74719a5a6a11;en;113;4000000;;;/film/Diana-2013-639844;tt1758595;0;0;0;0;3004;82422;52495;20012;7445;3321;1047;0;0;0;0;0;0;0;0;0;0;0;0;0;0;39615;28673;10767;3627;1789;524;0;0;0;0;0;0;0;0;0;169746
431;cec189e3-5726-4c88-9e0a-c0367606752b;2012-11-23;2012-02-12;Diaz;f0506edd-d123-41d3-ad36-1d31a8bb23b8;;1eb6a5f4-65b8-4778-ba55-2a9531e2ee29,676d013a-f8d7-425d-9d98-47e87912952a,451655cf-ca0d-45da-89d5-5b36db9ed0ff,a001a9a3-8ab6-40b9-8f65-29ef30098f0b,12d65b94-051a-41f6-a0af-79402a4f41df,e9447e25-5839-46ec-acc1-221bb5db5cef,99ecb9ce-577c-4000-a879-02b4ced6daf0,f655fc34-f31d-4be4-9c55-afa46431314a,e2572ef2-4725-49a2-9b0d-b97df6df1ceb,84223746-ed3a-4dcf-a402-51d5224e0312,cdaa5ae1-7f5f-488b-8107-3bf85eb3a557,63cb8246-e9c4-4cb8-bb15-751f659376ad,855cb03c-7ff7-41d9-9688-3fe67fcd04db,410f9d38-eed3-4199-b7cd-7782d6f498eb,300af476-e5ac-4526-98d8-b7a1a30520a3,dc4cf2db-1a7e-4a71-8316-184db58c1745,6bedd5ef-333e-4a7a-8cf3-ec5d900e67ed,f5c25e70-9300-4b83-88ad-3fd2d130b265;9118b978-a83e-4e01-a50f-374fe4e08536;;9118b978-a83e-4e01-a50f-374fe4e08536,6a8aba78-5a2e-442c-8b82-6165f39e5691;eeec94ff-40e0-406f-98fb-1d3143d27617,240acb75-74e7-4567-a60b-0c25dc703d83,f0f19395-af67-4ddb-a793-1c0d8e6bf3a6,c70b3911-c2e3-4eea-aaf4-7ad75e989281,d18dfcf2-3895-449f-857b-7d52e97cf860;b7c08d9b-12f7-4f33-b407-ce32231e97d7,a82f58c1-f5d2-44a1-af72-d3a83a2ba21b,b52dec00-1725-49bb-bce6-bc8f6a59afe6,47362d48-5667-47b9-926e-a4fee2ebfa39,5929a9c1-1b2e-4d34-98eb-68112e565937,555ceb99-6e8b-4be1-9f58-f69ad85a2aee,9ccaf98c-5e5b-4f5e-b666-f1e978cd30b1,ba814ab7-9924-4cfe-8d54-af9d58e6899e,63c9ad98-c917-480d-ad4a-56c312778e99;51d9043b-068a-4a31-a0fb-74719a5a6a11;it,de,fr,en,es;122;6500000;;;/film/Diaz-2012-625107;tt1934234;0;0;0;0;0;1153;51;31;38;39;38;0;0;0;0;0;0;0;0;0;0;0;0;0;0;1095;11;11;19;20;19;0;0;0;0;0;0;0;0;0;1350
432;173f2a65-628d-4eb8-87b5-ee93dc96a88e;2019-07-19;2019-05-19;Diego;2c2fd51f-d2b8-4fb5-aec2-faf911088642,92c04792-0ced-4eeb-9f80-04c13ce20d44;63;27d8d694-8741-419b-abbf-68e886cbca97;f6c51d95-3d6c-4cdf-81a9-d3ae233e041f;7f07221b-f889-47af-920d-268ebc30f082;;0eef2111-3f69-4a39-a0a5-526a2247921f,b3d2ba60-1d64-4904-b9c5-c82b36120ef0,fb9dcb27-f15b-4d1f-b4f5-223d8464f66e,b081a1b9-359f-4706-b317-11f3eb6a1380,a191a253-2ccc-4f1b-990b-0e7b057e839b,d5bc907f-b029-4e54-b7da-6b60744ac86d,fd90bbd8-7c3a-4807-be0b-6d5f8a55d739;c04bfcf4-323b-454e-ba67-33e75c8ca0df;;es,it,en,fr,pt,ca;130;5000000;;;/film/Diego-2019-766683;tt5433114;0;0;0;0;1223;10293;5813;2846;929;1022;1022;0;0;0;0;0;0;0;0;0;0;0;0;0;0;6057;3235;1194;418;511;511;0;0;0;0;0;0;0;0;0;23148
433;eeca0465-6b89-4a22-8a07-a7eabe9ec734;2015-03-27;2014-01-18;Difret;f0506edd-d123-41d3-ad36-1d31a8bb23b8;;ed243eab-adab-49d1-ad95-0e1246e5eaa4,b2567e20-ac89-4d5b-9dbe-1ad124721823,43001f3d-7360-468a-9bf7-ca37fbc4f170;f205cb79-16c6-4e41-b14e-a6c57ae2c503;d8edaed4-aa2b-4b31-8916-c373eaa4ad97;f205cb79-16c6-4e41-b14e-a6c57ae2c503;3e061a49-f3c5-40e3-9942-436d50d496f7,d87cde8a-3e08-4d53-a8f1-64faa37aed90,bc205b6f-99be-440c-92ca-5b2f14fc4bc8,f205cb79-16c6-4e41-b14e-a6c57ae2c503,bd677492-295c-4e5d-9c47-bf80262a446a,e0a76ded-138a-4570-82bb-2390dac5b73b,f2fed8d2-cf79-42e6-b5d4-744c6ae3d19d,cceca31e-f707-4f33-a940-8033caed8d1f,e129e995-b4a7-46fa-b90a-66c4b3ece2c8,36e0f0ad-412e-491f-8af5-7dc05f660342,c92921de-97ef-4ee6-9391-3ac0c1b8eadc,b1dd3e7a-0d32-4060-a3c4-8665deb606d0;364075c1-03f4-4cf3-b167-eba7fccac2c0,680f544f-853f-4f33-bd7d-56a4c36c0820;c7f19d4b-851b-442d-8048-a7bcab2de895,dcbf781d-54a3-4734-9b69-a7e119d59fa5;am;99;1000000;;;/film/Difret-2014-700409;tt2611390;0;0;0;0;1189;2708;192;139;0;271;128;0;0;0;0;0;0;0;0;0;0;0;0;0;0;2328;47;92;0;14;64;0;0;0;0;0;0;0;0;0;4627
434;2a0bec09-e875-453c-827a-eb6ee2d98a1f;2012-11-30;2012-11-30;Dino mama 3D;4fc66943-7c2c-4e0c-a93f-8f7abb752c8c,15c0b1ce-34ec-4d67-ba14-0138c61d5b54,57366ac3-c349-4e55-ad5d-6f8061179e88,9a150cd3-6c32-4b58-b1a4-aea6992c564c;18;9b094378-772f-44ee-adc0-1d8203ca9f7e,df9123fc-7c5c-4142-93ff-33c107fe2975,4d7c10b1-be92-4029-bea6-1276e514e009,4ece7902-7814-48e1-a907-a2c7d4af71dc,a058870c-5aee-4f57-bf2e-676b3317a969,524f8a1a-ab82-467f-99fd-b29be5455ee4,b477b312-07ac-4463-a95f-e221fe320f51,c86d95eb-de4a-45b4-9f80-aa598333a2a9;6b8cfd4f-3701-4c05-b233-2b8810b517da,f985c131-d5aa-435b-bd91-5ea4f818dc2d;34b67685-59b6-4f6e-b120-d5a4616fbe1c;1d0a8ea7-3a99-4222-9ef4-941b8f846313,cb671f81-8205-4c9a-ba0f-c0879ba9f016,548698df-e0e9-41a1-81ca-5a6f522a9251,d580f074-1c08-44ca-bd84-536784b91204;ffd071b6-e0d0-4250-9869-6bf14522a031,5b83c3e8-a2a6-4789-a82d-92c78f1ff1ec,2a959830-20d2-42cd-9859-96886c54ce12,608b5603-7f10-490a-b9e4-66a9b3f2bd9b,e043e63d-2376-4f4c-a473-0480d78ab0ca,548698df-e0e9-41a1-81ca-5a6f522a9251,34f29fa8-ebc5-4029-bda2-1335da0e2713,5091400f-2117-4756-870a-3fcbd81faa2f,60f863a8-5057-4d42-a0a8-78eacf57c58f,956f5cef-49cd-4501-93b5-bb59df2ddc4e;26509925-87af-4b8e-bac8-fac6c981daf7,c1fc433a-1461-450b-a23f-d12d635553c6,d4df0697-4141-4299-a746-9a000bb1148c;dcbf781d-54a3-4734-9b69-a7e119d59fa5;;86;1000000;;;/film/Dino+mama+3D-2012-494649;;0;0;0;0;0;61013;35437;25588;13494;21260;5801;0;0;0;0;0;0;0;0;0;0;0;0;0;0;34151;25956;20094;6123;14829;4407;0;0;0;0;0;0;0;0;0;162593
435;06f28adb-8f3b-4a37-a717-ff0b4fe080aa;2015-02-27;2015-02-27;Disco Polo;57366ac3-c349-4e55-ad5d-6f8061179e88,c411b135-0438-40c3-aa2b-88f7c4192e16;;6ea0e452-6628-4164-aa29-e15cada805b3,fa758a46-b0a2-4707-8efd-f4bdb9f68730,fef5da93-4163-44c6-a9bf-885a18f83c5d,3ddc54d1-55a7-4426-994a-358e4efba65f,b1b627ad-4a90-439f-a44f-7b0e84d5d70a,e6ad9046-1058-4ace-9516-58f8b8221304,b968bff6-4ba5-4655-8ae4-cb0e389995af,1b165355-6f84-4ddd-a089-8ebe5f2a46f9,0ffa464a-91cc-43a7-8812-7c7d6c553d58,632e84ff-e707-48e0-b9e9-8d221be06583,85f77c20-cf1b-4e0f-91ee-0489ff1b68d4,678221e4-3e3f-4d5c-a93f-f1172342135d;3b1742de-80a5-472f-baf1-6df4c744c286;bbcbff15-ab9a-42f4-a7e7-3534672666e2;3b1742de-80a5-472f-baf1-6df4c744c286,c2e7cff7-bde1-4ce5-acc4-1630835681ee;5591c665-3291-46ac-bbe5-994ad21c926c,c7585e98-b4f4-4d9a-9264-8170eeb358b5,4f5ef406-65b7-431e-b91c-b76d4fd56154,98ccc6a7-968f-4a07-b43a-82eced3dc35c,2cc8d54b-6bed-4635-80a6-b848fb5e906d,313ae8cc-16f8-45ec-9c28-bb34da4ffe4d,cff7df28-5965-4a9c-8e68-f3f3af2a7d98;8c92fe80-3017-4291-a139-a3d462cc36ff,fbd92de3-1e46-4057-95cf-314270e4ea65,b0a8f3b4-ce92-4a0d-b482-8fe195db88ff;c29315d3-7743-480d-ba69-783e11af73bf;pl,en;107;3000000;;;/film/Disco+Polo-2015-716498;tt2973854;0;0;0;0;4201;352817;266714;120314;46241;28710;16511;0;0;0;0;0;0;0;0;0;0;0;0;0;0;244160;194756;84431;32858;19149;4167;0;0;0;0;0;0;0;0;0;835508
436;b033b5df-b27b-4e4f-a508-719a920b6e69;2010-05-21;2008-09-07;Disco robaczki;4fc66943-7c2c-4e0c-a93f-8f7abb752c8c,15c0b1ce-34ec-4d67-ba14-0138c61d5b54;155,233;b380ff3f-2cc4-48b7-9d2f-15fb2809ee17,7cd54d6e-5346-443b-95a4-bba9bc840fe4,14aa1124-c269-4eee-be74-b6896bb1512b,e1dde678-a18f-401d-90de-f7404388607b,cfaca377-4325-4a5b-8e52-29add0ae380a,d6bfc284-52bc-489a-8339-09aa7c59a15f,946655cd-258a-4036-bfe7-c79397a473a3,c8e6ac9f-5fa5-4bc3-802c-c3ea29175ad1,1492faa8-e00b-404f-9e93-4ca921935689,e57e1f90-e166-49c1-8d22-995a78275356,1b6f8182-af6e-4f29-b2d7-75bfc5d2e53f,cbe7db73-3c8f-46b7-86b7-a71a5c11e256,1d792daa-5dbf-484c-af90-adf605ba235c,d066db75-da32-4d9a-9b03-903da034b5bd,30e00b63-4b76-480d-8130-4e6a2e82e6e5,c5a1aaec-1625-4dbe-a965-56b9ad38cdb4,ce365f06-b177-4605-96d8-8658f1931b1e,2ef0f77c-883b-4404-b076-d9bc72e60ea0;cbe7db73-3c8f-46b7-86b7-a71a5c11e256,2a5fa7ae-38ae-4eb7-af11-5828290e5cd4;e71270d1-d648-42e8-b1cd-58315299e461;1054e9af-42b2-4a50-a2fa-381a65f6c685;4f21d47a-1466-4ae6-bb58-06bf8bdc17c9,a51d1f6a-3c12-4248-ab1e-1949295ba820,a888c237-ac9e-4ae2-b5b5-bb7a38c93203,ab0b994d-2bcf-4a23-85e0-61e10a4b5044;a6db510b-e79a-447b-ba23-d776ae70f6a8;1b7463ea-f722-4147-a4b2-261b08bede20,6614b794-9b07-4de2-837e-3aba6098ec7a;da,en;75;5000000;;;/film/Disco+robaczki-2008-471099;tt1087841;0;0;0;0;177;99572;275111;84320;53564;32276;21175;0;0;0;0;0;0;0;0;0;0;0;0;0;0;62721;94898;56704;28226;17011;12225;0;0;0;0;0;0;0;0;0;566195
437;3f563389-49e4-4002-b05f-89addaac1161;2018-01-19;2018-01-16;DJ;f0506edd-d123-41d3-ad36-1d31a8bb23b8,c411b135-0438-40c3-aa2b-88f7c4192e16;60;43294d5d-5b78-4ac6-afd5-33c3924d4090,20c25f3e-ac69-4628-9c22-ea5fd68506c0,9ffa652c-852d-41c1-bc51-27b9601fa4c4,d185c5af-77b0-4434-86e0-2058cbd8a5de,83aa642b-4a33-4003-94ad-b63d402fd5d6,eca62d68-bf00-433e-9224-d8efe1350a96,008592bc-f0c2-48e1-94c0-a46135b07b2b,ff6c07b6-5b3e-4364-be31-cf2182f2ce3d;fb0a3ad2-f913-49b4-bb74-ce0dfc03464e;;0bc2f63c-59cc-442c-a0c9-3304ceeba6c1,fb0a3ad2-f913-49b4-bb74-ce0dfc03464e;4d0f2189-4173-4037-b6b2-5f5517f4dfc8;;c29315d3-7743-480d-ba69-783e11af73bf;;96;1000000;;;/film/DJ-2017-795760;;0;0;0;0;0;3945;0;0;0;0;0;0;0;0;0;0;0;0;0;0;0;0;0;0;0;2134;0;0;0;0;0;0;0;0;0;0;0;0;0;0;3945
438;5bfeefd1-31a7-40cb-ab6d-660f1cebe603;2013-01-18;2012-12-11;Django;c83f4583-787b-46ba-97e6-b46c20d7ca09;;cc77b0dd-28ea-4102-96c8-b6b5db93a3ac,41622cac-3cfc-48ee-ab96-fca6dcabb979,13642a8a-97c3-41fd-8f35-02228d84fd54,43a4ceae-61fc-4d3d-afa5-e633e5579381,f2cfb75a-c36e-4a14-b83d-499fb54e1406,61896394-9d2a-4af6-b621-4d430900819d,cfaf357b-0f2a-47a3-a169-0dc7a49dab16,454e3b21-4ac6-4a07-bb57-939a7df3f5c2,cd1d1e88-fc39-4452-8fc6-82c15ae2d55a,8397436b-0b2f-4eb4-b30f-c7d217bb0c7b,11442379-7ddb-4a38-b9fb-4845d328616b,65829dac-c04c-4d39-9239-6511a079a1bf,df85ae7b-705f-4dd4-9f2e-03d43aceddeb,8922b8da-167a-49c2-a749-0bf09a25423b,0a1d4838-83ca-4ea8-8b75-4ba6125e0f48,01f6669c-0943-4c4c-ab4a-320c5057b1fd,0a943805-fd70-4328-a4f9-e207ff8db5b4,f13392b0-365d-4c06-a321-0d371bc8c1ae;e331ecd7-7d21-4e01-801b-93136bb50c0a;f44346b1-d6b2-41b4-876f-1b6682aad3ab;e331ecd7-7d21-4e01-801b-93136bb50c0a;8709172f-b93c-4050-8429-62b553082505,6179195a-7148-49e3-b751-5eb7d5a47ed1,c07ce9f2-add3-483c-b1fc-98235b2bcf6e,be531224-0b2b-49c8-8430-15428f788ffb,8a037aa0-fc11-4254-bbfd-998c10609c88,5b84d98d-1639-4adc-93e8-d03d2478f340,f0ad7856-ad61-420e-a8ad-f250ed92cd16,beb6f2ee-1133-441d-8821-354b20b04a42,1b064eb5-0828-4f1e-a6cf-78aeff06309d;226bcf6d-8cdd-4700-b0c4-d629c8ebf5ba,91258090-9786-4c2f-a219-c8cf6d620883;dcbf781d-54a3-4734-9b69-a7e119d59fa5;en,de,fr,it;165;100000000;;;/film/Django-2012-620541;tt1853728;0;0;0;0;0;157430;106603;70129;37366;26806;15144;0;0;0;0;0;0;0;0;0;0;0;0;0;0;96339;58071;38371;20087;16267;8152;0;0;0;0;0;0;0;0;0;413478
439;acd27783-554b-4435-a0cb-0007c5a73670;2014-10-17;2014-10-07;Dla ciebie wszystko;1bc8cbbe-fb9e-490f-a24a-e54e6013de4e;;b285e184-8adc-4607-b073-61034474da1e,91239c6b-5605-405a-bf04-2c1cafe7bebb,199079ed-3b32-45c0-b74b-3baec1d4455c,ee1b6177-dbb9-48b6-b38e-41941c71ca0b,c50adc4b-332a-4416-9cbe-24a8dfe01945,3eeadefd-753a-4d24-b1d2-b836e5b1559d,1561333a-bc32-4c0f-9f14-6bebd0e0e0c5,32d564dc-3b1c-4cf0-b7ac-52735b11ba8d,24bfa55c-61a8-45b1-b219-c5d3a22c4bd0,758c2303-9057-48f3-a2b2-0487757ae647,80a37785-63a2-46a7-a7f1-a6277abda237,36f3ac7c-dad7-47cb-90f9-b4037c6aa3ff,c4f93a5e-d34d-4fc8-8c37-1a3335e5b505,d658b3c9-3fe3-45c2-aa4e-9ea9c7427d80,1c75b04d-3f08-4d08-bfc7-970db4c5f92a,26041564-334b-4daf-b695-a1f3fcf85798,9472370d-0aa8-4352-be6c-b7826f0fa98a,6ba7d067-c320-428b-b96e-11dace93a3d4;5b351292-28be-4497-8dae-2bbf98e91677;34b67685-59b6-4f6e-b120-d5a4616fbe1c;eed4927b-850f-418b-af25-3b1b7856b822,fefb4c43-b7c4-4d17-83c8-272d21fe60b3;9eb3bad9-013c-438b-903e-24afcabecc5e,1a526db3-fad5-4d39-8d32-71d540f17579,68b55ea2-cd90-4f7b-bf0b-79713f5f59af,1c0e31ba-7de3-4221-a114-ba8eba2c9219,a93077f3-a4ef-468c-a7fc-3d67aff98dc7,c7e63cd5-7cc7-44c1-bcdf-d1100887a238,d01aa439-8056-4fba-b207-eea09b78da63,5344debc-79d6-46aa-a830-d5615ccc0546,ada1630f-dacb-44cb-8d54-318d0fde6c28,952112da-83db-4aba-9960-77f1065d867d,f6a64dac-beae-4f4a-b16a-b935b42da334;71b00b65-0c1a-4985-acb4-a181102cd96e,2378206c-5e13-43e5-9f03-48370d9d5ed1;dcbf781d-54a3-4734-9b69-a7e119d59fa5;en;117;26000000;;;/film/Dla+ciebie+wszystko-2014-629797;tt1972779;0;0;0;0;1926;32100;19255;7290;2828;493;492;0;0;0;0;0;0;0;0;0;0;0;0;0;0;19048;11637;2564;1092;247;246;0;0;0;0;0;0;0;0;0;64384
440;91b8e5c7-9082-43d2-9666-f4cb3021a90c;2012-01-21;2012-01-21;Dla Ellen;f0506edd-d123-41d3-ad36-1d31a8bb23b8;;6222ad02-bf89-4549-8eb3-432619212424,e05b4496-4aaf-448e-b94a-3820fabfddd1,90e5cfda-d296-4ebc-9e71-b63109605d51,75e83de0-19e2-4c12-af7e-02493423a080,ddad4580-bd25-4bdb-9995-6b5749a23622,a1f7287c-fee1-4569-aa7d-97a844b3e991,a5b2aebe-1f96-43e6-b755-37c5cb5901be,4c4d1ce5-efa0-4d4a-9dd4-c6ba2efb51d3,bc393298-b25b-4bc5-a55d-ca650bd94b47,1dfefab5-771f-40eb-a0da-b94926b28359,e358612e-b525-4186-a188-d05b2dcf8bc4,52bbb344-c213-4982-aa68-ea9c22461783,2f24689a-b6a6-4361-92c8-43de4c7691c8,56765b83-6207-43fb-8fdb-b8469785499d,be633642-e28c-4f99-95b3-43fee02b19f1,3b34d9aa-85da-4bd9-bef7-98563917ffa9,0f29815b-ffd1-40fc-ad77-fe9cc5cef594,9d5285f9-bfc8-4b1d-af72-225e6fa818ac;600dea87-e96a-479a-8e02-2d516ca559cc;1886bb61-6185-44b0-849b-ed26b23b5074;600dea87-e96a-479a-8e02-2d516ca559cc;6222ad02-bf89-4549-8eb3-432619212424,04e613c4-6c3b-4173-84da-4bc1181ac3ef,600dea87-e96a-479a-8e02-2d516ca559cc,a82b52e1-f8f2-494d-b327-b9121752add2,8b5cce3c-72cd-4fae-a9bf-86f97248fa78,1f4a4e84-2eff-4e86-9284-74383a67e4a2,7c107b02-51da-4088-8f18-865ef9067909,02525581-1f0c-4468-9127-96a938261d1d,578ab6ca-9dd9-498f-a94a-3b53a52bbd03,91c305c4-5bb2-4024-9b8e-a98644e86a89,6e6e1e02-6e6c-44e3-9b9d-d82389bb41b1,2185d643-656c-4e7b-a45b-598173ec5a48,92d3c94f-e6b0-4116-aa14-ea8c232aee6a,4412948d-6545-4bcf-a0a4-695c07489a4e;4c0cd97d-d0be-47f2-b5e6-ca235339b256,2f00e88e-a129-41f5-a255-7b3b9ee01912;dcbf781d-54a3-4734-9b69-a7e119d59fa5;en;94;2000000;;;/film/Dla+Ellen-2012-557252;tt1570583;0;0;0;0;0;382;164;40;62;62;62;0;0;0;0;0;0;0;0;0;0;0;0;0;0;300;53;20;31;31;31;0;0;0;0;0;0;0;0;0;772
441;c88ef4e2-282a-43c8-84b0-c7f9f36e2edf;2010-11-19;2010-11-09;Dla niej wszystko;f0506edd-d123-41d3-ad36-1d31a8bb23b8,c8692873-ebae-4261-a833-4378ab4e126b;;76845eda-5064-4520-b73b-c3f19ea36eed,6fa9ac63-1c1a-49ec-902e-6fde4cedac50,1898e55d-e1fc-4c98-9ff3-c300e22f66c1,92c0e12e-b053-4bb6-bd90-64b47d9aa98f,1fbe744f-bf52-4000-88d8-b82f030b2661,3e16934c-0b9a-4f3b-9ceb-983752bb2d02,594e413d-5994-44da-aadc-21141ecb8636,c09325d8-02da-494b-a13e-d1cea50479d8,8d504479-8461-4242-8d0d-2ac3f17b02dd,a0bd9655-dd20-4967-9745-53ccec68e4b8,f2bf2698-fe33-414d-9894-8ce1e5b49f61,4ece76b1-8025-4ea9-bfb8-3c52eb77c80a,e403b484-03b5-43e7-8dee-7110c3feb930,0b5dc371-465b-4ccf-96cf-5f29b902b91b,4d564cae-e8a5-496a-9c47-8ef6d4c26825,6630ab79-7654-4bc5-a1b2-027bd221ac77,ff5cb590-3f70-40d0-8a76-8d91024e3c11;58bb21ef-94a3-4b77-8191-64114f490c80;6dc7f7ed-6e1c-485f-ace0-6547ecb1abd2;58bb21ef-94a3-4b77-8191-64114f490c80;a109eca5-59f9-4d57-bd06-a55bed1c633b,c1320f66-e374-4743-8ed9-87fa5fa4cb04,5e971222-565b-4caa-a487-cd318d04847a,58bb21ef-94a3-4b77-8191-64114f490c80,7c7ec207-9213-4c76-aba0-8ef85102a772,ec47d91d-fd95-4a15-8012-010ff1ed8d62,66379e94-767f-44a4-8943-491a6d61853e,39d8a50e-71c3-4a9e-ad85-1c89164220df,a4cf3275-f8af-4a92-90ae-a9d4ffb100ce;1dbe8b5d-cf4c-4fda-8b37-a0649f561093,0174e38b-f468-4716-b1a4-474d3af2df93,d125ed5a-350f-4b25-b736-ea165b9adb23;dcbf781d-54a3-4734-9b69-a7e119d59fa5,51d9043b-068a-4a31-a0fb-74719a5a6a11;en;133;30000000;;;/film/Dla+niej+wszystko-2010-534779;tt1458175;0;0;0;0;0;51121;32590;24659;25182;18263;14497;0;0;0;0;0;0;0;0;0;0;0;0;0;0;32082;22833;14079;16149;11653;2571;0;0;0;0;0;0;0;0;0;166312
442;eff296a4-e716-4564-8aa7-fc97da7e223e;2018-11-16;2018-10-12;DLACZEGO JESTEŚMY KREATYWNI?;2c2fd51f-d2b8-4fb5-aec2-faf911088642;63;6d25f0e0-6452-4d2a-afa7-8e125f31acdb,e7a0b7d6-0bb1-40ef-bdd5-d1e4a317ffa9,d31af718-c76d-4a3a-95ea-90ad87fcaddd,477f0f22-c92a-4f9c-b7e2-dd8e339c9392,1f9275cb-8b79-41cd-ad4b-bea9d2e06b1c,aaef1392-684a-4fef-9fcd-0c4b3ca53661,fab8c5d6-e068-4629-8aaa-f00a85e99e7b,2988eaae-ef68-4aaa-9458-0ad2d2a8f75a;d590465d-742b-40c6-bd3d-f681e3b13c27;40be43ec-9db7-4ec8-b8a2-03903355aee4;;d590465d-742b-40c6-bd3d-f681e3b13c27,a2c5d9a9-194e-41a5-95c1-7c4c6f492552;;6614b794-9b07-4de2-837e-3aba6098ec7a;;84;1000000;;;/film/Dlaczego+jeste%C5%9Bmy+kreatywni-2018-813629;;0;0;0;0;0;2028;871;539;539;858;296;0;0;0;0;0;0;0;0;0;0;0;0;0;0;1126;601;270;270;71;2;0;0;0;0;0;0;0;0;0;5131
443;ec0875cd-b3f1-44a8-8690-a407e8f4d78c;2017-01-20;2016-12-17;DLACZEGO ON?;57366ac3-c349-4e55-ad5d-6f8061179e88,73cf83a5-6b71-4792-8b19-211604a46f59;22;4120fb29-5757-4900-bec1-8ef0cfb2808e,8c0d1c5c-66c6-4a79-87ca-5ed864acfd58,4079c04f-61ac-4d15-bae4-8f846fbc0898,7d82bb10-1b27-4b99-b5d8-7e2414b64719,f0a3d907-9e1f-49db-95fe-e2923d6e0f20,6d934667-ebde-413c-ad23-ebbbd6731902,4a41251a-2b5b-43a7-b81e-ef94ee686857,38f09f05-524f-4ef1-88b3-2215f3928172;353c5ad6-e0c9-47b1-baea-b0399b6e9dd8;f8c298fc-ffb3-4397-9e1b-d709aee89d2a;353c5ad6-e0c9-47b1-baea-b0399b6e9dd8,ed90a6f7-c7ee-4318-a538-28c20749b641;3b3ceefb-1935-4ee1-9af5-42947bb29c44,4120fb29-5757-4900-bec1-8ef0cfb2808e,353c5ad6-e0c9-47b1-baea-b0399b6e9dd8,057129a8-57de-4ea5-8ffa-a3f78c0b8350,d63b95a5-6ad7-4932-a1db-feee674336c3,75296dbf-2ad4-4b11-973f-1ec55e779fe1,62310237-c136-4425-8868-6f54512ae6aa,a26826c5-6ba3-41bd-a83b-719290b6e03e,7146fa24-26eb-42b2-9806-9a34fe1ba6c7;a559fb59-a6ca-44a2-b246-c9daad2cab7a,efac9400-3e00-4d63-8074-7e0b0148f385,d61cfaa7-7786-4b5c-ae5d-02a8d160a1c9,88b40b40-290c-4eba-bdce-86c9e6125d90;dcbf781d-54a3-4734-9b69-a7e119d59fa5,472ae5cd-4114-4f4b-9344-aad49b230d1c;;111;38000000;;;/film/Dlaczego+on-2016-738476;;0;0;0;0;3717;54875;35766;14173;8959;893;209;0;0;0;0;0;0;0;0;0;0;0;0;0;0;28990;20601;8100;3905;617;105;0;0;0;0;0;0;0;0;0;118592
444;173d3865-7b62-4d0f-8cf1-cdfc9ce3318e;2011-10-21;2011-10-21;Dług;f0506edd-d123-41d3-ad36-1d31a8bb23b8,1db1ac18-a83d-4645-9cb7-3c60a03012ba;;7902839c-e1fb-4cc1-ac80-f6c0e6ac0a97,d339e4a0-f007-4c7e-b5e2-fe3dede3524a,5bad009a-3b50-4aa6-b5be-c30e771a92f9,13fc0ce8-a0bb-4a1c-af97-5a2cc2dee612,1a900ad0-9e60-40b3-95f1-5f3e9abad275,c27baf19-845f-4780-9146-6bade1c127f0,2a43a0ff-5bf2-4df8-bd28-bf6519275771,d96140f3-9a67-41b8-9f1a-2839a100fcdd;124ab9f7-4874-4a94-aea2-40c0495feb66;f44346b1-d6b2-41b4-876f-1b6682aad3ab;bdd24737-8da3-4763-9238-2b35327a1ff1,df730014-facf-48a9-86ac-55ae1d1d5fdb,4aceb164-1e68-48e1-9908-4ee5517d5c9f;b16481e9-3260-4cec-81c1-88c305786921,16a471e2-4be7-48bc-b862-e30fbbcf07ef,79c35afb-5a69-4a05-97e5-51911e7ff2aa,df730014-facf-48a9-86ac-55ae1d1d5fdb,fb55c8a0-8e47-479b-bea9-3642c29e197f,97165738-2209-4484-ac7d-8e90b1ce1674;66678a76-53ff-445b-8f9e-6648ea16f0b4,9e3e6d63-74ae-4133-a906-3b401f57c708,0b17c11f-4c50-4fa7-863f-61bb2f657d40;5cdb0ae8-0a45-461b-9817-ca92c22cb528,dcbf781d-54a3-4734-9b69-a7e119d59fa5,40b32eec-a75c-4549-b8b7-0d3b90e2ef32;;113;20000000;;;/film/D%C5%82ug-2010-491277;;0;0;0;0;0;0;0;0;0;0;0;0;0;0;0;0;0;0;0;0;0;0;0;0;0;0;0;0;0;0;0;0;0;0;0;0;0;0;0;0;0
445;9f92b323-e3eb-4a1a-8123-c89cc6c1bbba;2012-07-27;2010-10-08;Długie dzieciństwo;f0506edd-d123-41d3-ad36-1d31a8bb23b8;;f45c63c6-9d97-415e-952b-1350f4754726,a29a94d2-2a6b-4694-8849-985e78f12c28,614e155d-4e36-463b-9002-040883b67b17,d1735f73-1972-4c41-b473-79ab66eee822,5ada831a-8f7c-4ba2-a2d5-43eba880d62f,cfaeb885-97e3-4a5b-92e8-4ecaa1516194,ec0f46b9-f2b3-4e62-bb4c-2335551ffa7e,baa42022-78cd-45c5-b00a-e7d70876e9ef,def0258c-4f30-445a-9dcc-c2913a6bafe9,0bc2a895-e6b8-4941-a91e-b1b75aa194ae,dde29ee5-0f1a-49df-b9b7-421cfdddf3f1;b8666a02-8751-4e55-8385-435523cd33c2;f4b55c4c-9fd2-4c03-94c8-94c595093805;b8666a02-8751-4e55-8385-435523cd33c2;49c2a6c2-d1a0-4b20-9e44-f8a6b726c28e,0c463950-d4f9-484c-b270-91680cd6bce6;79038162-674f-4f3b-a5b5-fa9fd09a22d7,42af4de9-6eaf-4337-b574-b9d600fa74d6;;it;98;1000000;;;/film/D%C5%82ugie+dzieci%C5%84stwo-2010-587895;tt1655628;0;0;0;0;0;1020;222;341;238;34;12;0;0;0;0;0;0;0;0;0;0;0;0;0;0;766;134;151;75;10;0;0;0;0;0;0;0;0;0;0;1867
446;5b59c203-19a1-40a6-a2fc-c135e627739f;2015-06-19;2015-06-19;Do nieba;f0506edd-d123-41d3-ad36-1d31a8bb23b8;53;28768014-25ae-48ee-9e95-4f550113c3e1,13cf371b-6ea2-4946-b86f-657cdd54d231,58853079-6fd8-4b64-b817-f36c264be453,fe94bdeb-2bca-44e7-938c-e35983b4c399,3417b2a5-bef1-4433-9aaa-66938694515d,6bafc565-b6a5-42f1-b8cb-e4318d2a81e3,b52317a7-c408-4e87-9126-29ee8a93a636,1d155095-9057-45e8-91fa-a3b798a3a689,0d971e7b-c9a4-4c3f-8a4d-22af321615d4,628266e8-438e-44b1-85d3-d87fecb17b7e,ae892398-5125-4c76-ac78-020b6b888e77,c30de085-134e-400a-add2-aa5f46703cae;5293e8b9-a396-4479-95f8-4cad80b91bfb;e71270d1-d648-42e8-b1cd-58315299e461;5293e8b9-a396-4479-95f8-4cad80b91bfb;2367bb4e-2555-4235-8e7c-87b2e6e2cf60,8100f4f2-68df-4c52-8d12-ec68c3ecdb68,d7d15583-018d-4385-aa31-a0a778f9d29e,603f3530-5f4b-41a9-a064-1ae37cdc622c,8d780004-83b6-44ca-8789-a6ac7040b5dc,f1b9e4ad-579c-4a09-8cf8-584f3216754e,bdf3a3a5-69ce-4176-a89d-f52163ae30b5,6b5e4b3a-f0ae-4274-8f68-3e89585b739f,8e6d26c9-de24-4e29-9a49-2dcbe4c5af30,fd71eae3-bcf3-4902-80de-02f983787c25,97c8ce7d-2667-4b4f-b29e-effd790adbf5,005d2f29-70f6-4fe4-807b-a81ff671fd3a,178651ae-cab7-46af-be5f-c68cfe96340f;294479b9-297b-4d96-9a05-b74a4ac7ad14,00ee10b7-52b3-4b77-abfa-96c2e2599332,2f98e332-e8de-48b2-ac48-69d30fc2ba3f,ec1aedf1-2d90-40e4-9c36-58f4ff2d9ebd,f5206176-73e3-4f41-83e5-d4b07d1c84ff,af6e03e9-32e2-4dc5-8936-18da55f925fe;01442413-d7d6-44fa-8506-d008dc18586a,b078fcdf-5ab4-4abc-8d1d-569e944eca61,51d9043b-068a-4a31-a0fb-74719a5a6a11;en,fr;112;1000000;;;/film/Do+nieba-2014-671692;tt2494384;0;0;0;0;0;0;0;0;0;0;0;0;0;0;0;0;0;0;0;0;0;0;0;0;0;0;0;0;0;0;0;0;0;0;0;0;0;0;0;0;0
447;98257815-2117-4d64-9a36-472f72d3dfc5;2014-01-10;2013-02-09;Długie i szczęśliwe życie;f0506edd-d123-41d3-ad36-1d31a8bb23b8;;5360daf4-05df-4237-a682-6ad278cda2b5,c27d8813-2e98-4e39-8511-d8d8d24fffd5,63e18816-5904-46c5-bdd6-fc9bfdff79a6,7e87332d-1a8f-43a3-8e8a-ad04969c7cb3,7d9bd110-eae0-4476-b5d7-5c46c4952ed6,4ded64bd-2225-4d2c-8e86-2e0e0dd621a7,fbd3600b-4093-45d3-98b8-b0bf2e4f5899,5d56f31a-7baa-41cd-ace2-5a4486589dcc,b0fcb7e9-d21e-4769-b370-a836c51413e5,42a18412-b7f5-4b56-be33-56ff8726d54a,f5742127-1122-4250-bfe0-a6a69e70884d,9a05c4cb-dfa8-4c7d-b0c2-b516b2f8aab5,ff5a34c6-a54e-402e-94e4-b52e045ca082;1e033c43-ed9b-4b1f-b824-f55476eaafd1;a7794c2e-b6b2-4053-8f41-e2dd000fb17e;1e033c43-ed9b-4b1f-b824-f55476eaafd1,2c5b5441-b14d-406e-a467-014d8d8b7130;6b473612-eebb-4c61-907b-239dffd5df75,ffa2b43f-f570-411c-ace2-b7dd1796eb6c,2cc7e2d7-514f-4443-a712-a39614f90fa6,ce8c7d1c-4396-4200-b1e1-7670317a954e;;;ru;77;3000000;;;/film/D%C5%82ugie+i+szcz%C4%99%C5%9Bliwe+%C5%BCycie-2013-677878;tt2650954;0;0;0;0;0;382;104;0;0;40;40;0;0;0;0;0;0;0;0;0;0;0;0;0;0;257;53;0;0;20;20;0;0;0;0;0;0;0;0;0;566
448;b60c01f8-5d7e-4736-9864-5b4354d030d7;2011-02-25;2010-01-21;Do szpiku kości;f0506edd-d123-41d3-ad36-1d31a8bb23b8,1db1ac18-a83d-4645-9cb7-3c60a03012ba;;6dceafd4-cd25-4098-ab32-31dd074166df,aba526c2-5e9e-4489-bd9c-97e6da64e1cd,71e4c7d9-4b0d-472b-8fe1-bd04fab3f4fa,d80a3936-9ae6-4db0-9bb9-a48dcae70966,9271744c-6729-4314-8ce0-fa90f75aada3,b7014e0a-b3b0-4a17-a856-8caa7786fa5b,db812ff2-e1bf-452b-b51b-1a939bd01c7f,be12986f-66e5-437b-811d-9b27afad1f71,3dbb437f-28e1-4fff-ab63-b9dabce7ba4b,27335723-9421-435a-9cef-59d684129091,26e6b807-0e98-4cc1-acbc-ea806a44ec82,40753419-2b62-4ed5-a85e-66ea25422d29,58283c8c-d908-48f6-990a-f0efecab0040,c70afd59-41a4-4f86-9404-5e371568d565,c5dd885a-5f42-4ac6-a7ea-ae490ec4faae,5b5d8306-625e-4b5e-a452-feb67575fa87;9f05aeb1-3e63-4cd5-a537-db32c751d7fd;f4b55c4c-9fd2-4c03-94c8-94c595093805;9f05aeb1-3e63-4cd5-a537-db32c751d7fd,338b88a0-6de5-4b77-8bf0-1d7b6941f719;89066f16-457c-4f15-8fcd-ca2424c1ebc9,338b88a0-6de5-4b77-8bf0-1d7b6941f719,9bcc6331-b3a2-4c4a-a8e5-c7f5cff597d4,f02c272d-f55e-41a1-8f1d-1c98a47b87a7,e28999a7-d009-49f0-bcfb-36e705a9d4ba,91b1ea31-3144-4827-9159-cedeb708e43a;987efb30-cd7c-44d7-932c-6f0454ceb4fa,7211a7fc-736f-47ef-b1db-6e60d49934fd;dcbf781d-54a3-4734-9b69-a7e119d59fa5;en;100;2000000;;;/film/Do+szpiku+ko%C5%9Bci-2010-506388;tt1399683;0;0;0;0;0;3857;847;343;422;396;169;0;0;0;0;0;0;0;0;0;0;0;0;0;0;3260;476;208;231;170;83;0;0;0;0;0;0;0;0;0;6034
449;206fb78f-ff36-4a37-91d4-17dc1598e051;2015-09-11;2015-06-13;Do utraty sił;f0506edd-d123-41d3-ad36-1d31a8bb23b8,92c04792-0ced-4eeb-9f80-04c13ce20d44;;1c43295d-6b2a-4f25-b1fe-966e91f22051,99fdb480-66af-4ba1-b133-d1efa8a28e83,2f81af4d-51b8-4501-90cf-d290aa99ac28,15ab6e55-f7d7-4f91-b087-4ae18baa388f,e358b9c1-4a4f-48cd-a54c-8eaed798016a,f568cc44-0a60-4317-bc99-6cdb646af306,705a5401-5c4e-40b0-8e3c-45eae274c819,52ee5779-8770-47ba-9c7e-bcdaa39cca3c,69f892ba-4b66-4791-b9ee-0be5cdbcebbd,ea2deb9c-c0e0-4c7e-9d83-6e26fbde0403,3d1d1afc-84e3-44b6-af6a-536cc181b4d6,44894ffb-02d4-4cdc-b00f-1d96bc5f7ac4,654c6ffd-6aa2-4048-884b-6f75d6004956,41e28ca9-29ac-4d6d-a7c1-357a50a31572,98cfe7b8-cc30-416b-83cf-c0f3344d1285,5a6ed6cf-30c9-44bf-bf75-23a9324c652f,750f917d-07e2-460a-8503-b7ef6beb4474,02c8b184-b64d-4d25-ab34-28a20214528c;b19dbe4b-6cbd-45b1-8a95-d1269324de6d;34b67685-59b6-4f6e-b120-d5a4616fbe1c;27e49405-25b6-4b8c-a51b-8d3c9d68fbe5;b19dbe4b-6cbd-45b1-8a95-d1269324de6d,6ad2711b-a107-4ffa-9cc0-00e2cd2d7fe2,a82c5afa-9cab-4de7-921c-7222a3c7d807,6179195a-7148-49e3-b751-5eb7d5a47ed1,c07ce9f2-add3-483c-b1fc-98235b2bcf6e,e2af1252-f6a1-4bcd-9179-834266ad22cc,43c56819-db56-4b01-92cf-f03beed98dd6,634c82af-de92-45e7-acb0-21f62b4af805,a630814e-726a-472c-b3ae-d92b2a259400,27e49405-25b6-4b8c-a51b-8d3c9d68fbe5,abe832b8-8ce6-47df-874d-9f503d113871,e7ea88f1-895c-4e98-b983-624b6a1c36cb,1651ac8f-70b5-486c-9210-7ab87e0cfc83,6ca4f12b-cfac-4bee-b95a-a59f80ae059d,dc26192e-3f26-42d2-91f7-be6e8b59e900,207ad81a-40fa-4908-8e29-2cf57fef8300,72ca645a-453e-44ae-8806-fa77cd2dc3bd,6b60e17b-a07c-4c69-b707-1cadf7e165e0,8ca5e66d-f682-4123-aa3b-9616b5ce7605,2aa4e813-f473-433c-8d8b-f9f5dfa73581,620a56e5-6323-430c-84fb-90573573eefc;0b28d028-e069-4821-b696-c612ab1e96fa,588af1b3-7b24-49c9-a4c9-19e878117783,52e5b34c-a92d-456d-95b3-f2f93e98ab5d;dcbf781d-54a3-4734-9b69-a7e119d59fa5;en;123;30000000;;;/film/Do+utraty+si%C5%82-2015-609966;tt1798684;0;0;0;0;0;46512;31957;20064;5373;3352;2125;0;0;0;0;0;0;0;0;0;0;0;0;0;0;27082;18291;10824;3324;1844;1308;0;0;0;0;0;0;0;0;0;109383
450;548785e0-5dc9-491a-b60e-3a068fe79287;2016-03-17;2016-03-17;Trabantem do utraty tchu;2c2fd51f-d2b8-4fb5-aec2-faf911088642;;;;;;;;;;96;1000000;;;/film/Trabantem+do+utraty+tchu-2016-769602;tt6423428;0;0;0;0;0;1591;247;74;80;383;14;0;0;0;0;0;0;0;0;0;0;0;0;0;0;1391;93;38;35;192;7;0;0;0;0;0;0;0;0;0;2389
451;834cbab7-4e7e-49b2-81f5-18c3d1ad7d9e;2018-03-16;2017-11-02;Do zakochania jeden krok;8cd25594-1c53-4fcb-9d63-9bc49e46b082;22;add4e8d3-e23f-4241-9402-25db93e4c10c,674078de-b7b1-429b-b7fb-872d8147fd1b,6d11cefb-a479-4eef-86a9-808dcdfa1e0d,efcd2dbc-15a4-42a9-afe0-91339a6bd1eb,95205682-f730-41ce-801f-2098cbd07799,01709e2a-ebba-4489-a9a4-f111090df871,72f7ffae-4ec5-42e4-9a49-6136a242384d,b89d9a0c-994b-4552-87e1-e038f2e07ee9,b33e62b4-0c57-4d10-8ddc-d68ae5adeab4,34d2e232-3885-44ae-878c-cbeaad009d77,0a19fbd4-dc1f-4f5b-baff-a4ab4f2c7201,119f312d-78d2-40d6-86ad-fa71bfb66337,5df34e32-97b0-4119-b301-3540550e8d5b,d04becee-703c-4372-a872-5987f98dc1c8,44d5784a-dd9c-4811-a9c3-4740f75c3bdd,89b913b6-9782-4f1c-be00-b5b5792003ef,17d368da-7969-4b25-8a66-3a0c0c211f9e,49a5dd89-f444-49f6-a291-61717334037d;89347d5f-3459-40af-81d7-4f0150919868;7f07221b-f889-47af-920d-268ebc30f082;998b6136-4776-4d9c-a6ef-465d25d30d32,219a341b-292a-40bf-b147-3c47fad569f5;7176ac13-2093-4154-8e18-f516c664e115,219a341b-292a-40bf-b147-3c47fad569f5,9bd48cf8-3636-406d-88f1-4a9495b4b53f,d99f9573-51c0-415f-a0f6-0752dd97f544,0e83ed0e-1d7c-423e-935f-02faf747d968,d9127142-fede-4f6f-a329-ad8cd83eb96d,2a40e8a1-df77-4e38-b2ee-3d67ab404491,afd586e9-cbe9-4da3-8a3a-122232fe27aa,933a006b-1488-4424-a95c-825e5feded96,07d199a9-913b-415a-a31e-f59dcdb4511e,998b6136-4776-4d9c-a6ef-465d25d30d32,e6d60a23-40a0-4a77-a7e5-6580387546c6,b2f91204-2fbc-402e-ac94-1056ad274296,e2b89400-64b4-422a-83d8-98f49292f65e,8cda1358-4a0f-45d7-8f28-94b72833872a,6f71207e-9d69-4595-8e79-2a86fafa445c,182461bc-399c-472d-a249-947ae98bf3cb;9d55dacc-82c5-435e-8df2-c356417e72f8,af46b070-ec46-4763-a6f8-9a5b7662bded;;en,it,fr,cy;111;7000000;;;/film/Do+zakochania+jeden+krok-2017-745975;tt4538916;0;0;0;0;0;8331;3416;1709;1562;816;816;0;0;0;0;0;0;0;0;0;0;0;0;0;0;5118;1825;409;808;408;408;0;0;0;0;0;0;0;0;0;16650
452;579a498d-b1ae-4fa9-a5d7-25714692cdb7;2013-08-09;2013-07-25;Do zaliczenia;57366ac3-c349-4e55-ad5d-6f8061179e88;;3f76ec0e-cc1f-46a1-86dd-31243ea8df61,42a42e31-ce25-4f1d-a0e2-2677e58b125b,5892acdf-dc8f-4e4e-abf2-ca2425263c28,4f45024e-581b-4e71-bfb9-cabd181ed4c1,efbfdc9a-363b-457a-90c2-10d495bf6f55,05d6422c-028b-4d1b-99ba-ac57f187f111,f297f5c4-3f69-4968-b68f-5ec9972d1e41,d6df86b7-f2b3-48be-95f5-b6d71e68c3de,1a2423df-bb19-472f-a8ef-e81181827c18,0f9c3be1-e6a0-4b83-ba5d-d095881805cf,41da63bb-43b8-4b99-b736-c199e832f4e6,0bc6840f-5b77-43fd-b601-175fa16a8b9c,e8f71607-3b14-4741-b19d-193551c18261,93777c9d-cd98-4224-9db0-5d7ef011fe87,989474df-fa69-4755-8b4d-c07b0d0f5020,ed4e6f56-b395-4fa0-9667-014a04b423dd,7acecae0-e7b2-49d2-8fd7-4bb5a73c3b82,cab04ced-9692-49c2-90d2-1d1c1dffe62b;f5d860ba-1764-49a9-8420-0ed522e629a1;34b67685-59b6-4f6e-b120-d5a4616fbe1c;f5d860ba-1764-49a9-8420-0ed522e629a1;1f3fd7f4-4270-4d21-ba82-fe0dabdcdae6,1e7564be-16a5-427c-b358-38ba4f846c67,b4239466-c096-4211-b368-50feae0a89ba,f6bc1f7f-e75d-4664-ae23-49e04812c88f,5a2770ba-fd29-4242-af76-71a34533251a,85e4a9c9-4585-4aa2-974c-21e7eb6dfc18,5326a8b7-e60a-473b-8abe-a476b5c5140f,455bd196-21a7-4141-8281-010660e1930c,33c393c2-78dd-4a27-9809-ea92f5630c2a,895febdc-8d0b-49d3-af84-9ca88b761b9e;1eda42e7-66f2-478d-ab8c-2a7610e066e4,6794290a-2ed9-442c-af07-f25d9fe3e991;dcbf781d-54a3-4734-9b69-a7e119d59fa5;en,es,sa;104;1500000;;;/film/Do+zaliczenia-2013-626291;tt1758795;0;0;0;0;0;18309;5975;755;93;0;0;0;0;0;0;0;0;0;0;0;0;0;0;0;0;9098;2366;350;47;0;0;0;0;0;0;0;0;0;0;0;25132
453;9c1cba10-3975-4489-b8a1-195b19b65155;2018-08-17;2017-07-27;Do zobaczenia w zaświatach;f0506edd-d123-41d3-ad36-1d31a8bb23b8;58;69ea6ecd-a8b9-447a-99ff-9271d3cc9c36,e5c06853-3139-497c-9e0e-da4181216344,a9a47967-1566-49eb-9b78-5a5bf3d742d9,41f5e5c5-db76-4c13-a653-cab0a97a12cc,4e293d7f-e81e-41d8-9154-39e45e340146,b06e0173-e6c3-4f5b-bbc3-1122d586ef9b,eb4f444a-bb8a-4115-9335-65cbda9cee06,8693f542-4625-4584-a7d4-a20c4494e81b,44951b2f-9ae8-4fbc-ae71-5c74a123f707,89530ba7-6f50-4dba-8d0a-675597b7f630,4db0d12d-b637-45e5-ad7d-80ed5e5cc7d0,464f7a94-436b-4d68-8666-b8bb2890734e,7549dd18-7b07-4b63-82b4-a3094d68dfbf,0091d0bb-9e45-48c5-a7d0-8fe36067daa7,091cd0d5-e56e-4bf1-915d-be640c9208bd,870c4a22-145e-4b37-b281-d1ffb759bf52,46ba95fc-05af-4b89-915f-6a2d34911118;e5c06853-3139-497c-9e0e-da4181216344;1886bb61-6185-44b0-849b-ed26b23b5074;e5c06853-3139-497c-9e0e-da4181216344,e987e8ef-430c-4796-a0e3-974ef451d0fe;52d9291e-a1a3-4f0f-a144-ba43ea03d1d7,74e69cec-4255-4291-a6b7-fa98eddb8967;16f7b930-5c79-41d9-a6eb-d2aa6538b096,90e31513-dd4c-461f-9261-ae0aa0eb3dfb,3a9bbbc9-04a6-4f0f-bae4-0a2fd1844870,7a9890ad-6ce9-4cc3-aaaf-7bad93bdab42,85b0c869-66fc-4018-ae24-cc9f833e9a2c,6a0708eb-e834-48bb-85a5-82a36490c4b6,fe31c645-c290-49b2-b043-387c34667f34,06c25fa6-6664-45b6-94b7-bf8faec9b70b,452506c4-fd00-45c1-b567-d58cc6e981d0,4847adb2-ec5d-4c7b-a8a7-e3fb8a62b5d0;51d9043b-068a-4a31-a0fb-74719a5a6a11;fr,de;117;1000000;;;/film/Do+zobaczenia+w+za%C5%9Bwiatach-2017-770636;tt5258850;0;0;0;0;4083;2292;1145;322;233;215;248;0;0;0;0;0;0;0;0;0;0;0;0;0;0;957;595;151;54;90;124;0;0;0;0;0;0;0;0;0;8538
454;e926330e-61be-4198-9c60-ea5a78691847;2010-05-07;2010-01-14;Dobra wróżka;45434b4d-8a1e-4d0b-8fce-cd849ae707e0,57366ac3-c349-4e55-ad5d-6f8061179e88;;4ea57458-1d9b-48a1-bb87-1cdf72aacaae,73907722-9868-465e-adf9-b701dad77062,e5f0ee4e-913a-4f72-a1f9-d70ecf711598,05f94340-937e-4f89-881a-4078148f2e7a,f355e3f1-50a1-479b-a7b0-5c0b66e2f8a2,1298120c-9e7d-472c-b01a-16d1be258f11,51892839-4783-455d-8ed9-11980a7f4963,405be156-26a6-4bc1-ab02-4ab279137663;fea16be3-f6ee-43be-9b25-7e9c52fb6d7a;f8c298fc-ffb3-4397-9e1b-d709aee89d2a;9d3495ae-b1d4-453d-83bf-18f704df2496,04794102-12a8-4dc1-b6bd-bff335f28e0a,64eec412-0ae7-40eb-988d-648ed6648455,0bd3f3de-492f-499b-8832-15790fbebd40,6c8f5a38-ab33-409b-b431-766e37f90d9b;6fcf2cda-2b6b-45a8-b28c-00cbc8d0e422,c343296e-d04d-4ed7-a5f4-7be6268389f2,8930e6d7-15bb-40ed-acde-da6777138ddf,01512206-b510-4602-99a2-d8cf70fa8cfa,15043d79-4bad-4fb2-b690-3305fef0c235,6d950aba-25cd-40c5-aaa0-a1a5b507a8f5;a559fb59-a6ca-44a2-b246-c9daad2cab7a,bc4ffba1-8301-470a-b224-19f210d5438f,4d9974f9-dd4d-4bf6-9046-c1ab0c0295e2,da078577-6b81-499d-b051-e8bea8ebda49,d02bae89-c3f1-45c7-871b-a7646d64f454;dcbf781d-54a3-4734-9b69-a7e119d59fa5;;101;48000000;;;/film/Dobra+wr%C3%B3%C5%BCka-2010-387672;;0;0;0;0;0;278;71;17;18;3;2;0;0;0;0;0;0;0;0;0;0;0;0;0;0;190;46;7;9;2;1;0;0;0;0;0;0;0;0;0;389
455;e0bc7a75-c92a-4a1b-812e-fbf6951eb54f;2016-11-11;2016-01-25;Dobra żona;f0506edd-d123-41d3-ad36-1d31a8bb23b8;;5b6ff59d-18ae-4119-85b9-5c1e35e820e2,2bfe9315-c802-41fd-9b61-0cb40ca09274,d5041a96-a3ff-41c4-8de6-38883500aedf,87e94b51-41c9-4ea1-90c2-a5c89e590bf2,a4880daa-cab4-4e7e-b789-47c98a289bcb,e38b7df5-0e4d-4525-83b2-d7abd80f6ff9,c8d5fca2-f6ef-4ccc-a000-4c47d5312bb7,c35f5de8-d5a0-4cc1-b9d6-8477f26c3849,d720e9ff-249d-406f-83c7-bb8f8f5e5c2f,2ab75f45-1852-4611-a0cb-1ad3cd757563;5b6ff59d-18ae-4119-85b9-5c1e35e820e2;1886bb61-6185-44b0-849b-ed26b23b5074;5b6ff59d-18ae-4119-85b9-5c1e35e820e2,92372603-0422-4969-b406-b66409063185,e8dcde8c-1385-4742-8a63-da0b8f78aa46;c1cbdbde-7f71-4726-8539-940f15946f04,d41fa9a8-fe17-4ceb-bd8c-c363574ef411;8014b22d-f76f-43a5-b688-cd41d50505f5,390ee2d0-72ea-4996-8d83-16457ca1f345;eee80e4c-8c23-485b-a66e-144e6dea129d,399f5393-dc15-4ade-8fc4-c65d9782ae3a,5674f9c6-b66d-40c9-8527-817c5cabc554;sr;90;1000000;;;/film/Dobra+%C5%BCona-2016-736496;tt3521306;0;0;0;0;3652;636;215;32;33;34;34;0;0;0;0;0;0;0;0;0;0;0;0;0;0;306;158;6;0;17;17;0;0;0;0;0;0;0;0;0;4636
456;7e7bb83a-7527-4e1b-9050-dc8a1c1b10dd;2012-07-13;2011-08-04;Dobre chęci;f0506edd-d123-41d3-ad36-1d31a8bb23b8;;5c664908-57b6-4f13-b050-d69c700b769f,f5e5f3f3-bd89-4f3e-bb7c-b6623864d244,1b1cfee1-f0db-4187-a7f1-10f0926f7633,8eb91b88-6de9-44c6-b685-cf7ff1973828,5105c4fb-23a1-4618-af36-2452fae67924,9c25aa57-5654-455d-bae9-2ffb8bc41555,1f16c049-27c8-4846-86bc-c8f7fad30b49,6695df5c-f3df-49f3-8dc5-e0d5546ab6fe,724cab8f-8c23-4f1f-96aa-5f210e065431,25c15a96-fe5b-4985-835c-6df44ec7d271,9fe52a50-50b3-4a1c-9e82-df5a07dd23a2,f2c5063f-fa5a-4dd0-8b7d-ed60ff72d799,43ace7b9-599c-40ff-a1cc-1e6c9b38a2c2,8411703d-f650-47c6-a832-5c7a943d5d1b,f3ff7a92-4fc6-4527-96af-f6b0f5c7ee4a;c156303d-a85b-4e66-8f02-254ad4050cf3;1886bb61-6185-44b0-849b-ed26b23b5074;c156303d-a85b-4e66-8f02-254ad4050cf3;a5ebd487-164f-4497-b829-b782b88b5e8f,92ea1d5d-ea0d-429d-b7d0-71ec642075bd,dffed51b-f51b-4ef0-aefa-eb59e6fb7945,b966062a-9f6a-4d15-b88f-33d893e8e609,4847dec0-865c-45bc-a23b-f9f7024acd71,367fc50d-fa3d-4984-8da6-b89f2b02f22c,af7a3603-c592-4d05-b339-e885e75ec203,b822d546-69fd-4b47-bafd-b117d4a0dceb,769fd63e-4692-4e14-8800-8e3e054b774a;724a0fa3-a9b5-449e-9431-26f2d3198e12,f6ef9a45-f763-42ca-9a98-f0f212749018,6548773e-211a-4219-aea2-78443171b1a0;40b32eec-a75c-4549-b8b7-0d3b90e2ef32;ro;105;2000000;;;/film/Dobre+ch%C4%99ci-2011-624441;tt1741694;0;0;0;0;0;0;0;0;0;0;0;0;0;0;0;0;0;0;0;0;0;0;0;0;0;0;0;0;0;0;0;0;0;0;0;0;0;0;0;0;0
457;75a689f9-6e79-492f-863e-1116989757c8;2015-11-27;2015-11-14;Dobry dinozaur;4fc66943-7c2c-4e0c-a93f-8f7abb752c8c,57366ac3-c349-4e55-ad5d-6f8061179e88,9a150cd3-6c32-4b58-b1a4-aea6992c564c;31,57;3de06a5f-d5d2-4922-bc8d-f48121bf5908,eaff1f04-adef-49de-a419-aaa0f31d7ae3,ab16ee64-1359-4b0b-9eec-bfc588e0fddf,1c8394b4-bbae-4e72-80a9-89c7ef769d7a,d90d76c1-fa5e-4c52-adbc-91ef545eff54,814ddc27-77d2-4367-b9e6-11f7ca6935ad,f1bdd01f-bdeb-47e8-89d7-7da3d18b1531,e33d54d7-a98c-4e4e-a08f-edec70416f6d,eebbb783-6f1d-4fef-906e-09c4fc57b442,b047787a-4943-4442-b1f3-48bdb22d0ac0,88cffbaf-8969-472c-b985-493403a8cdb6,5b7ae549-641e-40ac-899a-0c94c9bfafb1,b06dac4d-97c2-4a87-bac1-204cf0717a02,93eef5c9-905c-439c-b84a-d756d85d600d,66a9489b-e81c-411c-ac96-ad928cc4e133,2e10c50b-40b1-4733-ba84-0f2c915be2ee,62bff2e1-dd0e-4267-a3bd-2fc7346fcf33,18127843-c111-4f3c-aec5-1822373e3d1a;eebbb783-6f1d-4fef-906e-09c4fc57b442;91706a73-a86c-42f4-814a-c5586e41903f;dd910c34-ab2e-404b-8361-6823741fa220;35de97ba-48e1-44af-bebf-ec744d88b2fd,730e07f3-62e0-4f2f-ae53-a05d8358c6f6;3fcd2651-f0ef-4b99-8889-6e95ee68ee05,3c3fee43-f828-4c35-81d6-5bf009be4ca1;dcbf781d-54a3-4734-9b69-a7e119d59fa5;en;99;175000000;;;/film/Dobry+dinozaur-2015-657170;tt1979388;0;0;0;0;0;163337;291206;121897;43346;57373;20511;0;0;0;0;0;0;0;0;0;0;0;0;0;0;112460;172265;92263;28170;16975;13484;0;0;0;0;0;0;0;0;0;697670
458;9e40e444-4672-4565-8e66-73de4b46302a;2010-04-23;2009-09-11;Dobre serce;f0506edd-d123-41d3-ad36-1d31a8bb23b8,57366ac3-c349-4e55-ad5d-6f8061179e88;59;2753f383-15e1-485c-99bc-9c71337a5fef,6222ad02-bf89-4549-8eb3-432619212424,2d887dc6-e51c-4e57-bacb-326f37a3709b,b908f982-3ee5-4c82-91f8-e7b36b64fc0a,90482eea-6d8a-4ff6-9e95-b912e7526112,f00a8a2e-dbb2-47e5-be24-ca6a57a9971e,a93e4685-e21c-4899-8caa-39188697e97a,d921a562-3764-4e39-8fbc-de96a9902f04,c01ec3e5-3ad0-4173-8cd0-38e5a72c8861,49e30f08-4f0c-41c0-a863-057707c34f55,d8e9f891-428c-40f9-9a3b-ba875c9fd4ef,534b8091-797a-4672-bcb4-3b46c29e11f6,546e0ddd-8ffe-449c-bd7e-af1744df5df3,7d83f493-7e55-4421-b28c-eb53b2815429,52e8ab5c-b6dd-483f-8ce6-153630443b44,8ff5f709-251c-490f-84b6-c115822cd317,d03813e3-8537-4925-a9fe-ca6035d89736;265b6f51-6158-4e40-91cb-f2a3d1a80438;a4abfcce-d2ce-4ab3-becd-258c33b13102;265b6f51-6158-4e40-91cb-f2a3d1a80438;9fdc53b6-ff38-4bb0-9937-7fb0c8de67a1,aa50aa92-1919-4345-8a8b-324349373f43,2d91e336-fd7f-408a-8166-68221be6f005,8b698fb7-6415-469c-b4ef-3821c4d522a3,f81cb8d2-b6e5-4294-ac12-145b987aea87,5500508a-6394-4dc5-8bf9-2aaed7ca4b1b,b7fbdfcf-8431-4192-8cfb-954bd380ea46,362c1ae7-a936-4a0a-a8a2-3bc47ccfd7bf,a930d284-f81d-46d1-b75d-a30b62d39826,5b540445-8e71-42b3-abcb-b353096f39be,801f8a39-52c0-42c1-9dcf-3df702c95836,cfeff477-4962-4abc-9a78-7a4f1042fd30,a075e14d-b6fb-4c81-aefd-fa2f8228bcb0,a988aca7-67b3-4124-b4d2-afe0c798d342;29eb08fe-9c47-4b51-a245-4a267d255611,ecd8812d-1fcf-4e55-b262-060dcb1eb9ee,723d5567-f74e-484f-9a61-9713869c022c,e69cf2bd-b472-42db-b26e-df3268c4115c,e3d7ed83-77ee-4c73-bc8c-20aba18bf192,6a7c4f65-3a30-4076-9b7f-77f65caec057,e6a1faf0-2a4f-4f0a-8ecd-b150e25b0182,b8c5ef60-ce00-4c95-ac1b-940ebe5936ac;654011b0-4c4d-4eea-9eb3-749a4a438219,dcbf781d-54a3-4734-9b69-a7e119d59fa5,1b7463ea-f722-4147-a4b2-261b08bede20,51d9043b-068a-4a31-a0fb-74719a5a6a11,6614b794-9b07-4de2-837e-3aba6098ec7a;en,de;95;1000000;;;/film/Dobre+serce-2009-327867;tt0808285;0;0;0;0;318;2918;1304;1103;399;339;391;0;0;0;0;0;0;0;0;0;0;0;0;0;0;902;619;609;154;112;117;0;0;0;0;0;0;0;0;0;6772
459;458db0d3-1f9e-4e55-8b3a-628fed83dac2;2017-01-06;2017-01-06;Dobrze się kłamie w miłym towarzystwie;f0506edd-d123-41d3-ad36-1d31a8bb23b8,57366ac3-c349-4e55-ad5d-6f8061179e88;54;10b1551d-5fb7-4b31-b3b2-2e0726ec3ac1,4917483e-c6a1-4fca-b8e9-8dca1719e27e,c8c7b7de-6d7d-4c34-a346-4fabad966325,cae152a9-d69d-429f-8441-938915266cec,6ce740bc-fe92-4cde-bfd4-29c14e3c5846,74247969-5fb7-4b5b-be02-7e9922487932,44041590-c8aa-4bc8-93f7-dc670095db74,b3eeb932-8a50-4f33-9434-2d5e6c068e9b,bb8d71df-0b7d-423f-83b8-8ba4031ccbad,8539e911-00b3-4fc1-8fe7-c2984b50178c,b644cb7f-336d-465c-b07c-5d0a6f16ac45;20093249-6887-4823-98ca-bb891595beaf;1886bb61-6185-44b0-849b-ed26b23b5074;20093249-6887-4823-98ca-bb891595beaf,af15aa3f-b3bd-4aef-923a-54afa5733d87,f9292bc5-04c2-4ee7-86e4-529b224fd66a,9a3c0dc4-32d3-4008-a4de-b282ab834dcd,410f9d38-eed3-4199-b7cd-7782d6f498eb;fc5ac9d7-b532-4c18-9b22-a445000edc42,79fa4534-d100-4400-accd-b3a291c5968f,8e35a254-0b9e-45c3-a874-b3404e26f576;b8f6fe39-b3d3-4ffe-81de-6fc97245d89d,e16dd5b8-d287-4260-934d-4bec3cdfde5e,4b03d46e-af19-4331-8c35-060fdc4c0386,555ceb99-6e8b-4be1-9f58-f69ad85a2aee;;it;97;3000000;;;/film/Dobrze+si%C4%99+k%C5%82amie+w+mi%C5%82ym+towarzystwie-2016-752725;tt4901306;0;0;0;0;4831;17654;13213;9594;7308;7271;5276;0;0;0;0;0;0;0;0;0;0;0;0;0;0;9809;7330;4833;2357;3245;2638;0;0;0;0;0;0;0;0;0;65147
460;109f1886-6fc0-40cf-a170-2c165f0336df;2018-09-14;2018-05-16;Dogman;f0506edd-d123-41d3-ad36-1d31a8bb23b8,c8692873-ebae-4261-a833-4378ab4e126b;54;f6e8576d-864a-4f22-bf56-eb9a25d27bc3,81030db7-a864-44f5-9ed5-915a88a383aa,5b811667-03a6-4e65-a329-4b051eb032b3,0efead50-fa9a-4a80-8af0-141eb622e3c1,cdaa5ae1-7f5f-488b-8107-3bf85eb3a557,b3c8dd55-8b7f-4bc1-b32a-44e8bc7a42e3,f27b8075-8695-4cf7-8e35-c44eec34cff0,c8048240-54df-4f52-874a-39a786f9e709,f5c68ce2-f845-46c5-a8c3-0d79e47f5a09,4609b9ac-a9d8-43a9-8678-d3ff9c70981a,89f58346-19b5-42d3-aa71-83e00c4a8d28,e1877821-8a75-4705-8f66-b98b14a941fe,61303f88-6d22-451c-b1bb-a2376f2674bc,d03ae36c-6db3-4ecf-b042-2bfbe357dfee,ef7ca7a6-2318-4145-8c07-b0f615d8294d,db6562cb-80fd-49dc-af22-b1fc29a1f82c,8063fce8-e1c4-49ce-b2b2-256334c07210,b6a5f6c7-817a-4dab-b0fc-41aa61a64cd1;544dd0c7-c3ab-4d78-8a08-4479fa481cfd;7f07221b-f889-47af-920d-268ebc30f082;9e054cb7-2db4-45fd-888c-adc842b33857,544dd0c7-c3ab-4d78-8a08-4479fa481cfd,90d1ab6a-fffd-4cd9-817a-7f8729dcef67;4f1692ec-907a-4ee1-90b9-613a08ac35ee,544dd0c7-c3ab-4d78-8a08-4479fa481cfd,240acb75-74e7-4567-a60b-0c25dc703d83,b229514a-1d47-4022-9622-7f5d0e5bbac7,1cb119a1-9113-4a5b-8bb4-a95f9b828b45,393e553b-7bf4-442c-a112-39052f67b20b;952ade09-81a1-4ed9-8bb4-dd2850c3b455,40a6ab76-9c49-4bc8-b762-1b34239ee4ce,85b0c869-66fc-4018-ae24-cc9f833e9a2c,c0226ee6-d6f6-4163-a4a1-7db15e16e185,47362d48-5667-47b9-926e-a4fee2ebfa39,42af4de9-6eaf-4337-b574-b9d600fa74d6,27a27a10-7602-4267-9bbb-3257476135f0;51d9043b-068a-4a31-a0fb-74719a5a6a11;it;102;4000000;;;/film/Dogman-2018-804483;tt6768578;0;0;0;0;4190;15664;5886;1545;1365;805;805;0;0;0;0;0;0;0;0;0;0;0;0;0;0;10636;2933;550;428;403;403;0;0;0;0;0;0;0;0;0;30260
461;c39e0e82-bb5c-439c-abf5-912aab824e9d;2019-10-25;2019-09-18;Dogonić marzenia;36a330ff-bd5d-4a0e-b74c-8a0d4473b778,f0506edd-d123-41d3-ad36-1d31a8bb23b8,92c04792-0ced-4eeb-9f80-04c13ce20d44;59;365a3d6b-9017-473b-ae63-c4c47dfcd527,0f32e0a1-7115-4291-827e-4ce363df35fb,2b7b7f22-69db-421c-bb0a-9a4915aec99a,00e7aad9-b120-440b-b292-727af16d35ea,be57fb2b-d406-40a4-b4a7-6ca17487c99d,0464a548-d7d7-4e1d-b79a-af092f30ad5f,04060725-54e9-4221-891e-67e4731779e9,f3e3a9fb-d69f-4ce2-a659-7b9861b8dafd,896cd4f6-8e59-42bc-97fd-7fbe654e538e,e0585ec9-0a7d-477f-87f2-64792a7f53e4,9c836c0e-4684-4f5c-8a2d-b1ff9b05430b,2f85f97c-6ad5-4a10-bce5-1ddce3aab5fb,5e192702-c1ba-4128-b811-8db18349e85d;cdc9d5e0-7de1-41dd-85e1-ef6a4547a757;817a06af-b597-426f-8e5d-f006c1b2704c;8e48cdaa-d7f9-4e90-8dbf-d2c08e86bede,88033a33-ce03-45f9-84e7-15f54c4a5ddb;cdc9d5e0-7de1-41dd-85e1-ef6a4547a757,6ea4ab43-fa89-4d19-a7e2-603a4b2ccb73,e786cdf7-dfb3-4bf1-9905-69a5cebc0dd2,e4b26949-3fde-4ee9-932d-40f62c6a2feb,3c083ddd-7b9d-4fc1-a529-7a17cadcb27e,d3051faf-5fb1-4b2e-92ad-ad855b213af3,8067c302-85d0-43cc-9867-dfaed4d59e24,f5e1aa19-da76-42c4-9136-0ab309e2eeb8,55790695-d5ef-42a0-a545-569e233cd726,ab0d524c-3bf2-4ab4-b751-5c36be53533c,8bcae9a3-e7b2-4b69-ba4f-a5f21d3bc806,3486559e-544a-4f76-b118-a186e20a40bc,8e3f92a3-a647-4d59-af6d-7ff0f4fc4985,8c798066-bde5-4e25-9d17-c75e1ec9ffbf,9e97d49e-b0c0-495b-9f86-9925dbd3e090,c5f1cf3c-5751-470d-ad4d-bc42c302e367,30958f25-6b49-4a45-9fdb-ac1222fef095;b0708d12-5072-4227-9be7-0cd53d3ae569,c47a8cd8-29ca-424d-8100-86d86756fbe5;7bc66e23-af7a-4d1d-a72b-b745f9c430d4;en;98;15000000;;;/film/Dogoni%C4%87+marzenia-2019-813261;tt7600382;0;0;0;0;0;0;0;0;0;0;0;0;0;0;0;0;0;0;0;0;0;0;0;0;0;0;0;0;0;0;0;0;0;0;0;0;0;0;0;0;0
462;d2854d8e-ad53-4c6e-a05b-cca8cb78d183;2012-03-30;2011-05-16;Dokąd teraz?;f0506edd-d123-41d3-ad36-1d31a8bb23b8,57366ac3-c349-4e55-ad5d-6f8061179e88;;050df316-6842-4305-94a2-96fa31574754,bc00a9ef-adbd-4e6b-a20d-334dcda468a2,1c550d29-a384-4a01-972e-f148875fb037,ec4caf80-6964-488a-ad74-5309783606a0,683891eb-79a4-49b1-a634-7a94866575c6,dab3bc18-715a-40c9-855f-2c49f7f1ddeb,1eaa5278-8366-4fcf-a816-2f753a9f1acf,9bbe1dac-63f4-4d3a-9f42-2c363835f8a4,7afe00be-dc75-424b-aabd-107267623b61,2b504eff-bed2-4555-8e1e-e904c2d68a1f,f741d67a-e821-4fe8-814e-c45b89087be8,38a5b1d8-0ab5-4169-a621-b07312a18fb7,f96ea32b-c3bd-42d6-90e0-972d9d86c0ee,1aacd400-6b77-496e-8e0f-6a9f1965af72,e1bc3651-c563-4258-8029-c2ec1d418fa7,ad354f3a-94a8-4386-9b31-0b8ae235ec36;bc00a9ef-adbd-4e6b-a20d-334dcda468a2;2469ba5d-8a2c-4349-b38d-227be4d8eb2b;bc00a9ef-adbd-4e6b-a20d-334dcda468a2,c8e474f6-d151-4a00-ad75-fb79287a7afa,82ccae2f-3472-475b-b271-74371f10198a,0cb47503-0df1-46c8-955e-bafa65c37164;dd7a3bc0-01ef-4334-8fc1-b51ae25bfe11,14a28924-d700-458a-b0dc-b9ceaf4a0549,a9983487-f95e-41cb-9d5d-49d34f1612f7,68bc9764-de2f-4ade-9702-2bcb7416e385,bc00a9ef-adbd-4e6b-a20d-334dcda468a2,4bc9d6bc-5835-4909-825f-b32fa9390252,61ef3393-4921-4f7f-816e-35e07eef859e,192ab397-9014-408e-8a91-aba057268aaf;40a6ab76-9c49-4bc8-b762-1b34239ee4ce,f32d6e5a-2d42-4769-a42f-d039eade034b,e6865375-e967-41de-9f61-28c663fdf4f3,c9f39b4c-6b8f-43b7-b583-57d83864c027,6a0708eb-e834-48bb-85a5-82a36490c4b6,fbba907c-36f4-49a4-85a8-8571ec03df45,2be1c663-42ef-477c-a086-2be6fbbcc77f,c3d7eca9-740f-4fc1-b939-1c512ce1e695,3889b4bb-41b8-4310-9572-02355943efe8,0dcd9ad2-2996-44d9-a69f-ea06a7831bf0,31cf89c2-bef0-483f-bead-71879e7f203d,1131138d-8867-4112-aed8-025938ef6541;51d9043b-068a-4a31-a0fb-74719a5a6a11,cd9b4e79-1455-454b-a950-ae242e610ffa,58174cd1-1e90-48ff-9b20-573d03f4a30e,22012dd5-4f96-44f4-bdb7-48bc02c5e8d3;ar,en,ru;110;6700000;;;/film/Dok%C4%85d+teraz-2011-616619;tt1772424;0;0;0;0;0;7247;3291;2342;903;585;590;0;0;0;0;0;0;0;0;0;0;0;0;0;0;4278;845;1308;372;155;379;0;0;0;0;0;0;0;0;0;14958
463;25ff84e4-e53c-4d05-ab73-8a63c267449d;2020-01-17;2020-01-02;Doktor Dolittle;15c0b1ce-34ec-4d67-ba14-0138c61d5b54,45434b4d-8a1e-4d0b-8fce-cd849ae707e0,57366ac3-c349-4e55-ad5d-6f8061179e88;36;c18c498b-fd00-44cb-9386-7f21702b4d1f,143ed4e8-196d-4cfe-8f4b-da05877b19bc,eb03aaf0-d3b1-44fc-ab66-248683937a4c,9a2dd245-3c3e-481c-ac4c-e6735f7b7605,9c89ecdf-4fe3-4d89-ad16-f719d5bd2c60,ca3d9094-2ec6-401f-947b-73f7defb6258,9f9e2af3-b525-4880-875f-26a478c553c3,95e45e9e-5da9-4f1e-a421-40d574d39d2c,e6736af1-a638-42a6-b7fb-e13d56dc7bea,ba2f5e3b-213f-4848-8b6e-2474795bd8f4,6e62983f-ac63-4b8f-a356-ccf2edf567d2,91d23ebd-0cfa-41eb-acad-8106c52a9685,27fa19eb-38f6-44b8-b26d-1a32dd45d082,9e95335c-f8b4-47e9-8d64-1f2d16057718,cb6a0d91-34f7-4faa-8661-e7504d889f77,f9f0ef43-c5a8-476d-9e5c-5db2b10cc14f,4917483e-c6a1-4fca-b8e9-8dca1719e27e,ca59b92f-87bc-43d4-ad0e-67022717d790;2a0cfff2-cb05-4f79-96df-812e252a49fe;f44346b1-d6b2-41b4-876f-1b6682aad3ab;2a0cfff2-cb05-4f79-96df-812e252a49fe,4fe66aa6-e222-4598-b3bc-589f1ea3b243,f9efaaf4-7a0c-47a1-b283-64fca0e67195;c18c498b-fd00-44cb-9386-7f21702b4d1f,01158b32-f497-4f3a-bd93-3dc817078160,89cecbbb-4d31-4560-a8bb-31242af88dea,74627b1e-42d1-4fb4-ae9e-493133459ebc,3603dc81-71fd-43ea-8e39-6e2c321be360,5d9289d6-52dc-4b81-a9fa-9efe8c52b15d,310f364b-ff16-4982-aa74-0c2f300ad6c8,e65976a8-d9fb-4c6f-9f5e-49837de103ae,b553442d-00eb-49d1-87be-c3447a22285c,4f70dcaf-9bc8-497b-b6af-681eeb688fe1;8b0bad92-76de-47bf-bda0-396b09f9f401,ed61e251-0b69-4744-a3be-38d643b5a94f,e5886614-70b7-4297-b71e-0ed0cd8b40a7;dcbf781d-54a3-4734-9b69-a7e119d59fa5,270542da-ad6a-4404-8f03-01fd73a4c545;en,fr;106;175000000;;;/film/Doktor+Dolittle-2020-785827;tt6673612;0;0;0;0;0;262200;173880;115920;41731;31530;26708;18696;13087;0;0;0;0;0;0;0;0;0;0;0;0;138000;96600;57960;23184;18547;14838;10386;7271;0;0;0;0;0;0;0;683752
464;9ca8f01a-19fa-4afe-af02-098522b11481;2019-11-15;2019-10-30;Doktor Sen;d31939d6-e42e-40f4-8e25-f18e47a1e035;15,51;1b7c1a0e-e9e7-44a9-b0b4-fc57729f715c,aae2ad3e-2ba4-4b3f-a0c3-f6c491526cdb,3dc9512b-1c97-40b1-a345-d75d20eaef6d,0232a370-2769-46bd-b071-7ed44510c8a8,00d0996d-6064-423f-bf73-712480adb2fb,fef4f7ae-af52-45bb-9f08-04b296dd261d,f32d0dd4-0aef-4d3b-ad82-f83119e4e749,3e3ef0f3-2fdc-4cb1-9aa6-ab781aa239e8,781eae02-7cb9-4079-bb0d-8c02e64012f9,e97b2ebd-7c63-4325-b31b-a005452a1425,29dbbdef-a957-4119-9bbe-77a3e952bc25,602d90c4-a26d-4692-9d1a-3c64475dc27e,2e36b0cb-0c72-4491-b21f-713e77fa539b,f4c1b98d-5efa-4d9f-8be5-e3819bc63aea,3392474a-eb4c-4c1e-81f7-a4b5c0577fd8,4b3fe0a6-2956-49b8-85a8-bd34781da3f7,b67c10ce-b87d-4b25-bf3e-4804fe371f3f,fad96da9-fe00-4c40-9852-daae29f15ce2;92a1b765-4780-4618-845c-e83fb703bbd7;3a6ff2c0-9128-4bd5-a9db-42c78324f0d0;92a1b765-4780-4618-845c-e83fb703bbd7;78fcbe5b-7192-43e3-8cc8-84ba28af385b,af28e47d-b077-401d-a42e-2f36388d3c57,cf39a1b9-4a98-493d-b9ef-50c61b441232,012c4b97-58e8-4ca3-8f2a-cc950f3a63b8,c7e63cd5-7cc7-44c1-bcdf-d1100887a238,be80cbdd-67f2-405e-99d7-2d4cad20c9da;2881301f-2275-452c-93c2-cc2548423ceb,e176d82f-cd6a-4655-beba-9c3eafd80dc3,820387b9-b616-4f05-8fc4-9374037a96f5;dcbf781d-54a3-4734-9b69-a7e119d59fa5;en,fa;151;45000000;;;/film/Doktor+Sen-2019-828339;tt5606664;0;0;0;0;0;63000;36210;8610;6244;3606;618;0;0;0;0;0;0;0;0;0;0;0;0;0;0;40933;23217;5544;4028;2602;378;0;0;0;0;0;0;0;0;0;118288
465;84dfb3cb-a48a-46f3-a6dd-fab8dd4ff6a0;2016-10-26;2016-10-26;Doktor Strange;45434b4d-8a1e-4d0b-8fce-cd849ae707e0,9a150cd3-6c32-4b58-b1a4-aea6992c564c;3,4;7361512d-dbc8-4b50-8810-7f7e6e264dca,99fdb480-66af-4ba1-b133-d1efa8a28e83,a4c62e11-183a-46e9-a4bb-c8860271f631,8f3b1129-638e-4b2a-9238-1795ef4273e4,402ae433-688e-436e-8990-fb2672553dfd,fbcaea3f-fb3c-46d8-9666-845bc104e648,b3ae5fbc-7c6b-4ee1-bef3-d294e15e8b94,296cac8c-7777-4920-859c-eba6c2e7da52,44237164-94e0-4523-b18f-06e05da2d3f6,eb3813b1-2fa1-4fbf-b681-4bfae6d8a30a,c3476f32-2e0f-43db-aeea-d5379ae68ab0,003d631f-0688-4f7e-bb0c-85b0d90ac7f8,9645c5ea-d87b-4dc1-bf78-b5675b82553b,869c14a5-7dbc-4396-bade-546cbb9cc2e5,04065283-869c-4fe6-960c-2bbc86478851,162fb720-c19a-4009-ad7d-f58bb995c099,eb945f78-22df-4bd8-bbf3-ffe5ce620636,0a507fa8-c65a-4141-a911-8c8735b094e6;7f484298-ebfc-405a-be22-d4f2812ec2ae;91706a73-a86c-42f4-814a-c5586e41903f;043ad4a8-f25a-469f-af35-665a802cd790,267b51ff-7d6e-4762-a24e-960153121608,7f484298-ebfc-405a-be22-d4f2812ec2ae;551f2ff8-bbfc-43ad-ac13-4bff5e082fc0,84237554-a4b2-4ffc-b2c0-f5228ea03c48,a782536e-e6f1-4657-a0a0-60ef4f8e3994,24114446-9433-4ecb-8193-c359caecc25c,d95e00b7-4d97-4e1a-8c76-c998bb652d4d,7c9766a3-57d1-4e8e-8153-fc2b45ea331c,7f1737bd-e943-4cc6-bc26-2aa75618c592,690c8d35-df49-4344-94c6-208983b30a59;8cbc7d22-78f8-4ccd-8bab-dddbba144ece,9cd313f2-c5a1-4025-89ee-3dca68dc6c36;dcbf781d-54a3-4734-9b69-a7e119d59fa5;en;115;165000000;;;/film/Doktor+Strange-2016-482376;tt1211837;0;0;0;0;33973;178828;122902;68596;23290;11975;12447;0;0;0;0;0;0;0;0;0;0;0;0;0;0;101148;73559;46341;14281;7744;5109;0;0;0;0;0;0;0;0;0;452011
466;1c11d553-412c-4b2b-855f-487cbf23888d;2020-08-21;2019-09-17;Dolina Bogów;f0506edd-d123-41d3-ad36-1d31a8bb23b8,45434b4d-8a1e-4d0b-8fce-cd849ae707e0;53;3fbd8913-a059-422c-a777-d05054eaf7d3,8c0742aa-2eb6-4fb4-a1e6-12695f3f2237,a584094f-9c20-494c-98fc-8962a31c03b9,b3999c5d-8c60-403a-8adc-cd93ad18bd97,80fa2202-ae4a-4c5a-a306-16b8e0d26be0,5b3568ad-4e55-40b1-a7d3-2efac1f4675f,894da561-328a-4b98-b01b-b21ad0a84636,da4f8b6a-9f8d-4620-b16e-070cd55bab22,f0193469-6b5c-4d0b-a16c-4dcf45ef6d8e,5c55f7b9-a775-47cc-9e2e-b1bf2b7615e7,96546725-b1e0-4c00-ba3c-0e27ae10f45d,9a61e426-8b8f-4eaa-9956-072a297e9d95,aed3524b-f170-4316-ab10-c29211cb0515,8421a996-b15c-4268-9cd3-593de4ab6026;d3ef8e24-d778-4041-970b-d49c4fc5e599;7da3fa9f-0772-47cf-82d8-e81ea6068aaa;d3ef8e24-d778-4041-970b-d49c4fc5e599;d3ef8e24-d778-4041-970b-d49c4fc5e599,84eee3d3-6895-4154-939d-6823b8fc6b35,8f18c64f-a0d4-4b8f-b1dc-61b3987a12e2,c3535773-fb2c-4200-ad9a-f86dc3fbfaa5,e9360e31-9b1e-4851-a8c7-d28d18d8048e,f4a0f6e2-e00d-4cdf-b867-b087c4d6cfcf,a1517c99-1fce-4176-a9dd-c9cd15a40003,ab993fd3-a59b-4a95-a31f-9f98937123e6,5db7ecd4-7fba-4cbd-b076-833cbabbf1f2,0d0a3da5-5d17-4e8e-a9fa-f30bb6473609,9a3ced19-d50e-490c-af93-3129cd0976d7,d893c651-aefd-4b53-ad1f-c107a37823c6,3f50711a-9852-4a0d-b20e-e95505ef338b,0efa9a49-faee-47f3-829d-470333dfc537,dc5dd64f-8d96-4ba3-8510-b1b6b674e79c,aeb12f22-839f-432e-afad-52599518600b,68a75de4-cf08-48f7-808a-5e40e51c4186,0ef59b7d-ffa8-4685-8988-ef56c2a086b7;d76982a7-a956-4388-90f7-4f7184a16af9,17559b36-498d-4ab6-b3a9-d3edff1bf703,dcbd4cac-19f1-4d4e-bdbe-caef73c5808e,2e3e9d9b-71da-47db-a1d1-b16a1d78165e,c3f6b242-a8c0-45e4-b967-05ac65531683,a61b482e-9563-4612-bc75-6bd9a53c09cc,c8ef44fb-5a60-43cc-b8ed-57d9ddaf77f6,2a68c455-6e78-4884-8401-cbbc36619109,5f2c3d88-0cd2-4a58-a909-17d9110f614f,587de172-1392-46b0-bb04-e4dd096a83db,f39776dd-c0ab-44ea-b46a-844d3c1723be,fffc4228-1dd8-43bb-b909-a895d2c7e3c3;c29315d3-7743-480d-ba69-783e11af73bf,03aa0c39-3180-4314-80f0-e1abc5482cd9,dcbf781d-54a3-4734-9b69-a7e119d59fa5;en;131;4000000;;;/film/Dolina+Bog%C3%B3w-2019-741555;tt4523530;0;0;0;0;287;5557;2832;1755;833;746;235;0;0;0;0;0;0;0;0;0;0;0;0;0;0;3062;1407;674;375;119;149;0;0;0;0;0;0;0;0;0;12245
467;d19ff286-1a66-4f34-bbc2-da459aa198a5;2010-04-16;2009-02-09;Doktryna szoku;2c2fd51f-d2b8-4fb5-aec2-faf911088642;;5fab1de5-10ac-4525-97de-edec3c969e50,b6a78101-3f35-49e2-b04c-6dd2a85e9b4e,804f15fd-db1a-49de-84fa-14d80a1418ad,3043dd96-fe9b-41da-b16e-0a937e7b5ba6,4920bd27-5131-464d-8052-d65846d7076a,246bf4a6-27d2-4fbb-bf8a-4da4270b6533;8c9a2cbd-30ae-4eaa-aa46-d7b0628f5f22,b45d8a6b-4177-432c-aef8-c8931dc44dd9;43f94a4d-076d-49a9-8d94-b44243057ea8;;30371dd0-ca09-48b6-88f1-e3f130376183,b6603ddf-517d-441a-8c1c-44fc4b8b9ab9,f2bea816-698a-4add-a51f-261fc0c87486,c6c35092-9c23-48b5-b883-21e607b273f1;fba5be8f-7112-4fe2-b7e6-3cd5d873fd70,f5e5eea5-23a5-4133-a83c-f2aa0cace257;;en;90;2000000;;;/film/Doktryna+szoku-2009-497741;tt1355640;0;0;0;0;196;345;496;496;82;81;81;0;0;0;0;0;0;0;0;0;0;0;0;0;0;97;248;248;41;40;41;0;0;0;0;0;0;0;0;0;1777
468;55d26e7c-23c2-4ef0-b712-884391328924;2015-04-10;2015-03-19;Dom;4fc66943-7c2c-4e0c-a93f-8f7abb752c8c,45434b4d-8a1e-4d0b-8fce-cd849ae707e0,9a150cd3-6c32-4b58-b1a4-aea6992c564c;18;6254879a-f372-4519-854c-42d1fdb46534,95f559ff-8845-4d41-91a2-301d1ee5f822,881eadcb-2b39-4b84-88f6-388dab8e5925,7bfcfe33-2f39-4afa-a453-de49fbd6c8f4,b821f7b1-8d7b-4c3f-b639-404fc9701c65,d3844cf0-2cd7-4355-ad02-7e57d3ea1c6f,32903326-706c-48b7-8b2c-259cb7b78b0f,4e8b0d7a-b9b3-4171-a4ec-33a5e9f7c2c0;6c6ae10a-2e45-4e9d-8292-efa59e8de941;f8c298fc-ffb3-4397-9e1b-d709aee89d2a;c84487bd-5f89-4ea0-b744-73fdf095f6e4,37b72218-d157-4968-9e17-dfcada6161db;4b5ddd21-f378-4cd3-86e6-b5341a4b2b5a,b51c5fe3-c546-4203-8709-d359ae383eec,4f55ebdb-1667-4ef9-80c6-a0c9c1596f64;8ba9ec07-008c-420f-8898-ad74fb662530;dcbf781d-54a3-4734-9b69-a7e119d59fa5;;94;135000000;;;/film/Dom-2015-704166;;0;0;0;0;0;0;0;0;0;0;0;0;0;0;0;0;0;0;0;0;0;0;0;0;0;0;0;0;0;0;0;0;0;0;0;0;0;0;0;0;0
469;a2d300d0-ee82-47da-b088-1879ce694c5e;2013-04-12;2012-08-04;Dom na kółkach;f0506edd-d123-41d3-ad36-1d31a8bb23b8,57366ac3-c349-4e55-ad5d-6f8061179e88;;ac1b236c-c50b-45c2-b4d4-33f0f58499c8,3018ea86-4255-4611-b950-5b8953f74de6,239b4afe-561a-4e0a-b16a-edc7df8dbc9b,82d2164a-3ab0-46de-baa1-f7cdf2ed0fdf,61395590-e3ea-449a-8c45-4ac6bc67bc5b,3799dee7-b741-49fb-90f7-9bc060950696,6f7e45a0-e42d-417f-8276-dd1c94b77d89,074b86e6-bf99-4bc2-ab64-62d4e86435ad,17f8b99b-244e-4971-ba4e-76d4c685d319,08fe0309-a2f1-4fe4-afbf-add302e254ab,5a26789e-d47c-4557-a138-19ac43a0e983,381991e3-91bf-489f-91a5-354b6bc75809,a2f52e53-d5fe-4a79-b8c7-09495e85ddc0,f394ac60-a43d-49d3-bfd0-d3167c13d197,55e222f9-0cb5-4f83-a3d4-f49f0040d3a3,4de326b5-a93b-4896-9cb9-9301633b5e4f,016b995d-291a-42ee-adae-2a7c6376289c;5a9720f1-f99e-4455-819e-7189e4237d66;15fdeb44-d66f-4e19-ab55-a32c977b782c;5a9720f1-f99e-4455-819e-7189e4237d66,8d9701f2-cfd2-4f68-b21a-a7493610821e,571dbd45-eff3-462e-9791-0d577343d7e8;51bf5151-c5e6-46bc-bcd2-71308ee75e73,67cca49b-f614-4c9a-a2b1-0deb64108555,c9fdc4ff-0231-4d23-b720-65cc9acb3f1f,173464d0-83d8-4fc6-9d92-94acc3db694f,ae9b15c3-9024-43b3-90a3-8084ce657689,fe6816eb-e967-4f3d-82ca-62e1c03142be;7a9890ad-6ce9-4cc3-aaaf-7bad93bdab42,556d905d-b4a5-4c27-9323-3d4c3423058d,a20d1707-3ae3-41aa-8fc2-4860e4c3d677,dc0bb6e9-9445-4cf1-9e3f-2865522fefc3,4da0bcb3-2622-4d08-9cf0-4018d9ca155f,d19efea4-ec41-47c4-90d4-649a65316986;03aa0c39-3180-4314-80f0-e1abc5482cd9,51d9043b-068a-4a31-a0fb-74719a5a6a11;fr;95;1000000;;;/film/Dom+na+k%C3%B3%C5%82kach-2012-649130;tt2112204;0;0;0;0;0;0;0;0;0;0;0;0;0;0;0;0;0;0;0;0;0;0;0;0;0;0;0;0;0;0;0;0;0;0;0;0;0;0;0;0;0
470;b1afa3da-ea8e-42ad-b7f5-59656bc77f5a;2011-03-18;2011-03-18;Dom chłopców;f0506edd-d123-41d3-ad36-1d31a8bb23b8;;f3e96f98-5a84-48de-939c-4ba73c8819e8,4041ce50-190f-41d2-a633-d1f051483243,5591e66d-1c99-4b03-88bb-3b39c551b97f,4d6c02ee-d11b-4d5f-a495-a3416adc3338,0f4185d3-3b15-4021-be56-305a3ee28da9,798c43d0-488f-474b-b600-6f0f27ae7d59,470b8238-f003-4b73-92ba-c695f08565a5,7668fd1f-06f3-42a0-80f2-5e66b2e89f3f,56056ab4-81b2-418b-9dad-a65d9bef83ff,609b4c7d-7669-4346-accc-c20c0ae54b8d,5d546699-700d-4ce2-ade1-7ef9b1c188c0,38fabef5-ef6d-4978-a92f-df4f27a28654,a188c1d1-94aa-4f1f-bb5e-48caf8b2540d,3ff9026b-7038-4238-9123-2b2ff32f74a3,bb10dc1c-4707-4861-8330-7c968ec4f54b,de344c5a-2e9d-4064-8a0e-77c560715cfa;e785dc08-e6e9-4e2d-861f-16309af75730;871441ae-5355-4c68-b199-a73960992257;95bbeb4a-1ab7-483c-a1c3-d48dcb6c0d41,67ef8717-9847-4970-a2db-77c71c4ef427,e785dc08-e6e9-4e2d-861f-16309af75730,f18fefe1-7a34-4ee5-a04d-5e2e0b1d44a1;2179ebf3-551d-40ac-9d03-bc95e875eb85,a68e43ab-c8dc-4b19-b4a1-85f5da1ce5d1,df70a558-6b95-4ea3-a846-044e685908aa,d3b6a015-5b85-4dd6-953d-7dd21a396cbf,e785dc08-e6e9-4e2d-861f-16309af75730,1cae7e6f-8aab-442c-987e-78c366851867;d23dc47d-ebcf-4666-b68b-dd687d83d8f2,f842b7a2-677c-4ee7-83a4-b2e345bccb1d,e2e93399-ba7b-4a69-9245-cbff4d5a056b;03aa0c39-3180-4314-80f0-e1abc5482cd9,6614b794-9b07-4de2-837e-3aba6098ec7a;en,fr,de,lb,ar;110;1000000;;;/film/Dom+ch%C5%82opc%C3%B3w-2009-251533;tt0405022;0;0;0;0;0;949;396;50;22;21;22;0;0;0;0;0;0;0;0;0;0;0;0;0;0;557;171;14;11;11;11;0;0;0;0;0;0;0;0;0;1460
471;4aa3d052-df14-47a9-813e-3769112b212d;2013-06-21;2012-02-14;Dom na weekend;f0506edd-d123-41d3-ad36-1d31a8bb23b8;;7ce6207b-8348-4feb-83b3-9b5cb74c8c00,d2412cae-9737-4cf1-a7cf-dae4c011dff4,2039bfce-f0d9-4170-9a84-f9d945dcb29b,5de51de4-2530-4d68-9677-cf040b630d7d,3b0ddcc9-3431-49c4-b66f-614cf83e1c9e,a6c7923a-5831-4044-b144-d5fd89235ec8,627d2d2b-3a4a-4e92-aa5c-2d991301b3f7,3e0e8573-16cf-4039-955d-0479d7f4af06;db52b044-f545-4ed0-a836-8e0d55e8970d;1886bb61-6185-44b0-849b-ed26b23b5074;3d93d0ae-d794-452a-bbe5-eff849f9ec53;db52b044-f545-4ed0-a836-8e0d55e8970d,f72bf282-46e3-4638-a8e3-352c0f8f74ee,c3c188c6-c466-471f-bd7e-3c8577a630ff;91817a5a-7a87-40c2-8fa3-db4d51dbb048,9cdcb9c1-5eff-407b-b498-39cdcb7ce4d5,8c8c3799-8e2f-48c4-b0ae-69806613cc8f,8fa5f45c-46fe-413f-b200-e33e4487cdec;6614b794-9b07-4de2-837e-3aba6098ec7a;;85;1000000;;;/film/Dom+na+weekend-2012-645575;;0;0;0;0;0;1261;1260;61;78;15;15;0;0;0;0;0;0;0;0;0;0;0;0;0;0;631;630;19;19;8;8;0;0;0;0;0;0;0;0;0;2690
472;88656259-5e49-4f3e-becf-91e137f5ff3e;2011-10-21;2011-09-29;Dom snów;1db1ac18-a83d-4645-9cb7-3c60a03012ba;;f292a8c4-3590-4698-b0ce-b706828414ce,668fc77a-b572-427f-b0dd-951d54caf56e,01c0e079-3c06-477c-b64f-98bd9878f187,e11cc828-3c9f-4e98-aae0-276d660ac260,c27baf19-845f-4780-9146-6bade1c127f0,0933353a-d252-4977-b8cc-a8c0910335fe,9a935d00-1e01-4e10-958d-d58f544c52c7,a38d0ded-73ea-4b35-b969-411e1fea18df,d619b3fc-2a0d-49ae-99db-5bcc6ba95396,46efc15e-ad3d-4c42-9fe3-bfa5d4069e12,8b944ee0-263b-4a58-83b5-dd27e12e1644,87d23d4a-ee5d-432f-8997-3f48eaeaf68e,9665253c-1656-4d61-9832-1c5cff35c8b3,a7cd27e0-7f22-417c-985b-05df72c22190,fad33eb1-990d-4994-8ac4-547e8d4a467d,bdb495bc-f8d4-4183-b025-6bfb55f76377,104c9360-6e5d-4fa2-9016-03e0c3cb19ed;446bce61-d500-4f18-9b20-a7385ed0f478;e71270d1-d648-42e8-b1cd-58315299e461;f92322aa-0dbe-4816-b583-7dcfb977dd04;cdd756cb-7695-4057-80ba-07ca0ecfc817,df430ec5-2f8a-4420-9d19-abf5238432bd,5ce232dd-6571-4375-b4a9-7ef91ad9b5de,be3817a6-fbd6-4d0a-9404-a6f5b8c8a379,f26b55e4-3e7f-4313-9c58-5d328bdf0361,d5566a61-ffe3-47a5-aa94-dce69013357d;4f92de8d-14f0-4539-9472-ec08c1e8289f,0b9d1706-2821-496d-9fda-e323175437e4;dcbf781d-54a3-4734-9b69-a7e119d59fa5;en;92;50000000;;;/film/Dom+sn%C3%B3w-2011-536312;tt1462041;0;0;0;0;0;52274;65989;13869;13179;4835;1300;0;0;0;0;0;0;0;0;0;0;0;0;0;0;32313;45560;9292;11199;2780;650;0;0;0;0;0;0;0;0;0;151446
473;6325b134-9c0c-4f6d-ab7e-ce63393a49a6;2019-09-27;2019-08-23;Dom strachów;d31939d6-e42e-40f4-8e25-f18e47a1e035;15;2aef24cb-1c57-4dbd-b6ee-a9de280aebb7,36f27efc-8c8d-4406-8685-6ca7075a5e2e,13124517-7ad2-4112-9017-0546ea5e5a26,da3b195d-973f-4b44-8595-08ac948fa9b1,69a3d63c-4a7f-490a-ac0b-32f9aa1992c3,f09b8a1f-50f3-46c5-be37-15f3973caeb7,c6dedfba-fb9c-4eec-864c-94eb1f922820,b79392d8-5896-44b6-b588-e6fd5bb49d44;8b661182-4b12-4924-a92e-4e4c8f41abc8,ddad45b8-7a7c-498b-bb97-514da5a02dab;7f07221b-f889-47af-920d-268ebc30f082;8b661182-4b12-4924-a92e-4e4c8f41abc8,ddad45b8-7a7c-498b-bb97-514da5a02dab;fac5788f-11b2-4e76-a77a-7500cd7f7e1d,45fd7529-80d6-4285-827d-a2b4a644246a,8f8f4def-5a09-4668-8a91-56b23b0d4876,b8334c97-eb4d-437e-90a5-35f6f34b3146,4f127506-4d6f-4159-8b2b-2374b9f3aea3,a99f389e-5951-4b55-b2d6-ad7165727878,2ca4b6cd-46ff-4772-abb9-e4eb6ee5bf64,a399e60d-9a27-47d8-8abc-99647050f9b2,e4098e5e-26a4-4d93-adea-3256a9a41e67,c0b2d329-a607-4401-9615-84b5e1ba8b81,587c0cfb-e44c-4e98-bb20-e72d689b6538,28c693e4-427e-4204-be4e-da57a558b85e;3057ee0c-3f84-4b35-9f3b-de1482c209dc,533c30a5-405b-4df5-badb-ba32b6b48340,0073b251-a083-48bf-a589-e3d9c89148cc,267e541e-d3a5-4120-894a-3fcaec8e8653;dcbf781d-54a3-4734-9b69-a7e119d59fa5;;92;17000000;;;/film/Dom+strach%C3%B3w-2019-837728;;0;0;0;0;0;14336;6417;2177;4879;9392;170;0;0;0;0;0;0;0;0;0;0;0;0;0;0;8479;4551;1475;183;4696;85;0;0;0;0;0;0;0;0;0;37371
474;e08c402e-ce42-4774-92e6-c16143b3d792;2012-04-27;2012-03-09;Dom w głębi lasu;d31939d6-e42e-40f4-8e25-f18e47a1e035;90;723b9621-524e-4c65-a9e8-070b1115f65c,d094664e-d4d1-4021-94cf-06d560daf401,c87bdd6c-51ff-45b0-87aa-85b3e42ada25,d857fd25-fb6e-416b-9920-445c68cd3ddf,0e1bedb7-099c-4458-94fc-d7841e01d215,d34a7524-928c-4e2d-8b8c-52caaecb43f1,31dfcc02-af79-49bf-ad7d-677d1f74a308,06e1e1bd-7d34-4293-876d-f72dc2ca6eff,45a3394f-4480-4860-ab74-dee731c909c5,094d024b-4e4c-45cf-9c29-5fe6e454877c,0b88849e-f9dc-4c8f-a88e-a13d1620116a,404afee3-aaf3-4cc2-aa9f-8db55c9dade0,241db4b0-a612-48c3-b524-19fb3a0c04c2,5060e91e-bf06-4fd3-a6b8-88643782e8f8,f16ac466-7b0e-4ad8-a4a0-aba23a629fd9,ad4dab60-c079-498a-b27e-3870719b5747,47d241a8-0e73-409b-8b79-c809db8d8583,16b232bc-8634-499d-a2e4-aeaadc1b1b5d;cd7a642f-50b6-4c52-9e3d-cda0cce9c842;34b67685-59b6-4f6e-b120-d5a4616fbe1c;41eb6e7a-2ab7-4213-90bb-24650c9569b4,cd7a642f-50b6-4c52-9e3d-cda0cce9c842;41eb6e7a-2ab7-4213-90bb-24650c9569b4,ba585abe-5242-4583-9f5c-71a26b83a1d7,bf02bdee-3a4d-4ee4-a1b6-5f4133537089,e7656222-a126-4518-b6b6-77e226b3dbe4;1dbe8b5d-cf4c-4fda-8b37-a0649f561093,3de49353-5126-40d7-8867-a93b1c2edfb7,23a35a21-b21a-4e4d-8327-909f0629e7aa,2a073dc2-2cd7-45ce-87d5-facc0fa27a0b;dcbf781d-54a3-4734-9b69-a7e119d59fa5;en,ja;95;30000000;;;/film/Dom+w+g%C5%82%C4%99bi+lasu-2011-487684;tt1259521;0;0;0;0;0;34871;25186;18640;6965;3183;1501;0;0;0;0;0;0;0;0;0;0;0;0;0;0;14615;14093;11144;3733;1592;751;0;0;0;0;0;0;0;0;0;90346
475;fc65ff5f-97fc-4fcb-8051-cde5abebe26f;2017-08-18;2017-06-26;Dom wygranych;57366ac3-c349-4e55-ad5d-6f8061179e88;;d3bcc0de-7701-46ac-a831-504e669bdbd2,a9292bd1-7a91-4161-ae0e-e6281b19e13d,b09fe33f-753d-4f66-bce8-80609073b2ef,71cfbae5-02f7-4ae1-9374-56ec6d628ef6,fe713cb5-5ac1-4cba-9298-dba9b8985310,3620e9d6-9e9f-4667-8436-d23e19e0a5bf,75da3ebf-1ece-4328-bf31-ba5c05910f19,31f30870-cb90-43dd-9077-2dea06360094;cbf0bd85-2596-478a-9eb8-288ee4d26b15;3a6ff2c0-9128-4bd5-a9db-42c78324f0d0;cbf0bd85-2596-478a-9eb8-288ee4d26b15,f4b19ff0-dcd0-450f-9de4-3b2580dc93ae;d3bcc0de-7701-46ac-a831-504e669bdbd2,7ad5a287-ae4a-45ab-baeb-f446189bbbba,a276e224-3c6a-4b36-b702-34829984d2ae,7a86f154-4603-4888-8c87-41ae842fb321,d14b996d-a7f6-4782-ae6c-2e3cbec87c83,da30096e-33fb-47e6-b53b-bc0f4ec8c0b5,8f39ccc2-7208-49b8-be47-ed5dfc0b96a0,682ca2c8-fb8d-42eb-bb56-1d54810a92b7,148c4c16-9dd3-400b-923c-086f1367a24d,65dbdbf7-bb30-463e-b8e6-82f49bbfdce2,cbf0bd85-2596-478a-9eb8-288ee4d26b15,f4b19ff0-dcd0-450f-9de4-3b2580dc93ae,0f29e482-e14e-4dde-b770-9f39176a1afa,c506a89f-bd3d-4e6b-9583-07bd84afd744,7eb4d45f-fd05-4ba2-93a8-fbb25ab046ec;e1808162-a98d-433a-bfe6-df725d3f406c,a0ff2888-0fa5-43ee-8722-a8c9724adac2,4c5a3153-29fd-4c94-abe2-2e0756ba6122,b584f402-7c91-447f-b035-b3e28cc983e7;dcbf781d-54a3-4734-9b69-a7e119d59fa5;;88;40000000;;;/film/Dom+wygranych-2017-738280;;0;0;0;0;0;15271;6953;197;33;33;33;0;0;0;0;0;0;0;0;0;0;0;0;0;0;7985;2777;180;17;17;17;0;0;0;0;0;0;0;0;0;22520
476;10bb7e19-8d67-4468-97c7-b59e9a5f24e5;2019-01-18;2018-05-14;Dom, który zbudował Jack;f0506edd-d123-41d3-ad36-1d31a8bb23b8;19,90;73d28d65-5fc6-4591-bf54-0a9a39e16dcf,e345fa9f-586b-4313-a572-7964e778d1cc,c39f5dd5-11a0-420a-a217-6748ef28be0e,4978dfb7-8407-4792-8c07-1b673b4a9e93,b116d552-1583-45b0-8b51-ef5394326f4a,5d6fc67a-cba5-4bb4-ad87-7490b5b1fea6,cd81e1a5-38f1-469b-8873-974e651c8df4,7a831d19-3478-4a6b-a8f0-b470ff3a6c33,524526de-1e68-4c0f-9e2e-23d8235e6711,0d962281-6085-433e-a182-e69efb23bb27,f43756fa-b280-4d14-98ef-84ecd88b1df4,d87ec0b5-7a6f-4437-9529-658f0f6027e4,1ebe5b27-1952-48df-bef5-0d0451edd328,7c42af09-240a-46d0-b9d3-298decb846be,5cd1053d-285f-4fe0-9c8f-864daa523e97,688e3c41-6595-4004-a6b0-321eb8257ab8,e69f5d47-ee15-4a3f-8180-7e0c04aec7c2,bb1e7c65-434e-4ace-8f02-c7b597ce557d;9d09531b-c699-4a99-ac1a-bb894c567a97;a4abfcce-d2ce-4ab3-becd-258c33b13102;9d09531b-c699-4a99-ac1a-bb894c567a97;5becd1a0-4be0-41e3-b10d-db4e9b76a043,1c566b13-732f-4a1e-b320-8d10eb974cc1,1526c896-4870-4b2a-9c69-dd979bb6f613,e36496c9-8734-4da2-b0a4-298519ea3d1d,b8784e89-8a95-4cbb-8b37-8d51ef73f537,352168e3-d412-453d-858f-6bf63580e671,163e3dc7-6ba4-43f4-b091-a7b5102382c5,e1460e03-b08f-478b-bff4-46dcf4b6b490,97a8cc62-ef79-44b8-adb0-383fca8f8b7e,6b3fa8e3-cbb7-43d9-ae0e-012f38408430,d114eb18-f85d-4763-9ac5-cfb2d96d3d6f,556465b8-512b-43a7-86e4-4a4c63cc16d8,37b1f6c4-bd15-4e8a-87dd-56b5507ccdcc,750bc4ce-311e-4d27-9de4-c88a1edba6a5,30d4dcec-3c5b-4eff-9aa2-a2bf01c5b08b,5f4309e3-639c-4fcb-972f-5bde601fb2e1,09c30fef-748b-4724-9464-ca171e7acefa;8ef85eed-a937-453d-b6e3-7d92ebc360e3,d5087482-cc32-49c5-9f64-f4e730b7bd86,d4f48981-e7e0-4f05-85e3-5d9993fc0235,c0226ee6-d6f6-4163-a4a1-7db15e16e185,972ce11d-3c42-4c2a-9db0-978776c5b3b2,3e245a7d-a122-4cdb-af58-209d75cbcef8,dedeb740-dacd-45c2-b3da-a27c3818b39c,c77a2eb3-9137-4ed8-8ea9-d19bab402fe0,ad66a4c6-3df3-467d-b67a-ac00d56dedde,eed717fb-1f82-48b5-96d2-3b1b6e357ee9,e4808b65-2b20-4b5a-b8a4-e3da0a8285ce,0e04e5df-6c51-4ee8-aa94-e18b7caf3233,5d324873-785a-42a0-93fb-828100e96497,176296a5-48fc-4212-a406-e88738041f31,4e923e97-dd82-4d65-a476-41448941cde8;1b7463ea-f722-4147-a4b2-261b08bede20,51d9043b-068a-4a31-a0fb-74719a5a6a11,6614b794-9b07-4de2-837e-3aba6098ec7a,50a054db-53b0-46af-ab20-122b7fa54a2d;en,de,it;155;10000000;;;/film/Dom%2C+kt%C3%B3ry+zbudowa%C5%82+Jack-2018-782237;tt4003440;0;0;0;0;3866;20431;9692;5248;1742;1226;686;0;0;0;0;0;0;0;0;0;0;0;0;0;0;11263;4586;2748;770;345;193;0;0;0;0;0;0;0;0;0;42891
477;8479290a-c06f-419b-abd5-b24db99aa039;2013-11-15;2013-01-18;Don Jon;f0506edd-d123-41d3-ad36-1d31a8bb23b8,57366ac3-c349-4e55-ad5d-6f8061179e88;;808002f4-7452-4129-b6ed-9cb838c248d0,89fc2a7a-215a-4447-ad08-4cc2114aa32f,89ea7be8-9bb7-4586-812f-649f2dbc2fc6,f62ea49c-c5f4-4d87-8b33-5d5430475b8e,b3c4aeb3-8be1-46db-84a0-6a7f27ff91f6,a7f862ef-a0f1-450d-819a-0aac2a64b700,dd955f4c-47e0-4084-9f01-840075dd9faa,7825ccb1-ce7b-4a45-b0e4-ab8fbb30ead0,0b16e004-4495-4ead-91b4-35becb277a0c,b552fffc-0c22-48c5-b831-45b03ec61e2a,660eeb45-6a08-471e-9e8a-88cdf74ca912,a1244781-64dd-42ff-8324-d728e3d3a9dc,f55e1d2f-2816-4476-843d-b420547d0a52,f3164e7b-4a2b-4bd4-9f95-1c78e4ebc6d0,2c2594e5-2a65-416e-9ac0-05c07c01c642,40fdc208-8a51-4809-895c-aa8290b8f19e,6b67f1cb-e9d1-45bf-b57f-bb407a118498,f83a4cc3-3b49-4afa-b785-6a99bdfabd5c;808002f4-7452-4129-b6ed-9cb838c248d0;2469ba5d-8a2c-4349-b38d-227be4d8eb2b;808002f4-7452-4129-b6ed-9cb838c248d0;42367a6d-ce62-4945-97f4-0e43cdce278c,1c0e31ba-7de3-4221-a114-ba8eba2c9219,829a8f86-f3c1-4839-a5c8-ad86f8dbf0ce,a93077f3-a4ef-468c-a7fc-3d67aff98dc7,fcdeb25c-3883-41ec-ac49-2fc2cf1e2dd1,83ea1607-6008-492a-87f8-bfc4bde89626,12a65ca0-d76e-41b7-ba4a-03bdeb732392,bece3b64-4dc0-4c1e-83bd-66726b650d48;eaff1f97-5fd0-4309-90f3-2ed5bcc04e0c,7b8c7f06-dc5c-4861-b865-e89f95ca6ef2,0d5f5ab1-d1de-40ad-a23f-d7bd53ee6b1a,ebc6834a-9320-4f66-b025-a299fa89dbde;dcbf781d-54a3-4734-9b69-a7e119d59fa5;en;90;3000000;;;/film/Don+Jon-2013-648179;tt2229499;0;0;0;0;969;55288;29722;17746;12551;19223;7310;0;0;0;0;0;0;0;0;0;0;0;0;0;0;35044;18900;11427;7933;14643;5522;0;0;0;0;0;0;0;0;0;142809
478;108ac3bb-4dca-406d-b82e-85dfc3c58a09;2018-10-19;2018-05-09;Donbas;f0506edd-d123-41d3-ad36-1d31a8bb23b8;53;c68eb16e-0d87-442f-83f8-0c18b1a5b0b1,34b159df-3ec8-419c-8cd0-b41cfacaa013,d0c546cf-2657-4429-99a1-7d4d9a22c7cd,6a1633ae-a580-4b60-bf72-f2fc5b8e1e94,d59c4b07-2087-40c9-81a4-2d67467a289f,131d8f87-b885-4eb0-bf13-1dc4e172ddfb,57e21088-2db0-431e-9bce-780c2c39b989,0c38ae9d-dcd5-4a93-a4b9-68bdbe932141,f3d0c0c6-2c77-439d-b075-f07fad11d08a,eadbc0da-1a77-40d7-8c99-592e466c5081,97c20e1a-0944-4e63-a72e-6dc1a3d3192a,05fabb3d-0543-438d-946c-e1f43f01ed1a,78e30f6a-8a9b-4ba7-b460-cafb23571457,e7ee7e0c-b8ce-44b5-9352-bb6a1c8ab02d,7ebf6f19-14c1-40d5-91e5-7e02790eb6c5,a36806d8-137b-442b-bb7e-3a746acfd37d,bd8654bf-0888-449c-a96d-41b63301e0e2;60974544-0689-4bed-926d-5c5d85e34038;f13023fd-efc3-43af-98c6-50964c66c585;60974544-0689-4bed-926d-5c5d85e34038;bfb87904-07b9-414d-ba42-b382b9de0cfd,202a0e78-8a6c-4768-9943-54d700ec13ef,81887b26-77c5-4b49-8cae-f8e9ed4dfdc9,ef045363-c95b-4c2f-932b-34b0f8c65277,b2fb2710-4fcc-4044-94b2-8fc3b157ee66,60974544-0689-4bed-926d-5c5d85e34038,5e90cfde-0c4a-4be8-9e8c-be7ad5abcda1,d764c6e9-a8ea-49b7-b254-b34cbec6b262,64eee39e-0941-4526-a5e8-00cf8117566c,7e170686-3367-47de-92b8-3ad7604e4214,09f7372c-c16c-43d9-82fe-eef59fa42e35;d13eb3ef-b4b8-46e9-a92b-556148d55e8c,a6acc0d0-7d22-468b-8065-420f522c1cd3,cbc01be0-50ab-4d7f-a5db-59037c58d6d1,265f51f2-352e-4067-b07e-fa97e2b0fb9b,817c509d-0554-485f-badc-889b475878b2;6614b794-9b07-4de2-837e-3aba6098ec7a,af7cdff1-5323-4581-a06e-14a9b289d4ac,51d9043b-068a-4a31-a0fb-74719a5a6a11,c29315d3-7743-480d-ba69-783e11af73bf;ru,uk,en;110;2000000;;;/film/Donbas-2018-808030;tt8282042;0;0;0;0;1062;2435;2102;1112;232;0;0;0;0;0;0;0;0;0;0;0;0;0;0;0;0;1315;1135;693;232;0;0;0;0;0;0;0;0;0;0;0;6943
479;70d5ef42-446d-469d-8a0a-33e67a7c687e;2013-04-05;2010-05-13;Donoma;f0506edd-d123-41d3-ad36-1d31a8bb23b8;;6c6b8540-9582-414d-9a92-95e3e7db479e,74bdc07a-a967-4031-9787-78efd5c02f7e,b5da1eac-fb8c-4fc6-9ce6-a998fe49ba06,adba3f1b-e49c-4898-968b-90445f86627a,26fce1c9-d1e1-4bd5-b4e6-7bf03e33e610,bf3e4ff2-bc94-4bc0-8c16-94438689d0c9,b38c18d6-7cd3-48fe-b1da-445fed43b067,70d6f624-6d18-4128-9ce4-2e74fd093304,fff055dc-cdb3-4935-b72b-ca0731d03c14,65bd206e-33b0-41ba-9efc-79437aa26e32,8307086d-c359-4561-b3d4-d46e4b41e30c,c8f90849-eddc-4551-bb85-366565b0b569,f9f370fd-f3e2-4b5a-97ce-7693c6521d4f;65bd206e-33b0-41ba-9efc-79437aa26e32;01d1875f-b7b0-4de5-8528-e813904d923a;65bd206e-33b0-41ba-9efc-79437aa26e32;db681fda-56c0-449e-a029-b5f95d02ad3f,65bd206e-33b0-41ba-9efc-79437aa26e32;ed852f4e-1dd2-4a4f-a445-45677aab5f21;51d9043b-068a-4a31-a0fb-74719a5a6a11;fr,es;133;1000000;;;/film/Donoma-2010-588694;tt1653848;0;0;0;0;813;1558;229;46;42;25;0;0;0;0;0;0;0;0;0;0;0;0;0;0;0;1168;100;15;23;11;0;0;0;0;0;0;0;0;0;0;2713
480;b92ddc24-c9b3-4fc3-ba1a-195f634ddbab;2015-03-27;2013-11-01;Doonby. Każdy jest kimś;1db1ac18-a83d-4645-9cb7-3c60a03012ba,10733816-1bc2-4e92-a7ea-b96846b4d54a;;ba5bf0ad-9f07-488a-9512-8f1786c7dd50,71045bf9-75a1-4100-8d51-315769d9e998,21704443-351a-4be3-b4a8-7ab1b47e7ffd,ebd8ea3b-1d15-4456-90df-7d7c7401ab30,6e2399a6-159f-44d6-8d30-f36460fe6bf4,60633922-a335-4f7a-8f8c-f231ceee81e9,96b5948d-fabb-4a9a-9634-327467aafacd,2503939c-4d25-47bb-87da-93f3b92abba8,792932df-6c04-4456-af2c-87d7a42d8079,9696392e-b976-491f-8f96-c6f2fe33dae5,1b7bbb85-de04-4b31-9551-53513d016cb6,dafa9137-863c-4d93-9f16-8e814f17165b,864674f1-e962-42f2-9b97-abd68ba5e93b,aa5f871a-e64e-4a74-aab6-38567d0fc029,8e582639-4193-4a1f-ad93-d0f58ab7d713,f62607d3-2d6a-4b79-b0f0-97315a7b3be9,3787869b-93be-4700-9b5b-c9896d008e90;dcb124a6-3db7-4080-a29e-89bd979990c9;ceca3de1-2405-44ce-9f40-7b8755569baf;dcb124a6-3db7-4080-a29e-89bd979990c9;dcb124a6-3db7-4080-a29e-89bd979990c9,fdb0a358-ece6-4ad9-8ef3-c9e6816237da,e506a9e2-e191-44aa-8be6-4629327e81de,a503cdeb-6f76-45a4-b841-8b93d2eabfe2,56f0ea25-0141-431c-92f1-1f2e4e578803,99d476e1-c9d6-45ba-9185-43a38ffb75ac,7823e7ce-b9b3-42dd-931d-2c9870e2222e,ba51abec-7ed8-4d61-ab82-173e4d766f4b,adbc4867-4124-41b8-8289-65910dfd6036,28137f91-dad6-4217-ab88-469793da728c;6b726dd3-135a-479a-9b2b-ba34248a7156,38afb8dc-2a5a-4671-8d3b-a3d8c2dba6a6,b86f86a6-d405-4cd9-ab47-27395fb6e2a5;dcbf781d-54a3-4734-9b69-a7e119d59fa5;en;104;1000000;;;/film/Doonby.+Ka%C5%BCdy+jest+kim%C5%9B-2013-570610;tt1645054;0;0;0;0;26;3345;2241;679;874;343;288;0;0;0;0;0;0;0;0;0;0;0;0;0;0;1901;282;305;446;172;144;0;0;0;0;0;0;0;0;0;7796
481;9824e707-e4e4-4079-bdad-c0bd00f9a46d;2016-04-01;2015-01-24;Git;f0506edd-d123-41d3-ad36-1d31a8bb23b8,57366ac3-c349-4e55-ad5d-6f8061179e88;;1ff9b0df-5492-4b65-9173-e87fa6aafa4f,b425eccb-ae2c-4d2f-bcb5-b3b974e6e1dc,a3c98311-442f-4077-b3d2-14b611a62f38,f86de074-f96d-4370-9ca6-bce75e54ea32,b2ede758-355b-4f4e-8a0f-74b2ecbdc26b,dc6818c8-9c80-4d39-9eab-316f07a67dd5,c96d071b-5c09-4e86-b146-cf8d52e75efa,53cb604c-4c80-4fcb-97f2-bfb64371bc83,2af34e02-12d4-4710-8c03-6a745d00f090,5b8bd4e8-7bde-44ca-9e6f-49d685b0bc18,05640194-cbd4-4263-a858-11d88a6acc4b,0799e9ac-b842-4383-b91f-d72f5eda4779,8b5384a1-1171-4dc3-952c-b81588856acd,c99ea22e-50d2-4ab6-a18f-dbc253074399,0df38dba-e802-4621-ae1d-32787f55615a,3176b42d-04d9-46ab-97ec-ee2c5f0595f4;c85b3811-a837-4f65-8156-51c8dbd70549;f44346b1-d6b2-41b4-876f-1b6682aad3ab;c85b3811-a837-4f65-8156-51c8dbd70549;2f81af4d-51b8-4501-90cf-d290aa99ac28,675ecb59-e866-4bfc-a2f6-dd243a7d5c9e,c85b3811-a837-4f65-8156-51c8dbd70549,faf3f5db-343f-46b4-8483-2be5a62b1a35,8e68878a-fa10-4ff7-baf8-66a399efa8b9,4140948f-3100-4b59-a4b2-9b82515dbc51,ea6a709b-00a6-484e-9b4a-183f76fb8597,577061bd-14af-4a26-b69b-4e26795e5907,a7264c9c-fbfe-4752-a6c2-5ca2a4b0f6a3,3483913d-d116-4712-9cbc-ce888a43feff,a06f4510-b02e-46fd-ad3d-b0ea63b32c8a;9fc4e3d0-6517-41f7-97f8-59a5506be46c,8caedd97-782e-4cf9-b0a6-e71a3ab14c72;dcbf781d-54a3-4734-9b69-a7e119d59fa5;en,es;103;7000000;;;/film/Dope-2015-729146;tt3850214;0;0;0;0;0;0;0;0;0;0;0;0;0;0;0;0;0;0;0;0;0;0;0;0;0;0;0;0;0;0;0;0;0;0;0;0;0;0;0;0;0
482;34d498c6-51c3-4636-8e36-55f3b2262f2e;2019-08-23;2019-08-01;Dora i Miasto Złota;15c0b1ce-34ec-4d67-ba14-0138c61d5b54,9a150cd3-6c32-4b58-b1a4-aea6992c564c;;ff6e2ce2-3c69-4572-8370-636464ea2413,80475635-c312-4f8a-829d-a631855c5b6b,a0516290-73ca-4981-a65c-8b6d0a9947d7,b286e291-792d-4c88-9ca9-c1ef1eb2135e,66fb3785-baeb-4574-ad16-bd92f41ced43,a6c7f075-fea0-4d08-bbfb-b931b46f5d34,16c69fab-3a22-4ceb-8d28-76eaa43395f8,ac2e64e2-5940-4454-825c-168a6766bb78,5891a8bd-2058-4140-99b3-c0743a892555,1d966fbc-fed8-44b5-848b-993f86726d3a,90fb6305-235e-4f6b-95f0-ceb14c19ded3,3c250987-4cb4-4efb-ac1b-380af93a0d8c,b954ed92-c271-427f-9216-5a64c8bdbfce,a4c45528-d638-4cbf-a819-ae7dffd26d61,af17a46e-bd3a-4060-84a3-ca241e04866c,2db022cd-c093-47e3-a084-9f289e6c5356,d5dc4bbf-a80e-4241-9cb2-e8b02be82c33;28c8d68d-0004-4a79-956e-fd9d95eafc29;f44346b1-d6b2-41b4-876f-1b6682aad3ab;704bd9b6-62fe-4abd-8b7f-cbe7c32c4f2d,fbb9ac97-2d1e-4602-a004-62e6218c9df5;f1b34921-2d69-485f-b2fa-0bd5d61b8166,80475635-c312-4f8a-829d-a631855c5b6b,8d345c13-1b16-4c74-a6d5-554f5615b230,c0fc0cdd-9de4-40e6-ad96-b6c28004d355,df320446-a6d6-4aa3-85a0-5af07d0a97ff,c2acf1bb-b768-439e-a054-fb564d87fd0b;c0f84541-3c0c-49bf-9203-e3bc17d468bf,0973f355-01c7-4dd8-a341-d1588af4ee4e,6eb191d1-c0b1-41de-893d-a460edab6545,b270c595-2b48-48b5-9ed9-43b1d81a5dd8,bc4ffba1-8301-470a-b224-19f210d5438f;7bc66e23-af7a-4d1d-a72b-b745f9c430d4,dcbf781d-54a3-4734-9b69-a7e119d59fa5,7c3c6900-cff1-44d1-8e05-b71f752b95d4;en,es,qu;100;49000000;;;/film/Dora+i+Miasto+Z%C5%82ota-2019-817047;tt7547410;0;0;0;0;0;71457;36747;22431;11385;7282;9242;0;0;0;0;0;0;0;0;0;0;0;0;0;0;28553;25017;18591;8535;5351;5049;0;0;0;0;0;0;0;0;0;158544
483;be90068d-4bed-43cb-8181-f8d07361d365;2010-10-01;2009-09-09;Dorian Gray;f0506edd-d123-41d3-ad36-1d31a8bb23b8,1db1ac18-a83d-4645-9cb7-3c60a03012ba,45434b4d-8a1e-4d0b-8fce-cd849ae707e0;;f7881df4-7817-4380-9bba-0c10ca231243,9e59a1e7-f155-442a-9922-c8ca7d6244ab,ae93c67c-109e-4873-99ef-e5f4c8ac84df,c2d3fc31-4685-4ea4-8260-7bf0bd78392c,296f03f8-026d-4802-bab8-370d1f860509,e48151b4-4a5c-403c-8ad7-7f3a95d065be,d00a1844-5128-4f5b-8aee-a566cfc03e7b,7a4004ee-1c2a-437b-9cee-b0a766b108f2,dd22d0f9-7a64-484c-96a8-2cc535d98e07,3eeadefd-753a-4d24-b1d2-b836e5b1559d,005378c7-8d3a-4fe2-8cee-bdff4be6f79e,d5513428-1178-48da-b0dc-5669b75f1db4,89893cb9-4a21-42d4-a54d-3c041e429d92,0206509a-79ee-456f-ae83-9024207c66d7,19bdf476-2e3d-4c6d-9a7e-a28a36a1d7b4,236b3333-58a5-4750-b2ca-3815c98c6637,15f13a7c-3663-42a3-8266-28eb0d68cc7e;40d98c74-4a1e-4e49-a133-9c7ec1c5a9ad;2469ba5d-8a2c-4349-b38d-227be4d8eb2b;d7ab7900-7e00-42a9-8170-075acef1198d;a7188f5c-6548-490c-9bca-ef94a3d0878a,ea28cf3e-d805-4e9d-af09-9fad9c5b9e4e,9bd48cf8-3636-406d-88f1-4a9495b4b53f,406316e5-077d-439d-a671-4736c866428a,b78e026f-ef41-4b6e-abb0-6e6d0428a5fe,cb70e72f-c7bf-4ee6-b17d-3479d7e07662,bd8234a0-a5d1-40d2-b2ab-ba459b2513f3,9482f8ac-370b-4792-bb3c-4f88efbf8b9f,5ef73f97-2fba-48ef-a8c7-a5e4acccdccd,3477549d-6253-48b3-a14e-6bfcace8d5c5;ce367cea-e695-496d-9d03-3af538ea5410,f8727bf3-8492-4ab5-ad5b-030bd857aae7,d0b244a4-6f47-4ad2-b356-840e99ffdb08,4a59a7db-a082-4ff7-b5c4-43ee54610a8c,1b75a2f8-66c4-46d6-a99c-1e2afaaa6104,498fff3e-190d-410a-b8e5-ae0d9b402f34,2cb18e18-d93e-4048-b44b-cbff2f545331;;en;112;1900000;;;/film/Dorian+Gray-2009-483446;tt1235124;0;0;0;0;0;30449;28447;10011;3298;3099;1649;0;0;0;0;0;0;0;0;0;0;0;0;0;0;18088;18704;5792;1731;2090;1158;0;0;0;0;0;0;0;0;0;76953
484;2bdd1df6-4489-458b-9a5c-5de44ecf1c43;2010-04-23;2010-03-17;Dorwać byłą;57366ac3-c349-4e55-ad5d-6f8061179e88;;b6fc702b-ad51-48a9-9c69-cb65c5d48257,23c3f727-f910-4be8-80ee-9202732acd21,d5deb6e8-4e70-401b-9f92-2fb7e6d66726,3b9431fe-8b2e-4fd9-8b01-c15cb7471d99,1824bb0e-b558-477f-a4ac-60de7c10fc51,f7569661-45e3-4e2b-a180-41334f25ab14,eb7ad4ca-6353-43c2-8936-50d6a13862bb,cf6ebe4c-7b96-4b10-b182-09784c980ce6;beb03ab5-9002-48ab-9188-d6df2852f187;f44346b1-d6b2-41b4-876f-1b6682aad3ab;08207260-b7d9-4f0b-9b8c-5d1b597be69d;866e7ff8-058a-47b4-8bff-f4eaa9ee3253,60dbd756-71f2-4180-ad78-42304feb9294,294a554b-5b6a-415b-afc2-cf28729ddcbd,a93077f3-a4ef-468c-a7fc-3d67aff98dc7,b100a68e-bb87-4d80-9d0f-f5c2142f5733;226bcf6d-8cdd-4700-b0c4-d629c8ebf5ba,d46944c5-c8e8-4c0c-8cb8-1ec7eee0689d,79e0b04f-6b1c-432c-86be-38c51893b665,2378206c-5e13-43e5-9f03-48370d9d5ed1;dcbf781d-54a3-4734-9b69-a7e119d59fa5;;111;40000000;;;/film/Dorwa%C4%87+by%C5%82%C4%85-2010-543829;;0;0;0;0;0;42367;43206;22033;11042;3131;1876;0;0;0;0;0;0;0;0;0;0;0;0;0;0;23687;20270;13418;6894;2193;938;0;0;0;0;0;0;0;0;0;123655
485;b2a2bf7c-8b1c-4d3e-8c9d-3e8b0e252d0c;2018-04-27;2017-09-22;Dorwać Gunthera;d34b4e2c-74ce-42ab-b438-86fbbdcaee15,57366ac3-c349-4e55-ad5d-6f8061179e88;54;1322bb36-aa95-4d13-b088-9c9afc3401c5,f2985999-4434-4cfa-8d1e-fc3750a18ddc,9ea377fb-5d00-4262-add4-b6d87dd0956b,f5e0bca6-0b2d-40be-abbb-ba92cf724d5d,f7074111-211d-4db0-ae52-15aef7b1e242,0f229a42-8541-491a-ad3f-2412ad33d336,b1ec764a-1748-485a-b529-c1497947dde7,045a8031-837b-4cc5-9db9-3aa94901d571,ec9a8c94-615a-4693-95f0-0492cf34eb3e,e541c717-d2e5-42d0-a80c-10348d01b516,db87b0fb-6490-4f7a-a2e7-16239585ded1,ba384efb-1164-459f-a916-5668b2c5a373,e7113a0b-180b-49c0-8f54-952597b13646,3bb8124c-b3c6-4cbc-b964-24dab79ca7c1,8e876dfe-2a48-457f-929f-f66bbca363d3,bfd4e8a0-38b1-4a2c-b66f-60a771b580c5,be80fa0a-b9fe-4557-a77b-88a95e54603d;1322bb36-aa95-4d13-b088-9c9afc3401c5;3818290e-ccde-41b9-b95c-e215764110b7;1322bb36-aa95-4d13-b088-9c9afc3401c5;44af5e38-7d22-4ffe-8b18-ff7ace32e15e,1322bb36-aa95-4d13-b088-9c9afc3401c5,50c81262-d668-4b33-bc55-f4fa530ab778,b076acca-e651-4513-9d0b-738cd7e6db65,3f57f470-a376-4407-abaa-80a1c19968c9,605cfabe-24ce-4a07-96c9-07ee37cc4b0d,62740d33-abe3-43f0-b050-599f28413b26,7e7953fe-2414-412c-83fd-ca0d324cbde5,59c8b587-d549-4986-87a4-fa9bbbf540a8,8ffe4392-5700-4eff-9694-f2ab201de4df,bcd8cf82-443c-43ae-b807-f9dd09952b8d,1af4b67f-7a6b-46e8-b7c9-562ae157e8c0,859d57ab-469a-450f-ba53-2a54b71619d6,74f9c6a5-1816-45cc-b047-d6d2bd27f653,93e73c0b-7f09-491b-b010-42a1f4bf604a,aeb01d1e-b250-44a4-b527-7a6e45e00f41,55130238-835b-426f-a074-91aa5446d040,c0a76244-5476-4ef8-b3af-8cff88d72425;9083b2e1-d808-4cdf-a10d-64403f037add,2b850333-f1e7-4fc9-9a2f-9617c40cb220;dcbf781d-54a3-4734-9b69-a7e119d59fa5;en,de,es;93;300000;;;/film/Dorwa%C4%87+Gunthera-2017-774904;tt5689068;0;0;0;0;0;2029;780;26;21;0;0;0;0;0;0;0;0;0;0;0;0;0;0;0;0;957;386;7;20;0;0;0;0;0;0;0;0;0;0;0;2856
486;b2a478cb-05b9-43e3-8549-bda84def0ac0;2012-05-11;2012-03-15;Dorwać gringo;f0506edd-d123-41d3-ad36-1d31a8bb23b8,d34b4e2c-74ce-42ab-b438-86fbbdcaee15;;817af4b5-6bba-46a7-a3e9-efdfdd8b7a3f,6d09b611-7ae0-4f3a-aa68-2917b1a2049f,5715ae29-c1fd-459c-925e-bef5fb03ba85,6f79e192-ad67-4011-a16e-1e7d32180cb6,bb2e47bc-fc45-44a8-912f-a6aa0723c07d,c303349d-7f39-40ec-b8b2-8b14dc72413e,b4763b5c-8e51-4ffd-9860-72e3f28c942a,7fded2fd-8149-4b05-9435-a3cb79104a3c,50ab297d-c77a-4d7a-80ce-f0c6750bd9e8,c4aac9e9-9575-4b0d-a1f7-35a1a4cf9d09,2f10b256-002e-4bdd-84ac-3beaacfb4a5e,62d90817-e36e-412f-9de6-2a557584e4d3,6724a9ad-9da4-49a2-bd87-efe01b8cf37e,851de830-ea6c-45de-8f76-23a051e281b1,2fc228a0-8012-4be7-bd86-40c416ced195,dbab0925-f031-4c9a-a365-50555be9b4f7,a0f3b82a-91f0-4161-b330-5b0d10a65f15;0ec46f31-e4fc-4685-ab5a-98c4cf8ca3bd;6dc7f7ed-6e1c-485f-ace0-6547ecb1abd2;817af4b5-6bba-46a7-a3e9-efdfdd8b7a3f,54101df6-4aeb-4c08-9a8d-30619eed88ab,0ec46f31-e4fc-4685-ab5a-98c4cf8ca3bd;817af4b5-6bba-46a7-a3e9-efdfdd8b7a3f,5544a9d1-3761-430f-8f34-bf14a6442ddf,fa7cc6f7-80c0-4b2c-aad1-972360c2c39c,54101df6-4aeb-4c08-9a8d-30619eed88ab,339fabc1-bcc4-4f5c-bd2c-db36fba443d2,c7f2ab1e-f98c-489c-99e0-7140112a7492,2c8b0874-0927-425c-a349-0358fa8741a9,6d690755-a6a9-4560-a3b9-9c2b458887bd;52014c14-9f8c-4845-8065-4327a38821b3,a9edd432-c19b-4404-9285-7a53047f0fb4;dcbf781d-54a3-4734-9b69-a7e119d59fa5;en,es;97;20000000;;;/film/Dorwa%C4%87+gringo-2012-555349;tt1567609;0;0;0;0;0;28466;8969;2444;385;384;385;0;0;0;0;0;0;0;0;0;0;0;0;0;0;17394;5018;1209;193;193;193;0;0;0;0;0;0;0;0;0;41033
487;1c4ca301-3f91-4daf-b231-6c2400d0f770;2018-10-05;2018-03-15;Dotknij nieba;c411b135-0438-40c3-aa2b-88f7c4192e16,36a330ff-bd5d-4a0e-b74c-8a0d4473b778,f0506edd-d123-41d3-ad36-1d31a8bb23b8;;dd260217-b249-405d-883a-164c2fe41df9,e92b324f-ae43-4ad9-90fe-ee8b04637251,b7d70a51-19e2-4741-ad6a-34e3d2e38668,2697f051-0974-41c6-b095-c39d9cd0a2d7,e527317b-947d-42c9-85ee-879b0492919d,f671750f-9adb-4ea0-9a51-9e411ac715ac,656a51ec-27bf-40f9-9ec4-28bb78e413de,739a536f-db54-4134-90e1-c8783938f9f0,be74c8c0-e807-4425-9cb6-579c7e134c49,62c7c1a1-1b48-42c6-9a90-1c156bbff52a,12f9f1bf-12de-4258-8b3c-132305c678ef,216200b2-0a8b-4e08-8393-5ecdb5b5d8ec,e1ed758d-dbad-4495-b1e6-9520f8aebcfe,0e732d79-18af-494f-a02c-982bb1ff5e49,f21ebeed-e69b-4e7c-85e5-18a3820b0fc2,83288f26-394e-40d3-b340-d925f09f3194;eb07b932-d49e-4e4b-aeb6-6022423c4001,f904892c-eb31-4a3d-938e-a386eac5fec4;e71270d1-d648-42e8-b1cd-58315299e461;f904892c-eb31-4a3d-938e-a386eac5fec4,fed1445e-930b-43cd-8e04-2e1fa165b9cc;91d9c709-6ee7-4a17-b9a7-5faed6d89572,09289ee1-ad0c-4b11-9616-608a081ea47f,ac13269f-b480-4822-8b26-dcb501e8dd4e,2e0d27d3-4067-461a-96da-82d4ff44f0a5,8764c28e-1068-49b3-a635-040cde8fdf95,df2a0015-adf3-409b-87f1-54db7446587a,de5965cd-4dbe-4483-9c91-6dd400cd4631,d89c5e6f-f3ce-4740-b853-4b2e22346b6c,6c274615-cbac-4c83-987d-65263f0e4aa5,0547f8c5-7d27-464d-88f1-5b954c679510,744caffd-34a6-4113-b385-c4a8aa22ec0f,fedf9209-d4e3-47fc-93da-b41b90724080,4d981e00-36ba-43a9-9f4f-21fe0fbbfd3a,d482f104-3303-44b1-afe7-68bcf7390753,93489901-5b53-437d-8df8-1665a945f6cb;e119d5b8-f1f6-4755-82fe-cc1a2c9a568e,12c1e308-72e9-4695-8d7c-0cf75acaa083,5b1a6ac4-9669-43f0-96df-4c4abbb9f12b;dcbf781d-54a3-4734-9b69-a7e119d59fa5;en;110;7000000;;;/film/Dotknij+nieba-2018-792660;tt6450186;0;0;0;0;0;6622;2476;1244;1243;547;547;0;0;0;0;0;0;0;0;0;0;0;0;0;0;2783;1071;622;622;274;274;0;0;0;0;0;0;0;0;0;12679
488;d21227ab-b841-456c-8da1-57c5bc794586;2019-01-18;2018-02-17;Dowłatow;36a330ff-bd5d-4a0e-b74c-8a0d4473b778,f0506edd-d123-41d3-ad36-1d31a8bb23b8;63;c35f5de8-d5a0-4cc1-b9d6-8477f26c3849,92c3457c-d0a0-4a63-810f-55496909cffd,c15fe28b-c18a-4a49-beea-a07409fd9146,185d853d-07ff-4c84-abe9-09bf707bac4a,62684f05-adff-466f-9e80-88d2f8d82d7f,3da795dd-d75f-48ae-94e2-62851a795657,8c147afd-5378-4c08-8364-73592ce0fdbd,e2db133e-3bd0-4686-b5cd-ff62b7aa4740,f6fd2b2b-2352-4f99-9c6b-6ceb23a5ce0c,fe963c4c-2a4b-419b-b83f-868c5f5b2aff,43eee10e-33fc-4981-802e-e27d71c93f21,6a33bfc1-f9b0-4317-9eb2-200d9ce5892c,a86a80f5-a258-4d87-8a2f-44b5471f4da9;00b4affb-662f-49b4-8ed6-6888ef691ab8;d5e669d1-f258-4ce4-b22a-1c5360abb0d4;00b4affb-662f-49b4-8ed6-6888ef691ab8,783008e1-ac79-424f-bea4-1107777284b6;c2ce38fd-b801-4600-96e8-3733e29d0365,137dbdf7-f7a1-4848-aa27-7c4ef5b58a13,0aadfb28-8237-4af3-8dce-08ece5623080,03f5bda2-678b-46ea-a3b2-936aaeea3657,6e7bec3e-24a1-42da-8d58-313c0d114160,51a23256-e9b1-4d28-89a0-e1b8f54dd989,76d9483e-7023-444f-9e1a-edcb895dee9a,a9e885b3-6938-4952-892d-eff94599fccd,691d80d3-8709-4ca7-a62d-727a1e4a665e,5a551e59-c37b-4c77-885c-7203fe9f2b5d,e089b6b7-7faf-4ac8-8aea-1d7c43550e2d,e1bba2c4-abe2-449a-84da-72c0dca8436f;72dca9a5-6ef1-4050-acb1-e389ad1cc044,4d6e8092-36b5-4ee4-ae4d-9fe690440d18,9ae5bb95-b1c0-4903-b431-5a1696cfe062,625527d3-d86e-4686-b24c-2770b7c89f95,6622b8ee-a9f5-4fa5-915c-9ca205dd8cd8,654aae97-721a-4900-96da-80cafe5929c8;c29315d3-7743-480d-ba69-783e11af73bf,eee80e4c-8c23-485b-a66e-144e6dea129d;ru,es,fi;126;1000000;;;/film/Dow%C5%82atow-2018-803522;tt7763020;0;0;0;0;0;184;63;118;11;0;0;0;0;0;0;0;0;0;0;0;0;0;0;0;0;99;28;78;11;0;0;0;0;0;0;0;0;0;0;0;376
489;f385f018-2cfb-458e-85b1-8849f6ad3732;2013-12-06;2013-05-17;Dotyk grzechu;f0506edd-d123-41d3-ad36-1d31a8bb23b8;;71b6fa7d-bdf3-4867-ae26-06bbafe42deb,3a01abac-80f4-49fe-af18-d331ebfaf644,c95d5f4b-0e54-4399-a1d9-7df77f9a7f09,1362953e-bd44-4872-bbb8-6d66a8dd50af,f5418317-8f98-46cc-a235-59798bd3c84f,866ca9bd-05a7-477b-84de-cfdf02fa6817,bd7cba82-a149-4998-8c64-5efb1ea10704,34d21f79-0842-46f5-a384-340c98f1cbb1,051adaab-5002-4e14-b5b3-98b1cb28472b,26d04190-f845-4763-a718-8cf771fc906a;a40d796c-adf3-4b1e-afb6-8a6091331150;f13023fd-efc3-43af-98c6-50964c66c585;a40d796c-adf3-4b1e-afb6-8a6091331150;a40d796c-adf3-4b1e-afb6-8a6091331150,abe3e225-5eec-4927-a719-23194cb8d895,236d5643-90cf-4b81-82f9-117264cdc46a,cac5b53f-e8c2-4cf9-8af0-cba006007e6c,40a66920-2e51-4d7f-8c8e-79dbc79ffc95,33c70ddb-2185-46fa-99fe-08c5392574ec,6afc3398-a7b6-403b-b15d-5e9eef1e5355,45e4ad26-7d2f-43c4-abe3-7fd44b0369f1,aba7b129-3449-4797-becb-98d6d95d3369,1761f052-a209-42ca-b39f-2b9f0027d2d8,4dab657c-60d7-430e-b39e-1bee87d24d95,e02397eb-3402-48e2-ad57-3f716f517da9;942ac310-da55-4e51-9b29-cb2a8bc24d8e,d6ae9f2f-c284-4b1c-970f-959f1d24f3b2,2772e962-d94f-4374-bac0-2e73be52f910;270542da-ad6a-4404-8f03-01fd73a4c545,51d9043b-068a-4a31-a0fb-74719a5a6a11;cmn,yue,en;133;1000000;;;/film/Dotyk+grzechu-2013-684328;tt2852400;0;0;0;0;0;595;595;595;595;0;0;0;0;0;0;0;0;0;0;0;0;0;0;0;0;298;298;298;298;0;0;0;0;0;0;0;0;0;0;0;2380
490;1b453b0b-6ee2-46b7-bbd6-773bc83a7b1f;2019-09-13;2019-09-12;Downton Abbey;f0506edd-d123-41d3-ad36-1d31a8bb23b8,d33826ab-c38d-47eb-aeb2-db999473a128;269;ed06acb7-2ad7-4b66-ab89-06acc5025401,3d04cc1f-e890-4530-a573-e530ff67d4bc,8531b3bd-9b92-4f54-8adf-c526709b3a3a,faf7197c-e94d-46a3-9893-046c5f2e1480,0f37d1b8-7064-4a26-9a6a-6acc19c99237,add4e8d3-e23f-4241-9402-25db93e4c10c,72370fa2-0744-4a79-949e-334d8fb50ce3,f714903b-1c85-4ffd-93cf-7379a0f63bb9,9e3527d2-b1fa-4d30-9696-6db3b8a5efec,24a5db0f-5da6-4ac5-8d00-2fb86499b6cd,dbfc2bf5-76d8-4bac-87c7-609d0356f787,1fed0b64-fb9a-4c73-8bea-53bbc7af7650,62e6da70-1d79-495b-9f11-b04d4c1d2500,21720365-03ec-4230-9afb-d969807679b4,b68ccd54-f237-4d43-8b99-79d1d9ec340d,064ec606-782b-4b7d-b646-d51d0181d250,51309804-de99-41db-9ab9-e908e0d0f0f8,e00018d2-6e02-49d9-ab79-4d2bb0f7a923;787e347c-add1-4dbc-84e0-e31e87020ee9;f44346b1-d6b2-41b4-876f-1b6682aad3ab;38d20364-4ff3-4b0d-bdd4-c0a3f402d6f7;38d20364-4ff3-4b0d-bdd4-c0a3f402d6f7,d1df5186-9c56-403e-a68b-ac0ebea1cffa,a1ef00fa-438d-4456-acdb-ea865a9bd31a,caccb130-d9a1-40c1-80c0-3dabb54b5bb6,24c1e977-c8cf-4a7d-a868-9ee78f684713,07e04c5c-bedc-4f68-8cb6-099a78179b41;19738c26-face-45be-998b-e2b99de2c47b,873900e8-cf64-478e-a209-6b61839d4a74,8b0bad92-76de-47bf-bda0-396b09f9f401;dcbf781d-54a3-4734-9b69-a7e119d59fa5,270542da-ad6a-4404-8f03-01fd73a4c545;en;122;13000000;;;/film/Downton+Abbey-2019-817045;tt6398184;0;0;0;0;0;31736;18299;10289;5111;1355;0;0;0;0;0;0;0;0;0;0;0;0;0;0;0;16138;9241;5262;3011;862;0;0;0;0;0;0;0;0;0;0;66790
491;51eadd5d-83ae-4089-bfb7-20c23d2a8b08;2014-10-17;2014-09-30;Dracula: Historia nieznana;45434b4d-8a1e-4d0b-8fce-cd849ae707e0,d31939d6-e42e-40f4-8e25-f18e47a1e035;;d0dc476b-649b-4cf6-9e9e-7cc98646f353,8b944ee0-263b-4a58-83b5-dd27e12e1644,f9047b18-5dcc-4e15-91df-939fec9dd96c,bdaac4c1-0996-48fc-a55b-5d9e1f56fa20,abfbfea6-cc12-49bc-9894-133343691f37,d7fd8c1f-1d36-4126-b028-f962949f90d9,fec6fe4b-e2e8-41a8-b5e4-efacb82c7b77,e7c0cc31-4146-4361-91c5-0bdfcb9ba9e3,be9ff3e2-dca1-41a7-a85a-a20d38ba1ba2,0e9d8cc4-239b-44a8-9d72-4442fa21f8f3,a9c8ef40-a799-47f0-8c26-b20a668a5740,1e5e47cf-6f5b-424c-9a80-bd3b041adb3b,85118d27-30af-4c8c-89b0-9f00488d1568,5a172f21-65db-4821-8d8e-fa97a89a17cf,5d37703f-f416-4b3a-a1df-e974d94ab54e,a70de905-ba59-4461-95f7-1e0f6b55dc1b;097148a0-673d-4409-8b70-40aa5bc3bfb1;f44346b1-d6b2-41b4-876f-1b6682aad3ab;bc736191-487c-43d1-8138-4c333ced5d45,d7137ac5-9e5d-472d-83bf-2d69bacd4538;2a666871-1b59-4cbb-8048-42ae24d5997d,2f298cba-9c0d-49b7-8ebf-a4af22a6c75a,38a5a6ae-dec0-4df6-a25a-d0061388cf77,aa382790-f5f6-4ccc-b227-a943bceb7ae0,4f33ff9a-1d61-4c14-8265-9497e6742ee6;f8cf0dda-8075-406c-a8f6-4a3f49d7cba7,e5886614-70b7-4297-b71e-0ed0cd8b40a7,c8752487-df31-4cf5-b2d6-11744e5ced20,cb7f3956-be1c-4b0b-9fe5-c06fba076b8b,35d5222c-c4b8-48d6-ad5f-7b094f0d07ed;dcbf781d-54a3-4734-9b69-a7e119d59fa5;en,tr;92;70000000;;;/film/Dracula%3A+Historia+nieznana-2014-684356;tt0829150;0;0;0;0;0;94494;46371;26593;10318;2398;323;0;0;0;0;0;0;0;0;0;0;0;0;0;0;61575;29121;16247;5665;1946;162;0;0;0;0;0;0;0;0;0;180497
492;71c6cd32-6c12-4244-ac54-74c0610df1db;2018-07-13;2018-07-05;Drapacz chmur;d34b4e2c-74ce-42ab-b438-86fbbdcaee15;;4ea57458-1d9b-48a1-bb87-1cdf72aacaae,87dde03a-97e1-42fd-b3e1-8602b438926e,aea419c2-1cc2-4d4c-86fd-dd6a4582da03,3f4a6ea2-9a9a-4bfa-95c4-48247317a721,e1ce5789-d853-46c3-b704-44f481b66304,aacb8baf-e835-47f0-aa5b-660e06a902f3,c901cdd6-479e-4530-9c67-c29f880ea3f7,4b90627d-4d41-4445-98e7-deb05209d336,775235c2-488e-4509-afff-381308c14fb6,ff5f2c56-e123-46c5-b5b4-b5d4326f3253,e646b6c9-c6b7-4807-9d47-7480dbe23d07,6c68d673-a9ec-4ad3-af0d-4b434e48bcb4,356e9fd7-7579-4bd6-9a5f-00bdc0829059,f77143fa-a263-4043-8448-f4b3c2ee7cf8,a1a6d07e-f5b4-4dc1-958f-51001879793c,5aee883b-5150-4d33-81e9-fb4998d084c6,64eb4005-838b-4e27-b3ee-854775321428,269d891c-985e-44b8-b2e0-20f0cb21f0e3;9904ff15-dd9d-43a9-a376-45fe6cb0038d;f44346b1-d6b2-41b4-876f-1b6682aad3ab;9904ff15-dd9d-43a9-a376-45fe6cb0038d;4ea57458-1d9b-48a1-bb87-1cdf72aacaae,d783053c-99cd-42c9-b71e-cb85f6657c8b,d1d54ee4-3503-4a41-8449-b21b366dd6a5,9904ff15-dd9d-43a9-a376-45fe6cb0038d,17db57ff-ec82-4296-8d33-699308cd5f87,7ca573b1-6c0a-4cfa-8a5e-7d537b7c348d,70dd7128-af8c-4188-a9b2-031378c3b52e,86213594-85b3-43c4-8e95-392a7e6f0971,97f4f748-298f-456a-a68e-de94848229b7,d2be080e-8ddb-4072-8853-659a514285f7,ada94b99-90c4-4bcd-905b-69b4c21ef501,851040fa-518c-4a50-b2ef-a00503159e78,0299190b-c201-4bdb-b4c1-29ba6b03cde1;6a529c37-d3d3-425f-b63c-91fc89b2fef2,f8cf0dda-8075-406c-a8f6-4a3f49d7cba7;dcbf781d-54a3-4734-9b69-a7e119d59fa5;en,yue,cmn;102;125000000;;;/film/Drapacz+chmur-2018-795910;tt5758778;0;0;0;0;0;71102;34440;21433;9413;4651;558;0;0;0;0;0;0;0;0;0;0;0;0;0;0;34330;16949;10403;4339;2440;255;0;0;0;0;0;0;0;0;0;141597
493;e4bfff25-1a25-4d1a-b4ad-a4deeeeeedb9;2012-05-11;2011-09-15;Drapacz chmur;f0506edd-d123-41d3-ad36-1d31a8bb23b8,57366ac3-c349-4e55-ad5d-6f8061179e88,2cc23d9c-a2c5-43ad-8ff3-747de8e71b80;;f04dc523-d8db-4276-a514-5a58a4fc07b4,ce833552-3385-4b53-9b68-352ac83370dc,dd8144cc-8512-422e-8030-7ac73053dbfc,4d3306af-4875-4b5d-bda6-838042df8f5c,32d23e71-4af2-43f9-94ad-6e1f7c8155bd,256b7cde-cb0d-407a-88e7-8bd4f4e5a5b3,775026c7-c5b2-46aa-98ce-1f878dedbb55,e2742075-f83c-4fa9-8f1f-2ebeaf5f1180,8b377237-59cf-4fc3-994b-27a7bc9be4a2,a47a3eb6-051e-4377-82e2-3ad69e8bc825,d99dc912-4fef-434d-aa9c-1e02ddedc600,d6ae52fd-4aa1-4fac-bc73-6f11fe7fab07,515e6f24-31d7-4cf2-8f3b-dcf9e2ebb89a,e2787005-0a23-471a-8864-c637e4d9ab1d,24713739-044e-4e2b-9790-7dccd8bb99db,4229aa2c-e448-4375-88cb-9e1bca657358,c1fc6cd5-abf2-4bcd-aead-4753f44fa992;048c3f7e-bccf-4cac-b9a9-de1831992a71;f4b55c4c-9fd2-4c03-94c8-94c595093805;048c3f7e-bccf-4cac-b9a9-de1831992a71;8b698fb7-6415-469c-b4ef-3821c4d522a3,a8b903a3-57f8-41ab-b0df-b37650ef63b9;3283a028-b189-4dd7-b934-be01564ba6a8,1e753182-5f23-43e0-9e3f-5c11cc518cfc;1b7463ea-f722-4147-a4b2-261b08bede20;da;90;3000000;;;/film/Drapacz+chmur-2011-558602;tt1699233;0;0;0;0;0;0;0;0;0;0;0;0;0;0;0;0;0;0;0;0;0;0;0;0;0;0;0;0;0;0;0;0;0;0;0;0;0;0;0;0;0
494;736df9bb-8c94-49f2-9045-d25326d977e7;2012-09-28;2012-07-11;Dredd;d34b4e2c-74ce-42ab-b438-86fbbdcaee15,6a5af1f4-128c-4ca8-960d-3f0f36d29764;;ca35b74b-3c9a-43e9-895c-0e39fa42272c,5026bf6f-bf20-460c-93c2-879f6012e36a,bb02289f-95f9-4dd4-8790-20938962f53f,b56c614b-4ef4-4eee-aa2a-f780ced820e0,0c26f451-47be-47a9-b183-9319c4537453,e6b3da9c-c05f-4509-8aee-5baa96922334,8c08e15b-df28-4740-a68f-a501fb3db3a2,48b42690-79b5-4d47-81ff-060faa645bf0;25192318-a118-4911-b51b-1416b5f9cf03;6dc7f7ed-6e1c-485f-ace0-6547ecb1abd2;ccd8cd67-b7ba-44ec-82eb-e940288289cd;8da233ef-6cc9-40a2-8271-8df0471ca392,ccd8cd67-b7ba-44ec-82eb-e940288289cd,e12443a9-791b-406c-ab9e-d7839df9771a,d7a6c8cc-6819-400c-8bb7-3ec196e7b612,be2ee4a1-ea7f-49ed-b2f4-fc6c35d1b0d2,f7cb3a19-2bc9-4c47-bbe6-34b2fd0ec488,33eeb4d4-c6ea-4245-bb7c-92207de1bc34,114476f6-db4f-4467-8a98-ef3633f42075,28775e66-cdc7-4929-931d-f43bca3f4543,ff5b8e28-f59b-4eb3-9b40-7c65a15b1177,5db01ae5-bbbf-4400-9e04-a97bb1b702b0;59f86ebc-e639-4306-ab1b-1045fca19024,78882916-95eb-446b-ac2b-e66745b8d258,eb351283-eeea-4e93-88ab-2b2c0438daf8,e6dbf57a-ce27-4155-b322-d4ea8b29a6ef,dfb99da9-3a0a-4d41-8a0f-b407348ef7f7,d68626dc-e889-4d0e-809d-84bf8b1f9c40,0fea6e31-3a7e-48d3-a4fe-78d97631d14b;dcbf781d-54a3-4734-9b69-a7e119d59fa5,203b1bdc-e7e1-4cb8-a3aa-d40b824fb902,ff8fb8e4-4f80-44e9-a945-559e886a9a80;;95;50000000;;;/film/Dredd-2012-504129;;0;0;0;0;0;14398;6708;464;464;464;33;0;0;0;0;0;0;0;0;0;0;0;0;0;0;8143;3532;232;232;232;17;0;0;0;0;0;0;0;0;0;22531
495;db392c7e-2139-4924-956c-f81fec92ed9c;2011-09-16;2011-05-20;Drive;d34b4e2c-74ce-42ab-b438-86fbbdcaee15;;d6d2ad54-1091-4a8f-a7ea-3a5f7cfd1886,2fe1a015-22c2-4e6d-9499-76847b827cfb,8c0d1c5c-66c6-4a79-87ca-5ed864acfd58,9a48aba5-ec93-4a66-9c90-13a22d931952,cbe5534e-e19b-4f1f-add8-cd31c33b8158,58a4e155-6361-4c0d-a740-2aa6428041df,26ecd1bf-f797-4879-91b2-573f12066637,4e397a8f-2c9f-4a3a-8364-a71d39139bbf;56f1f220-c3eb-4cef-8406-e9273564612f;6f1e0b01-00d1-4844-9c68-e9d65479cb3d;79692d41-ca61-4e9b-bbc6-ff66bbfe8fd0;b1ff0238-a341-464d-ad81-6f947094d02e,58111a4b-7b9f-4441-a650-17f58afc367c,dee29595-70d4-4671-b130-b317e230f8be,94626bc2-cacd-4614-bdef-bd9798efe027,f21719a0-899a-4740-9c59-e4792da709cb,5eb0c658-5fc5-4a76-93e3-7c0ae1dde166,64dc7dff-962c-4cf9-9f11-bc27b622ade4,1ae55813-e5a3-4004-8118-4c5871220f7e,b58f007f-e4c8-4750-8b46-9f0c4395a668,6a9ec2af-5d70-4e9a-9c67-6c655726df19,4ccac750-902f-4cc9-8f67-ff8b9fa2b0a2,a8acbd69-632b-4e3b-869f-b38fdd8dd89b,cbb65777-8d0b-4b83-ae87-83f22a4dae1e,e26f544a-4027-4171-a202-0b8bc73befb5,83762b4b-8530-422c-906f-8f09c7139cfe,36936170-e99e-4fbc-ab45-dec22c1a6d34;ac86177f-ae1a-4c9a-9642-48f43124ef9b,03dac7c1-16bb-499d-a850-f23056c78b65,535b50f0-4f89-4a81-a5c6-d887e8348121,8cae04b2-729e-4809-8b96-93e45964c845,bb0f5f29-299d-4113-962c-ca2bfec150b6,2f8818bd-79a5-4b53-9511-cad77a86a5f8;dcbf781d-54a3-4734-9b69-a7e119d59fa5;;100;15000000;;;/film/Drive-2011-399746;;0;0;0;0;0;49979;32031;22059;18940;7736;3825;0;0;0;0;0;0;0;0;0;0;0;0;0;0;28492;18446;12971;12106;4721;2489;0;0;0;0;0;0;0;0;0;134570
496;37ff878d-d592-49a5-a7c4-126fabfb02d7;2014-06-06;2014-05-26;Drive Hard;57366ac3-c349-4e55-ad5d-6f8061179e88,d34b4e2c-74ce-42ab-b438-86fbbdcaee15;;b93c18d6-d313-4426-986e-632de88b9f1f,3801af98-12ee-4e0b-9aea-c08558ace239,7d033659-215f-43bf-bc92-ac7b539193de,ee479df0-166b-4cdd-a638-61dddd3b1344,4545f909-5f13-4158-937c-2f54553fcb1d,9573eb5c-425b-4c11-87a1-523520f2dd5c,6b50b24f-5ddf-4986-8808-53779c9eb086,38ec2143-8eed-4568-bc4a-e75f7a556d35,988314f6-28b7-483e-a7c1-6c1bf9b837e6,af17a46e-bd3a-4060-84a3-ca241e04866c,3eb69883-519a-42ed-be86-5565890209ff,3327fe11-8598-405e-981a-4ba1ddc19410,55b5a35b-ecaf-4ffa-81d8-e0a59cb12357,54557495-29c1-40d7-9bc6-298a93f1d0f7,e57b1c03-5d68-4dc9-9042-2bc5a91d7e9f,bb9ce3b4-7e48-44f2-a445-164f6c87ada5,3d03e153-4665-4b65-8b44-6d1c7b100024;8cd29e36-7bff-42ec-81ab-61cceff3c143;e71270d1-d648-42e8-b1cd-58315299e461;dddcf289-7e6d-46c0-8487-becec070ad9d,8cd29e36-7bff-42ec-81ab-61cceff3c143,99d96d2f-a213-49c2-af2e-1c165b5cdb6b,bfde2cec-7a9e-4e75-ae13-686c49b8ed30;7759d061-9a52-4e7c-a486-88732cde495a,a952596d-f6ad-4fda-beca-7dfb83f6f3df,32a60ed7-8d7c-4ab4-a52c-1c03076c0dd1,7fb100a4-0edb-4927-b1d3-71277fd00c61,5e2c532f-22b3-4799-a0ff-609f5b1c4b51,1d65c56e-2de7-4de1-ac4c-a6dc54c6a2ef,132b1c0a-f733-4bb8-87a4-caa70e07ea32,446ada38-eb62-45ab-b829-a400e76d2e81,0395c41d-8ad8-453d-879c-b60ac3392166,aedab4d6-a1c5-4645-bd78-358df9e04297,2f581b74-1ba4-47c8-833f-bbbc5af37352,cd9f85ab-fc54-453d-8606-78a798f951ee,f454b56b-1ab2-490f-9426-bef4fae02e50,95e28ab0-d0f4-4f1b-ac51-e6df0985ce9d,3f05f067-ee85-45dd-84c8-1be77061bbd0,5f4ebe2f-fe96-4f51-8124-7971cf474bd5,235963a2-7dc5-4e48-a2ff-b97ed09da0e8;e5bb270f-883d-417b-b2b1-8085d9161a9f,55949d3f-632f-4706-9ecc-2155bf1e00c3;dcbf781d-54a3-4734-9b69-a7e119d59fa5,7bc66e23-af7a-4d1d-a72b-b745f9c430d4;en;92;10000000;;;/film/Drive+Hard-2014-693667;tt2968804;0;0;0;0;0;304;66;66;65;2;2;0;0;0;0;0;0;0;0;0;0;0;0;0;0;160;33;33;33;1;1;0;0;0;0;0;0;0;0;0;505
497;fdd3644f-b3d9-4369-9095-81b3d673dcdf;2017-11-17;2017-03-28;Droga Aszera;f0506edd-d123-41d3-ad36-1d31a8bb23b8;53;802f76c6-9a8e-4e77-b4ec-05d87f709d7c,83ff6c2a-8201-4b26-9b75-15cfc561d623,b59edb4a-cf47-4fe8-8c56-80372d6dac5c,abe3f295-2c64-480b-9ed4-d180982b146f,baf82da2-8c1a-4db8-aae1-5579b9972ff7;bef47c57-d3ec-4b24-8307-530c8405c83e;1886bb61-6185-44b0-849b-ed26b23b5074;bef47c57-d3ec-4b24-8307-530c8405c83e;d458c81e-09db-4a14-9f2b-d6579b70de7c,1890eaf2-f872-4bca-8790-c4488c95a972,0c84040f-7404-4b9b-b928-98ea9dc8938a,cfe5cb0f-9bf2-4ff7-9bdf-418df71e9880,37ca4227-67e8-4d7b-b419-a6860aa538f9,11c2d6f2-d1bb-41ba-b764-f61e5635abbf,3a0809b2-573a-4cac-9626-3fc7a6c3c83b;7ed60fef-e690-48b7-a194-f808f55b7e84,0dddacb4-e6b0-43f4-9023-13a37ea73fb0,5f2c3d88-0cd2-4a58-a909-17d9110f614f,86ad7177-a47b-46a5-ac3c-2d6582c6f3e4;84ba792c-d86a-49a2-96a2-05d3d744cddf,c29315d3-7743-480d-ba69-783e11af73bf;he;90;1000000;;;/film/Droga+Aszera-2017-787424;tt6253214;0;0;0;0;600;595;190;0;113;0;0;0;0;0;0;0;0;0;0;0;0;0;0;0;0;200;131;0;110;0;0;0;0;0;0;0;0;0;0;0;1498
498;b9e011d1-ee95-409d-928b-4bb6a1bf98c6;2013-04-26;2012-02-11;Droga do Hiszpanii;f0506edd-d123-41d3-ad36-1d31a8bb23b8;;398e72a6-4b10-43a3-8949-cf6af836c8db,7ec449f2-2637-4048-946a-0e96ff12acb2,10648fb4-a093-4639-89f6-a3ee7eec74a0,aa92f3ba-fb22-4a0e-9e8a-fe5e9e1d7836,17a6b62d-b84c-43fb-887b-8d428cb0096c,cd412feb-63cc-495e-b02b-9f986bd7a8dd,405e57ac-45bd-49fd-b689-b7df30560e95,69fb4a62-aa77-40f3-baf0-06bf50e9b64f,0bbb10a1-a4f5-43c8-95be-917cd7e6e659,b5a51bf0-5b52-4486-a682-dcfe1a8d412d,99c647ea-cecc-4032-a6bd-e2da095fe19a,98d47519-7fa2-4d2e-81f1-ef40c6b44a32,99b44b22-f490-4e25-9141-b09434d0d066;c315871f-88b7-4edd-a331-32abb09e3520;1886bb61-6185-44b0-849b-ed26b23b5074;c315871f-88b7-4edd-a331-32abb09e3520,d5a31806-86a2-4fff-8c4d-38247f9a9e94;bd29c98a-ac4c-401b-907f-0f136e511786,0e973839-ddca-4c2b-9370-ffec23a052c5,2b6379b3-423a-4b54-af8b-58b1eea87d0a,c33f05c3-3e2f-4542-881f-a016e2f87e11;93b428d2-fbb9-4f9e-9e19-dbbe1ce9423f,12ef38aa-4be0-4aac-873e-25c340bf50cd,74a76fa6-67f4-4dba-b93f-d4e931ccc29d,dc1aa9c3-fa70-40ea-bf3e-b930e8a3c35f,4f392abc-9ff0-4408-a1c1-ddbe5f15e6fb;e9d4935d-ff76-4487-b6fe-c098e0681f47;de;102;1000000;;;/film/Droga+do+Hiszpanii-2012-635506;tt1972761;0;0;0;0;0;902;214;76;77;76;77;0;0;0;0;0;0;0;0;0;0;0;0;0;0;668;157;38;38;38;38;0;0;0;0;0;0;0;0;0;1422
499;573442f3-a2d7-4854-9a95-13d3b820e8aa;2014-04-04;2013-09-06;Droga do zapomnienia;36a330ff-bd5d-4a0e-b74c-8a0d4473b778,f0506edd-d123-41d3-ad36-1d31a8bb23b8;;9e59a1e7-f155-442a-9922-c8ca7d6244ab,aa1d1463-0913-487f-9c60-ebd9ed6ce24e,4e2f4459-d5a8-4b03-a932-f9593c863599,bf0c0fc9-dfdc-4673-a12e-3b680f2237f8,f7ddb118-5b70-4aae-9e25-1a0332b6c6e8,ad0cc901-257d-4b90-ad67-25d554c9491f,6e1d1d46-660c-4347-a08a-158dafee8c10,7946840d-6538-45e4-8f5e-9d81a66a9ccc,587e2f78-e03b-43d1-9651-6f6e33f64c4e,fe6ee98d-8aea-4cbd-9521-f63711b77c59,11db6fc7-8385-4317-b6d8-5bd040220eef,1228181d-3772-483b-9cc7-a9ca5e2b89c6,8d561e90-cffa-4cca-9895-f4a9d39cf822,d3dc9194-7fb7-4d1c-bbbf-0614d8033ba3,66d5a39f-afb5-466a-9556-336caa061935,ff9845de-77e4-4daa-9efa-244de2664a46,6f6cc03c-baec-4618-8039-296e13bb7e31;34d71d2f-a5ef-4dd3-957e-56d2b64dd49c;34b67685-59b6-4f6e-b120-d5a4616fbe1c;27a085b6-970c-4b1c-bafb-f81c24d69fb6,83b5459a-f524-45d1-a934-20a4ba7b6687;897f76d4-7a00-462b-92d6-5f4bae41905b,3420309c-9eea-4fa0-89cc-ed2cdd28a2ad,83b5459a-f524-45d1-a934-20a4ba7b6687,2b665605-7087-4f74-b334-7dc87a9627ba,1fd67f74-9435-4a97-ba93-a1e07ca8bf25,12743dd1-ed36-4682-bcd7-75f6b34813a8,525d4f59-0385-40ad-8ef5-903eae11a74a,f17fa948-1291-47d0-a51f-c98d77c6159e,c73b18c9-bfa0-4c98-ac86-40513f28df28,1d004c3f-b771-4d79-b4da-fd9412cab0ab,4dfde2d8-09d8-4b53-9a83-1f4e64e09f22,8067c302-85d0-43cc-9867-dfaed4d59e24,514b4f11-1aa6-4f09-80ba-82e7081bc51f,bc2a0efd-1f9e-475f-a5fa-f3b38329bc52,3486559e-544a-4f76-b118-a186e20a40bc;f282c1c8-a6b9-4f35-b502-157a737b818b,3a0de740-d5f5-4a4b-b5ec-24c632e7ee54,1dbe8b5d-cf4c-4fda-8b37-a0649f561093,3536022a-4b32-4e4d-a4dd-d82f8b73b697,7e671f1d-40f1-4db1-8479-503d630e05a7,749765a4-ef65-4e17-a61f-2ed639755c2c;7bc66e23-af7a-4d1d-a72b-b745f9c430d4;en,ja;116;18000000;;;/film/Droga+do+zapomnienia-2013-633853;tt2058107;0;0;0;0;0;37413;23448;9868;9330;7673;1139;0;0;0;0;0;0;0;0;0;0;0;0;0;0;21598;13576;2455;4717;4612;919;0;0;0;0;0;0;0;0;0;88871
500;6a54a23b-b901-41d3-948d-a977adf2003e;2010-05-07;2010-05-07;DROGA DO RAJU;516495a0-f121-4086-9b59-41a2d17bd118;;b0e48c73-91ca-43d2-8d01-098680ba78c4,eda0c14a-ef66-4de8-b08f-6faa34d8e4ad,257285cb-47f4-4ac3-b794-1726e0c2c414,dbf2153c-64a7-4622-ba29-ccaa7073b036,99cdec3d-39c4-4d69-a9ea-e3b16009552f,799d2566-97e0-4517-b7ae-fe07648e7e21,bdaa9ffc-6e39-4fc4-8ca1-c89389c1caeb,a97d6bea-8a15-4bc4-867b-2c8a7be31e73;71dd552c-3fe5-4f96-a8b3-6c97251523d8;f4b55c4c-9fd2-4c03-94c8-94c595093805;d1948d56-b30b-4ad9-9f6f-e3338e274465,71dd552c-3fe5-4f96-a8b3-6c97251523d8;35f5806d-29bc-423b-a6d3-35514e20534a,50d27a84-7e3e-4547-bb66-6609d15d1041,d1948d56-b30b-4ad9-9f6f-e3338e274465;63f617e9-b68f-46b1-8f60-1f2995080150,5f2c3d88-0cd2-4a58-a909-17d9110f614f,90d825df-9be7-47e3-a39d-83a33ef35376;c29315d3-7743-480d-ba69-783e11af73bf;pl;95;1000000;;;/film/Droga+do+raju-2008-463908;tt1283481;0;0;0;0;0;910;283;132;35;37;37;0;0;0;0;0;0;0;0;0;0;0;0;0;0;668;162;52;14;19;19;0;0;0;0;0;0;0;0;0;1434
